gene	gene_symbol
ENSG00000228794	LINC01128
ENSG00000188290	HES4
ENSG00000169972	PUSL1
ENSG00000127054	INTS11
ENSG00000107404	DVL1
ENSG00000221978	CCNL2
ENSG00000197530	MIB2
ENSG00000008130	NADK
ENSG00000130762	ARHGEF16
ENSG00000162591	MEGF6
ENSG00000158109	TPRG1L
ENSG00000116213	WRAP73
ENSG00000130764	LRRC47
ENSG00000116237	ICMT
ENSG00000171680	PLEKHG5
ENSG00000204859	ZBTB48
ENSG00000049245	VAMP3
ENSG00000116285	ERRFI1
ENSG00000049239	H6PD
ENSG00000116670	MAD2L2
ENSG00000177674	AGTRAP
ENSG00000120937	NPPB
ENSG00000116685	KIAA2013
ENSG00000116691	MIIP
ENSG00000162496	DHRS3
ENSG00000142627	EPHA2
ENSG00000127481	UBR4
ENSG00000158747	NBL1
ENSG00000162545	CAMK2N1
ENSG00000184677	ZBTB40
ENSG00000261326	LINC01355
ENSG00000057757	PITHD1
ENSG00000011009	LYPLA2
ENSG00000179163	FUCA1
ENSG00000117614	SYF2
ENSG00000142684	ZNF593
ENSG00000158062	UBXN11
ENSG00000176092	CRYBG2
ENSG00000131914	LIN28A
ENSG00000117676	RPS6KA1
ENSG00000158156	XKR8
ENSG00000126698	DNAJC8
ENSG00000130770	ATP5IF1
ENSG00000180098	TRNAU1AP
ENSG00000116353	MECR
ENSG00000162512	SDC3
ENSG00000116863	ADPRS
ENSG00000116871	MAP7D1
ENSG00000181817	LSM10
ENSG00000163879	DNALI1
ENSG00000134697	GNL2
ENSG00000134690	CDCA8
ENSG00000197982	C1orf122
ENSG00000204084	INPP5B
ENSG00000183386	FHL3
ENSG00000183520	UTP11
ENSG00000090621	PABPC4
ENSG00000116990	MYCL
ENSG00000049089	COL9A2
ENSG00000117010	ZNF684
ENSG00000127125	PPCS
ENSG00000117385	P3H1
ENSG00000117394	SLC2A1
ENSG00000117399	CDC20
ENSG00000159479	MED8
ENSG00000117411	B4GALT2
ENSG00000126107	HECTD3
ENSG00000126088	UROD
ENSG00000117481	NSUN4
ENSG00000186377	CYP4X1
ENSG00000123091	RNF11
ENSG00000162377	COA7
ENSG00000116171	SCP2
ENSG00000236253	SLC25A3P1
ENSG00000116212	LRRC42
ENSG00000116209	TMEM59
ENSG00000116133	DHCR24
ENSG00000134709	HOOK1
ENSG00000116717	GADD45A
ENSG00000024526	DEPDC1
ENSG00000066557	LRRC40
ENSG00000137955	RABGGTB
ENSG00000142867	BCL10
ENSG00000142871	CCN1
ENSG00000154511	DIPK1A
ENSG00000117505	DR1
ENSG00000122435	TRMT13
ENSG00000137996	RTCA
ENSG00000233184	DPH5-DT
ENSG00000162636	FAM102B
ENSG00000134186	PRPF38B
ENSG00000197780	TAF13
ENSG00000215717	TMEM167B
ENSG00000031698	SARS1
ENSG00000143126	CELSR2
ENSG00000143093	STRIP1
ENSG00000162775	RBM15
ENSG00000134248	LAMTOR5
ENSG00000064703	DDX20
ENSG00000155363	MOV10
ENSG00000215866	LINC01356
ENSG00000213281	NRAS
ENSG00000155761	SPAG17
ENSG00000116874	WARS2
ENSG00000174827	PDZK1
ENSG00000178104	PDE4DIP
ENSG00000184260	H2AC20
ENSG00000143401	ANP32E
ENSG00000266472	MRPS21
ENSG00000143384	MCL1
ENSG00000143437	ARNT
ENSG00000163159	VPS72
ENSG00000159377	PSMB4
ENSG00000159445	THEM4
ENSG00000188643	S100A16
ENSG00000189171	S100A13
ENSG00000160679	CHTOP
ENSG00000143553	SNAPIN
ENSG00000143554	SLC27A3
ENSG00000177954	RPS27
ENSG00000143515	ATP8B2
ENSG00000160714	UBE2Q1
ENSG00000163344	PMVK
ENSG00000163348	PYGO2
ENSG00000160691	SHC1
ENSG00000160688	FLAD1
ENSG00000160767	ENTREP3
ENSG00000116521	SCAMP3
ENSG00000160753	RUSC1
ENSG00000160803	UBQLN4
ENSG00000183856	IQGAP3
ENSG00000132688	NES
ENSG00000143303	METTL25B
ENSG00000143314	MRPL24
ENSG00000163565	IFI16
ENSG00000162729	IGSF8
ENSG00000162734	PEA15
ENSG00000132716	DCAF8
ENSG00000162736	NCSTN
ENSG00000162738	VANGL2
ENSG00000158769	F11R
ENSG00000158793	NIT1
ENSG00000143157	POGK
ENSG00000213064	SFT2D2
ENSG00000120370	GORAB
ENSG00000010165	METTL13
ENSG00000094975	SUCO
ENSG00000234741	GAS5
ENSG00000185278	ZBTB37
ENSG00000143337	TOR1AIP1
ENSG00000143324	XPR1
ENSG00000162783	IER5
ENSG00000135862	LAMC1
ENSG00000198860	TSEN15
ENSG00000121486	TRMT1L
ENSG00000116679	IVNS1ABP
ENSG00000023572	GLRX2
ENSG00000177888	ZBTB41
ENSG00000163362	INAVA
ENSG00000116857	TMEM9
ENSG00000134375	TIMM17A
ENSG00000143862	ARL8A
ENSG00000077152	UBE2T
ENSG00000159346	ADIPOR1
ENSG00000159388	BTG2
ENSG00000198625	MDM4
ENSG00000163545	NUAK2
ENSG00000133065	SLC41A1
ENSG00000143486	EIF2D
ENSG00000230937	MIR205HG
ENSG00000117597	UTP25
ENSG00000082512	TRAF5
ENSG00000117650	NEK2
ENSG00000117691	NENF
ENSG00000162769	FLVCR1
ENSG00000174606	ANGEL2
ENSG00000117724	CENPF
ENSG00000067533	RRP15
ENSG00000290989	ENSG00000290989
ENSG00000243709	LEFTY1
ENSG00000248322	ENSG00000248322
ENSG00000143768	LEFTY2
ENSG00000182827	ACBD3
ENSG00000185155	MIXL1
ENSG00000154370	TRIM11
ENSG00000168159	RNF187
ENSG00000154429	CCSAP
ENSG00000069248	NUP133
ENSG00000135801	TAF5L
ENSG00000135763	URB2
ENSG00000119280	C1orf198
ENSG00000223393	ENSG00000223393
ENSG00000116906	GNPAT
ENSG00000168264	IRF2BP2
ENSG00000198626	RYR2
ENSG00000091483	FH
ENSG00000179456	ZBTB18
ENSG00000143653	SCCPDH
ENSG00000175137	SH3BP5L
ENSG00000172554	SNTG2
ENSG00000176887	SOX11
ENSG00000172059	KLF11
ENSG00000071575	TRIB2
ENSG00000240857	RDH14
ENSG00000143878	RHOB
ENSG00000119782	FKBP1B
ENSG00000115137	DNAJC27
ENSG00000119772	DNMT3A
ENSG00000157833	GAREM2
ENSG00000084693	AGBL5
ENSG00000138074	SLC5A6
ENSG00000115204	MPV17
ENSG00000234072	GTF3C2-AS2
ENSG00000119760	SUPT7L
ENSG00000243147	MRPL33
ENSG00000119801	YPEL5
ENSG00000162949	CAPN13
ENSG00000013016	EHD3
ENSG00000003509	NDUFAF7
ENSG00000143891	GALM
ENSG00000162878	PKDCC
ENSG00000259439	LINC01833
ENSG00000138083	SIX3
ENSG00000151665	PIGF
ENSG00000179915	NRXN1
ENSG00000231918	ENSG00000231918
ENSG00000115504	EHBP1
ENSG00000204929	LINC02934
ENSG00000143971	ETAA1
ENSG00000196975	ANXA4
ENSG00000059728	MXD1
ENSG00000144048	DUSP11
ENSG00000163170	BOLA3
ENSG00000204843	DCTN1
ENSG00000115353	TACR1
ENSG00000186854	TRABD2A
ENSG00000132313	MRPL35
ENSG00000115561	CHMP3
ENSG00000153574	RPIA
ENSG00000084090	STARD7
ENSG00000135956	TMEM127
ENSG00000144028	SNRNP200
ENSG00000168758	SEMA4C
ENSG00000115073	ACTR1B
ENSG00000115446	UNC50
ENSG00000158411	MITD1
ENSG00000158417	EIF5B
ENSG00000071082	RPL31
ENSG00000163162	RNF149
ENSG00000153201	RANBP2
ENSG00000144061	NPHP1
ENSG00000175701	MTLN
ENSG00000125611	CHCHD5
ENSG00000144134	RABL2A
ENSG00000115084	SLC35F5
ENSG00000125629	INSIG2
ENSG00000226479	TMEM185B
ENSG00000211460	TSN
ENSG00000155052	CNTNAP5
ENSG00000136732	GYPC
ENSG00000186684	CYP27C1
ENSG00000136731	UGGT1
ENSG00000136710	CCDC115
ENSG00000072135	PTPN18
ENSG00000173272	MZT2A
ENSG00000076003	MCM6
ENSG00000168702	LRP1B
ENSG00000162989	KCNJ3
ENSG00000196151	WDSUB1
ENSG00000115339	GALNT3
ENSG00000152256	PDK1
ENSG00000079150	FKBP7
ENSG00000281131	SCHLAP1
ENSG00000170035	UBE2E3
ENSG00000162998	FRZB
ENSG00000204262	COL5A2
ENSG00000115419	GLS
ENSG00000118997	DNAH7
ENSG00000144395	CCDC150
ENSG00000119041	GTF3C3
ENSG00000115541	HSPE1
ENSG00000163535	SGO2
ENSG00000013441	CLK1
ENSG00000196290	NIF3L1
ENSG00000155760	FZD7
ENSG00000138443	ABI2
ENSG00000118257	NRP2
ENSG00000118263	KLF7
ENSG00000163251	FZD5
ENSG00000178568	ERBB4
ENSG00000127837	AAMP
ENSG00000115568	ZNF142
ENSG00000163481	RNF25
ENSG00000163482	STK36
ENSG00000144567	RETREG2
ENSG00000158552	ZFAND2B
ENSG00000163516	ANKZF1
ENSG00000115661	STK16
ENSG00000135924	DNAJB2
ENSG00000123989	CHPF
ENSG00000124006	OBSL1
ENSG00000116120	FARSB
ENSG00000152056	AP1S3
ENSG00000135919	SERPINE2
ENSG00000169047	IRS1
ENSG00000135916	ITM2C
ENSG00000123485	HJURP
ENSG00000144476	ACKR3
ENSG00000065802	ASB1
ENSG00000063660	GPC1
ENSG00000142327	RNPEPL1
ENSG00000142330	CAPN10
ENSG00000115694	STK25
ENSG00000176720	BOK
ENSG00000168397	ATG4B
ENSG00000168393	DTYMK
ENSG00000134109	EDEM1
ENSG00000070950	RAD18
ENSG00000114026	OGG1
ENSG00000171135	JAGN1
ENSG00000134086	VHL
ENSG00000163520	FBLN2
ENSG00000154781	CCDC174
ENSG00000154813	DPH3
ENSG00000129810	SGO1
ENSG00000231304	SGO1-AS1
ENSG00000132967	HMGB1P5
ENSG00000163508	EOMES
ENSG00000163512	AZI2
ENSG00000153551	CMTM7
ENSG00000178567	EPM2AIP1
ENSG00000076242	MLH1
ENSG00000187091	PLCD1
ENSG00000170011	MYRIP
ENSG00000011198	ABHD5
ENSG00000179152	TCAIM
ENSG00000236869	ZKSCAN7-AS1
ENSG00000164050	PLXNB1
ENSG00000164054	SHISA5
ENSG00000213672	NCKIPSD
ENSG00000178057	NDUFAF3
ENSG00000172053	QARS1
ENSG00000114383	TUSC2
ENSG00000114738	MAPKAPK3
ENSG00000114767	RRP9
ENSG00000090097	PCBP4
ENSG00000164087	POC1A
ENSG00000164091	WDR82
ENSG00000163930	BAP1
ENSG00000114854	TNNC1
ENSG00000168268	NT5DC2
ENSG00000016391	CHDH
ENSG00000113812	ACTR8
ENSG00000174840	PDE12
ENSG00000163634	THOC7
ENSG00000163378	EOGT
ENSG00000121440	PDZRN3
ENSG00000286329	ENSG00000286329
ENSG00000163320	CGGBP1
ENSG00000080822	CLDND1
ENSG00000138468	SENP7
ENSG00000244119	PDCL3P4
ENSG00000196776	CD47
ENSG00000121570	DPPA4
ENSG00000144827	ABHD10
ENSG00000176542	USF3
ENSG00000184307	ZDHHC23
ENSG00000121578	B4GALT4
ENSG00000138495	COX17
ENSG00000114023	FAM162A
ENSG00000272758	WDR5B-DT
ENSG00000114554	PLXNA1
ENSG00000163870	TPRA1
ENSG00000163902	RPN1
ENSG00000196455	PIK3R4
ENSG00000144867	SRPRB
ENSG00000138231	DBR1
ENSG00000175093	SPSB4
ENSG00000181804	SLC9A9
ENSG00000188313	PLSCR1
ENSG00000163754	GYG1
ENSG00000114744	COMMD2
ENSG00000198843	SELENOT
ENSG00000181467	RAP2B
ENSG00000163660	CCNL1
ENSG00000206120	EGFEM1P
ENSG00000169760	NLGN1
ENSG00000172667	ZMAT3
ENSG00000114450	GNB4
ENSG00000136518	ACTL6A
ENSG00000058056	USP13
ENSG00000175193	PARL
ENSG00000145191	EIF2B5
ENSG00000161202	DVL3
ENSG00000161203	AP2M1
ENSG00000214160	ALG3
ENSG00000163904	SENP2
ENSG00000156976	EIF4A2
ENSG00000163918	RFC4
ENSG00000225764	P3H2-AS1
ENSG00000072274	TFRC
ENSG00000213123	DYNLT2B
ENSG00000114473	IQCG
ENSG00000169020	ATP5ME
ENSG00000178950	GAK
ENSG00000127419	TMEM175
ENSG00000127418	FGFRL1
ENSG00000159692	CTBP1
ENSG00000196810	CTBP1-DT
ENSG00000090316	MAEA
ENSG00000013810	TACC3
ENSG00000068078	FGFR3
ENSG00000243449	C4orf48
ENSG00000087266	SH3BP2
ENSG00000163956	LRPAP1
ENSG00000184160	ADRA2C
ENSG00000253917	ENSG00000253917
ENSG00000072832	CRMP1
ENSG00000170846	ENSG00000170846
ENSG00000186222	BLOC1S4
ENSG00000071127	WDR1
ENSG00000178163	ZNF518B
ENSG00000249631	ENSG00000249631
ENSG00000163257	DCAF16
ENSG00000109805	NCAPG
ENSG00000109618	SEPSECS
ENSG00000053900	ANAPC4
ENSG00000157765	SLC34A2
ENSG00000154274	C4orf19
ENSG00000169299	PGM2
ENSG00000109814	UGDH
ENSG00000109133	TMEM33
ENSG00000188848	BEND4
ENSG00000169019	COMMD8
ENSG00000145216	FIP1L1
ENSG00000109255	NMU
ENSG00000090989	EXOC1
ENSG00000250075	ENSG00000250075
ENSG00000083896	YTHDC1
ENSG00000132463	GRSF1
ENSG00000156136	DCK
ENSG00000138760	SCARB2
ENSG00000289586	ENSG00000289586
ENSG00000138772	ANXA3
ENSG00000163291	PAQR3
ENSG00000152795	HNRNPDL
ENSG00000173085	COQ2
ENSG00000163624	CDS1
ENSG00000163644	PPM1K
ENSG00000138646	HERC5
ENSG00000253170	ENSG00000253170
ENSG00000109270	LAMTOR3
ENSG00000153064	BANK1
ENSG00000164039	BDH2
ENSG00000188517	COL25A1
ENSG00000174720	LARP7
ENSG00000249532	MIR302CHG
ENSG00000250046	ENSG00000250046
ENSG00000269893	SNHG8
ENSG00000145388	METTL14
ENSG00000164109	MAD2L1
ENSG00000164111	ANXA5
ENSG00000145386	CCNA2
ENSG00000151458	ANKRD50
ENSG00000142731	PLK4
ENSG00000138650	PCDH10
ENSG00000172007	RAB33B
ENSG00000153130	SCOC
ENSG00000109445	ZNF330
ENSG00000171566	PLRG1
ENSG00000121207	LRAT
ENSG00000205208	C4orf46
ENSG00000145414	NAF1
ENSG00000198498	TMA16
ENSG00000196104	SPOCK3
ENSG00000250266	LINC01612
ENSG00000164104	HMGB2
ENSG00000164118	CEP44
ENSG00000164305	CASP3
ENSG00000164306	PRIMPOL
ENSG00000109775	UFSP2
ENSG00000071539	TRIP13
ENSG00000049656	CLPTM1L
ENSG00000153395	LPCAT1
ENSG00000291055	ENSG00000291055
ENSG00000171421	MRPL36
ENSG00000113430	IRX4
ENSG00000250786	SNHG18
ENSG00000183654	MARCHF11
ENSG00000248150	LINC02150
ENSG00000113407	TARS1
ENSG00000113569	NUP155
ENSG00000113594	LIFR
ENSG00000205765	RIMOC1
ENSG00000250722	SELENOP
ENSG00000248092	NNT-AS1
ENSG00000170571	EMB
ENSG00000134352	IL6ST
ENSG00000155542	SETD9
ENSG00000155545	MIER3
ENSG00000145642	SHISAL2B
ENSG00000153006	SREK1IP1
ENSG00000049192	ADAMTS6
ENSG00000123219	CENPK
ENSG00000197860	SGTB
ENSG00000153914	SREK1
ENSG00000134057	CCNB1
ENSG00000131711	MAP1B
ENSG00000164338	UTP15
ENSG00000177034	MTX3
ENSG00000113296	THBS4
ENSG00000164180	TMEM161B
ENSG00000153140	CETN3
ENSG00000113441	LNPEP
ENSG00000113532	ST8SIA4
ENSG00000251026	NIHCOLE
ENSG00000134987	WDR36
ENSG00000164211	STARD4
ENSG00000134986	NREP
ENSG00000153037	SRP19
ENSG00000047188	YTHDC2
ENSG00000080709	KCNN2
ENSG00000152503	TRIM36
ENSG00000145780	FEM1C
ENSG00000151304	SRFBP1
ENSG00000205302	SNX2
ENSG00000168944	CEP120
ENSG00000164902	PHAX
ENSG00000164244	PRRC1
ENSG00000164402	SEPTIN8
ENSG00000164405	UQCRQ
ENSG00000113558	SKP1
ENSG00000152700	SAR1B
ENSG00000113615	SEC24A
ENSG00000164615	CAMLG
ENSG00000152377	SPOCK1
ENSG00000146021	KLHL3
ENSG00000112983	BRD8
ENSG00000112984	KIF20A
ENSG00000185129	PURA
ENSG00000120306	CYSTM1
ENSG00000213523	SRA1
ENSG00000131495	NDUFA2
ENSG00000120314	WDR55
ENSG00000146007	ZMAT2
ENSG00000120318	ARAP3
ENSG00000081791	DELE1
ENSG00000187678	SPRY4
ENSG00000286468	ENSG00000286468
ENSG00000113657	DPYSL3
ENSG00000070814	TCOF1
ENSG00000211445	GPX3
ENSG00000145901	TNIP1
ENSG00000197043	ANXA6
ENSG00000196743	GM2A
ENSG00000113140	SPARC
ENSG00000177556	ATOX1
ENSG00000245275	SAP30L-AS1
ENSG00000170271	FAXDC2
ENSG00000155508	CNOT8
ENSG00000135074	ADAM19
ENSG00000164332	UBLCP1
ENSG00000164609	SLU7
ENSG00000038274	MAT2B
ENSG00000145934	TENM2
ENSG00000120137	PANK3
ENSG00000040275	SPDL1
ENSG00000113742	CPEB4
ENSG00000120149	MSX2
ENSG00000122203	KIAA1191
ENSG00000175416	CLTB
ENSG00000146083	RNF44
ENSG00000048140	TSPAN17
ENSG00000196923	PDLIM7
ENSG00000183258	DDX41
ENSG00000027847	B4GALT7
ENSG00000169045	HNRNPH1
ENSG00000127022	CANX
ENSG00000161021	MAML1
ENSG00000196670	ZFP62
ENSG00000164379	FOXQ1
ENSG00000054598	FOXC1
ENSG00000170542	SERPINB9
ENSG00000124588	NQO2
ENSG00000137267	TUBB2A
ENSG00000137285	TUBB2B
ENSG00000112739	PRPF4B
ENSG00000111845	PAK1IP1
ENSG00000197977	ELOVL2
ENSG00000124523	SIRT5
ENSG00000112183	RBM24
ENSG00000137414	FAM8A1
ENSG00000137364	TPMT
ENSG00000228412	LNC-LBCS
ENSG00000172197	MBOAT1
ENSG00000124766	SOX4
ENSG00000112308	C6orf62
ENSG00000112763	BTN2A1
ENSG00000112812	PRSS16
ENSG00000276368	H2AC14
ENSG00000278677	H2AC17
ENSG00000198315	ZKSCAN8
ENSG00000204681	GABBR1
ENSG00000204623	POLR1HASP
ENSG00000066379	POLR1H
ENSG00000234127	TRIM26
ENSG00000204574	ABCF1
ENSG00000204568	MRPS18B
ENSG00000137343	ATAT1
ENSG00000204580	DDR1
ENSG00000204536	CCHCR1
ENSG00000204469	PRRC2A
ENSG00000204463	BAG6
ENSG00000204394	VARS1
ENSG00000204344	STK19
ENSG00000204310	AGPAT1
ENSG00000204304	PBX2
ENSG00000289047	ENSG00000289047
ENSG00000112473	SLC39A7
ENSG00000204227	RING1
ENSG00000204220	PFDN6
ENSG00000204209	DAXX
ENSG00000137288	UQCC2
ENSG00000161904	LEMD2
ENSG00000065029	ZNF76
ENSG00000007866	TEAD3
ENSG00000096070	BRPF3
ENSG00000137168	PPIL1
ENSG00000112167	SAYSD1
ENSG00000164626	KCNK5
ENSG00000124596	OARD1
ENSG00000137166	FOXP4
ENSG00000112559	MDFI
ENSG00000048544	MRPS10
ENSG00000137161	CNPY3
ENSG00000112658	SRF
ENSG00000112659	CUL9
ENSG00000137221	TJAP1
ENSG00000124688	MAD2L1BP
ENSG00000112715	VEGFA
ENSG00000137216	TMEM63B
ENSG00000157593	SLC35B2
ENSG00000096092	TMEM14A
ENSG00000170899	GSTA4
ENSG00000112144	CILK1
ENSG00000001084	GCLC
ENSG00000112175	BMP5
ENSG00000124749	COL21A1
ENSG00000112210	RAB23
ENSG00000188107	EYS
ENSG00000135298	ADGRB3
ENSG00000079841	RIMS1
ENSG00000271945	ENSG00000271945
ENSG00000198478	SH3BGRL2
ENSG00000118402	ELOVL4
ENSG00000065833	ME1
ENSG00000146281	PM20D2
ENSG00000261366	MANEA-DT
ENSG00000233797	UFL1-AS1
ENSG00000112218	GPR63
ENSG00000271860	ENSG00000271860
ENSG00000132423	COQ3
ENSG00000272398	CD24
ENSG00000130349	MTRES1
ENSG00000178409	BEND3
ENSG00000074935	TUBE1
ENSG00000196591	HDAC2
ENSG00000289376	ENSG00000289376
ENSG00000153975	ZUP1
ENSG00000153989	NUS1
ENSG00000111911	HINT3
ENSG00000286215	ENSG00000286215
ENSG00000112282	MED23
ENSG00000079950	STX7
ENSG00000146409	SLC18B1
ENSG00000197442	MAP3K5
ENSG00000112414	ADGRG6
ENSG00000135521	LTV1
ENSG00000118496	FBXO30
ENSG00000146476	ARMT1
ENSG00000175048	ZDHHC14
ENSG00000291237	SOD2
ENSG00000224371	ENSG00000224371
ENSG00000231863	ENSG00000231863
ENSG00000185127	C6orf120
ENSG00000130024	PHF10
ENSG00000112592	TBP
ENSG00000177706	FAM20C
ENSG00000164880	INTS1
ENSG00000106003	LFNG
ENSG00000106009	BRAT1
ENSG00000106012	IQCE
ENSG00000075618	FSCN1
ENSG00000122512	PMS2
ENSG00000146576	INTS15
ENSG00000106392	C1GALT1
ENSG00000106537	TSPAN13
ENSG00000243004	ENSG00000243004
ENSG00000105877	DNAH11
ENSG00000196683	TOMM7
ENSG00000122591	HYCC1
ENSG00000172115	CYCS
ENSG00000122565	CBX3
ENSG00000122574	WIPF3
ENSG00000281593	ENSG00000281593
ENSG00000006625	GGCT
ENSG00000289089	ENSG00000289089
ENSG00000164542	MATCAP2
ENSG00000011426	ANLN
ENSG00000241127	YAE1
ENSG00000188185	LINC00265
ENSG00000175600	SUGCT
ENSG00000106571	GLI3
ENSG00000136279	DBNL
ENSG00000106628	POLD2
ENSG00000106631	MYL7
ENSG00000136271	DDX56
ENSG00000122515	ZMIZ2
ENSG00000136270	TBRG4
ENSG00000164742	ADCY1
ENSG00000132432	SEC61G
ENSG00000146757	ZNF92
ENSG00000169919	GUSB
ENSG00000106609	TMEM248
ENSG00000130305	NSUN5
ENSG00000106635	BCL7B
ENSG00000009950	MLXIPL
ENSG00000106683	LIMK1
ENSG00000106682	EIF4H
ENSG00000291092	PMS2P3
ENSG00000006606	CCL26
ENSG00000106211	HSPB1
ENSG00000170027	YWHAG
ENSG00000091073	DTX2
ENSG00000135164	DMTF1
ENSG00000157214	STEAP2
ENSG00000127993	RBM48
ENSG00000106244	PDAP1
ENSG00000241468	ATP5MF
ENSG00000166508	MCM7
ENSG00000213420	GPC2
ENSG00000196411	EPHB4
ENSG00000146828	SLC12A9
ENSG00000087087	SRRT
ENSG00000106400	ZNHIT1
ENSG00000161036	LRWD1
ENSG00000005075	POLR2J
ENSG00000105819	PMPCB
ENSG00000161057	PSMC2
ENSG00000105856	HBP1
ENSG00000091140	DLD
ENSG00000128512	DOCK4
ENSG00000196937	FAM3C
ENSG00000081803	CADPS2
ENSG00000128609	NDUFA5
ENSG00000048405	ZNF800
ENSG00000128578	STRIP2
ENSG00000106484	MEST
ENSG00000221866	PLXNA4
ENSG00000205060	SLC35B4
ENSG00000172331	BPGM
ENSG00000059377	TBXAS1
ENSG00000197993	KEL
ENSG00000106144	CASP2
ENSG00000232533	FAM131B-AS2
ENSG00000146904	EPHA1
ENSG00000198420	TCAF1
ENSG00000170265	ZNF282
ENSG00000170260	ZNF212
ENSG00000196453	ZNF777
ENSG00000181220	ZNF746
ENSG00000106538	RARRES2
ENSG00000197150	ABCB8
ENSG00000164889	SLC4A2
ENSG00000164896	FASTK
ENSG00000130675	MNX1
ENSG00000173281	PPP1R3B
ENSG00000253496	ENSG00000253496
ENSG00000003989	SLC7A2
ENSG00000147416	ATP6V1B2
ENSG00000061337	LZTS1
ENSG00000158815	FGF17
ENSG00000158856	DMTN
ENSG00000168476	REEP4
ENSG00000168495	POLR3D
ENSG00000120896	SORBS3
ENSG00000147457	CHMP7
ENSG00000104679	R3HCC1
ENSG00000197217	ENTPD4
ENSG00000159167	STC1
ENSG00000104756	KCTD9
ENSG00000184661	CDCA2
ENSG00000092964	DPYSL2
ENSG00000186918	ZNF395
ENSG00000104290	FZD3
ENSG00000104671	DCTN6
ENSG00000104687	GSR
ENSG00000104691	UBXN8
ENSG00000253133	GPAT4-AS1
ENSG00000158669	GPAT4
ENSG00000185900	POMK
ENSG00000228801	PCMTD1-DT
ENSG00000187735	TCEA1
ENSG00000137547	MRPL15
ENSG00000181690	PLAG1
ENSG00000170791	CHCHD7
ENSG00000104331	BPNT2
ENSG00000215114	UBXN2B
ENSG00000198846	TOX
ENSG00000175073	VCPIP1
ENSG00000245910	SNHG6
ENSG00000147604	RPL7
ENSG00000175606	TMEM70
ENSG00000171033	PKIA
ENSG00000254689	LINC02235
ENSG00000164823	OSGIN2
ENSG00000104320	NBN
ENSG00000104327	CALB1
ENSG00000155100	OTUD6B
ENSG00000164951	PDP1
ENSG00000156467	UQCRB
ENSG00000034677	RNF19A
ENSG00000186106	ANKRD46
ENSG00000164924	YWHAZ
ENSG00000164930	FZD6
ENSG00000120533	ENY2
ENSG00000147679	UTP23
ENSG00000172172	MRPL13
ENSG00000164961	WASHC5
ENSG00000173334	TRIB1
ENSG00000168672	LRATD2
ENSG00000253507	ENSG00000253507
ENSG00000129295	DNAAF11
ENSG00000254101	LINC02055
ENSG00000184489	PTP4A3
ENSG00000250571	GLI4
ENSG00000147813	NAPRT
ENSG00000180921	FAM83H
ENSG00000180900	SCRIB
ENSG00000179950	PUF60
ENSG00000178209	PLEC
ENSG00000185000	DGAT1
ENSG00000185803	SLC52A2
ENSG00000071894	CPSF1
ENSG00000167700	MFSD3
ENSG00000170619	COMMD5
ENSG00000096968	JAK2
ENSG00000137038	DMAC1
ENSG00000147869	CER1
ENSG00000173068	BNC2
ENSG00000147874	HAUS6
ENSG00000188352	FOCAD
ENSG00000165264	NDUFB6
ENSG00000086065	CHMP5
ENSG00000164976	MYORG
ENSG00000147955	SIGMAR1
ENSG00000005238	ATOSB
ENSG00000198467	TPM2
ENSG00000070610	GBA2
ENSG00000281649	EBLN3P
ENSG00000175768	TOMM5
ENSG00000137142	IGFBPL1
ENSG00000135063	ENTREP1
ENSG00000135048	CEMIP2
ENSG00000107372	ZFAND5
ENSG00000203321	CARNMT1-AS1
ENSG00000135069	PSAT1
ENSG00000213694	S1PR3
ENSG00000123975	CKS2
ENSG00000187742	SECISBP2
ENSG00000187764	SEMA4D
ENSG00000127080	IPPK
ENSG00000165233	CARD19
ENSG00000048828	FAM120A
ENSG00000197724	PHF2
ENSG00000148123	PLPPR1
ENSG00000136870	ZNF189
ENSG00000155827	RNF20
ENSG00000136783	NIPSNAP3A
ENSG00000095209	TMEM38B
ENSG00000234323	LINC01505
ENSG00000070061	ELP1
ENSG00000148218	ALAD
ENSG00000148229	POLE3
ENSG00000148219	ASTN2
ENSG00000095261	PSMD5
ENSG00000186130	ZBTB6
ENSG00000185585	OLFML2A
ENSG00000136935	GOLGA1
ENSG00000177125	ZBTB34
ENSG00000167110	GOLGA2
ENSG00000167113	COQ4
ENSG00000107021	TBC1D13
ENSG00000148341	SH3GLB2
ENSG00000136827	TOR1A
ENSG00000126878	AIF1L
ENSG00000130717	UCK1
ENSG00000148248	SURF4
ENSG00000148300	REXO4
ENSG00000160325	CACFD1
ENSG00000196363	WDR5
ENSG00000186350	RXRA
ENSG00000130635	COL5A1
ENSG00000196422	PPP1R26
ENSG00000238227	TMEM250
ENSG00000165661	QSOX2
ENSG00000160360	GPSM1
ENSG00000165684	SNAPC4
ENSG00000172889	EGFL7
ENSG00000148362	PAXX
ENSG00000188229	TUBB4B
ENSG00000165802	NSMF
ENSG00000148399	DPH7
ENSG00000165724	ZMYND19
ENSG00000107937	GTPBP4
ENSG00000067082	KLF6
ENSG00000123240	OPTN
ENSG00000026025	VIM
ENSG00000165996	HACD1
ENSG00000165997	ARL5B
ENSG00000180592	SKIDA1
ENSG00000168283	BMI1
ENSG00000177283	FZD8
ENSG00000196793	ZNF239
ENSG00000204175	GPRIN2
ENSG00000254929	ENSG00000254929
ENSG00000122952	ZWINT
ENSG00000072401	UBE2D1
ENSG00000170312	CDK1
ENSG00000181915	ADO
ENSG00000148572	NRBF2
ENSG00000096746	HNRNPH3
ENSG00000260400	ENSG00000260400
ENSG00000165732	DDX21
ENSG00000156515	HK1
ENSG00000079332	SAR1A
ENSG00000148730	EIF4EBP2
ENSG00000035403	VCL
ENSG00000185009	AP3M1
ENSG00000165644	COMTD1
ENSG00000108179	PPIF
ENSG00000122359	ANXA11
ENSG00000185737	NRG3
ENSG00000198682	PAPSS2
ENSG00000138138	ATAD1
ENSG00000184719	RNLS
ENSG00000107798	LIPA
ENSG00000148677	ANKRD1
ENSG00000152804	HHEX
ENSG00000095596	CYP26A1
ENSG00000148690	FRA10AC1
ENSG00000095637	SORBS1
ENSG00000181274	FRAT2
ENSG00000155229	MMS19
ENSG00000155254	MARVELD1
ENSG00000099194	SCD
ENSG00000055950	MRPL43
ENSG00000198728	LDB1
ENSG00000107872	FBXL15
ENSG00000107874	CUEDC2
ENSG00000173915	ATP5MK
ENSG00000197748	CFAP43
ENSG00000138166	DUSP5
ENSG00000119927	GPAM
ENSG00000023041	ZDHHC6
ENSG00000165813	CCDC186
ENSG00000107518	ATRNL1
ENSG00000165672	PRDX3
ENSG00000151923	TIAL1
ENSG00000198825	INPP5F
ENSG00000120008	WDR11
ENSG00000095574	IKZF5
ENSG00000154473	BUB3
ENSG00000182022	CHST15
ENSG00000165752	STK32C
ENSG00000148814	LRRC27
ENSG00000148824	MTG1
ENSG00000177963	RIC8A
ENSG00000142082	SIRT3
ENSG00000185885	IFITM1
ENSG00000142089	IFITM3
ENSG00000182272	B4GALNT4
ENSG00000174915	PTDSS2
ENSG00000174775	HRAS
ENSG00000099849	RASSF7
ENSG00000177225	GATD1
ENSG00000177700	POLR2L
ENSG00000214063	TSPAN4
ENSG00000078902	TOLLIP
ENSG00000182208	MOB2
ENSG00000005801	ZNF195
ENSG00000110148	CCKBR
ENSG00000170955	CAVIN3
ENSG00000166313	APBB1
ENSG00000179532	DNHD1
ENSG00000149054	ZNF215
ENSG00000166483	WEE1
ENSG00000148926	ADM
ENSG00000110315	RNF141
ENSG00000236287	ZBED5
ENSG00000189431	RASSF10
ENSG00000197601	FAR1
ENSG00000166689	PLEKHA7
ENSG00000129158	SERGEF
ENSG00000134333	LDHA
ENSG00000121690	DEPDC7
ENSG00000110429	FBXO3
ENSG00000135372	NAT10
ENSG00000175104	TRAF6
ENSG00000175274	TP53I11
ENSG00000121680	PEX16
ENSG00000175220	ARHGAP1
ENSG00000165912	PACSIN3
ENSG00000134574	DDB2
ENSG00000134575	ACP2
ENSG00000025434	NR1H3
ENSG00000165916	PSMC3
ENSG00000149115	TNKS1BP1
ENSG00000134809	TIMM10
ENSG00000149131	SERPING1
ENSG00000156599	ZDHHC5
ENSG00000166889	PATL1
ENSG00000110107	PRPF19
ENSG00000006118	TMEM132A
ENSG00000167986	DDB1
ENSG00000149483	TMEM138
ENSG00000187049	TMEM216
ENSG00000149503	INCENP
ENSG00000289194	ENSG00000289194
ENSG00000149480	MTA2
ENSG00000149541	B3GAT3
ENSG00000162222	TTC9C
ENSG00000168002	POLR2G
ENSG00000133316	WDR74
ENSG00000255717	SNHG1
ENSG00000168003	SLC3A2
ENSG00000167771	RCOR2
ENSG00000167770	OTUB1
ENSG00000133315	MACROD1
ENSG00000173511	VEGFB
ENSG00000173264	GPR137
ENSG00000168067	MAP4K2
ENSG00000133895	MEN1
ENSG00000245532	NEAT1
ENSG00000251562	MALAT1
ENSG00000173327	MAP3K11
ENSG00000197136	PCNX3
ENSG00000174684	B4GAT1
ENSG00000174165	ZDHHC24
ENSG00000174080	CTSF
ENSG00000173992	CCS
ENSG00000173653	RCE1
ENSG00000173020	GRK2
ENSG00000172830	SSH3
ENSG00000110697	PITPNM1
ENSG00000069482	GAL
ENSG00000132749	TESMIN
ENSG00000197345	MRPL21
ENSG00000132740	IGHMBP2
ENSG00000149716	LTO1
ENSG00000172893	DHCR7
ENSG00000165458	INPPL1
ENSG00000186635	ARAP1
ENSG00000110237	ARHGEF17
ENSG00000175567	UCP2
ENSG00000062282	DGAT2
ENSG00000179240	GVQW3
ENSG00000171204	TMEM126B
ENSG00000149201	CCDC81
ENSG00000261645	DISC1FP1
ENSG00000168876	ANKRD49
ENSG00000150316	CWC15
ENSG00000263465	SRSF8
ENSG00000077458	FAM76B
ENSG00000149231	CCDC82
ENSG00000110330	BIRC2
ENSG00000170903	MSANTD4
ENSG00000137713	PPP2R1B
ENSG00000150779	TIMM8B
ENSG00000109917	ZPR1
ENSG00000118137	APOA1
ENSG00000168092	PAFAH1B2
ENSG00000149591	TAGLN
ENSG00000196655	TRAPPC4
ENSG00000149428	HYOU1
ENSG00000172269	DPAGT1
ENSG00000110400	NECTIN1
ENSG00000149571	KIRREL3
ENSG00000134954	ETS1
ENSG00000149418	ST14
ENSG00000151502	VPS26B
ENSG00000151498	ACAD8
ENSG00000109956	B3GAT1
ENSG00000011105	TSPAN9
ENSG00000010292	NCAPD2
ENSG00000111653	ING4
ENSG00000111652	COPS7A
ENSG00000159335	PTMS
ENSG00000111665	CDCA3
ENSG00000111674	ENO2
ENSG00000111676	ATN1
ENSG00000111679	PTPN6
ENSG00000065970	FOXJ2
ENSG00000256661	A2ML1-AS1
ENSG00000284634	ENSG00000284634
ENSG00000111196	MAGOHB
ENSG00000111276	CDKN1B
ENSG00000246705	H2AJ
ENSG00000111711	GOLT1B
ENSG00000060982	BCAT1
ENSG00000133704	IPO8
ENSG00000110888	CAPRIN2
ENSG00000013573	DDX11
ENSG00000139117	CPNE8
ENSG00000129317	PUS7L
ENSG00000134294	SLC38A2
ENSG00000061273	HDAC7
ENSG00000134291	TMEM106C
ENSG00000152556	PFKM
ENSG00000139620	KANSL2
ENSG00000129315	CCNT1
ENSG00000167548	KMT2D
ENSG00000167553	TUBA1C
ENSG00000187778	MCRS1
ENSG00000161800	RACGAP1
ENSG00000167779	IGFBP6
ENSG00000135476	ESPL1
ENSG00000094914	AAAS
ENSG00000185591	SP1
ENSG00000012822	CALCOCO1
ENSG00000123415	SMUG1
ENSG00000135441	BLOC1S1
ENSG00000123353	ORMDL2
ENSG00000229117	RPL41
ENSG00000181852	RNF41
ENSG00000139579	NABP2
ENSG00000139645	ANKRD52
ENSG00000062485	CS
ENSG00000110944	IL23A
ENSG00000170581	STAT2
ENSG00000110955	ATP5F1B
ENSG00000166881	NEMP1
ENSG00000166888	STAT6
ENSG00000182199	SHMT2
ENSG00000166986	MARS1
ENSG00000166908	PIP4K2C
ENSG00000135446	CDK4
ENSG00000286279	ENSG00000286279
ENSG00000174206	KICS2
ENSG00000127334	DYRK2
ENSG00000111554	MDM1
ENSG00000080371	RAB21
ENSG00000121749	TBC1D15
ENSG00000253719	ATXN7L3B
ENSG00000139289	PHLDA1
ENSG00000111052	LIN7A
ENSG00000133641	C12orf29
ENSG00000139324	TMTC3
ENSG00000286608	ENSG00000286608
ENSG00000139323	POC1B
ENSG00000198015	MRPL42
ENSG00000173588	CEP83
ENSG00000057704	TMCC3
ENSG00000111142	METAP2
ENSG00000111145	ELK3
ENSG00000136021	SCYL2
ENSG00000120860	WASHC3
ENSG00000074590	NUAK1
ENSG00000151135	TMEM263
ENSG00000008405	CRY1
ENSG00000110906	KCTD10
ENSG00000139428	MMAB
ENSG00000111199	TRPV4
ENSG00000139433	GLTP
ENSG00000174456	C12orf76
ENSG00000185847	LINC01405
ENSG00000111275	ALDH2
ENSG00000198270	TMEM116
ENSG00000123064	DDX54
ENSG00000151176	PLBD2
ENSG00000111412	SPRING1
ENSG00000167272	POP5
ENSG00000139718	SETD1B
ENSG00000139726	DENR
ENSG00000183955	KMT5A
ENSG00000196498	NCOR2
ENSG00000139364	TMEM132B
ENSG00000139370	SLC15A4
ENSG00000177192	PUS1
ENSG00000291171	ENSG00000291171
ENSG00000184967	NOC4L
ENSG00000112787	FBRSL1
ENSG00000247077	PGAM5
ENSG00000072609	CHFR
ENSG00000275964	ENSG00000275964
ENSG00000151835	SACS
ENSG00000151849	CENPJ
ENSG00000139496	NUP58
ENSG00000180730	SHISA2
ENSG00000127870	RNF6
ENSG00000122026	RPL21
ENSG00000102755	FLT1
ENSG00000132963	POMP
ENSG00000132952	USPL1
ENSG00000133083	DCLK1
ENSG00000120685	PROSER1
ENSG00000120675	DNAJC15
ENSG00000136152	COG3
ENSG00000139684	ESD
ENSG00000136159	NUDT15
ENSG00000123178	SPRYD7
ENSG00000150510	FAM124A
ENSG00000136108	CKAP2
ENSG00000102554	KLF5
ENSG00000102471	NDFIP2
ENSG00000065150	IPO5
ENSG00000125246	CLYBL
ENSG00000139800	ZIC5
ENSG00000043355	ZIC2
ENSG00000134901	POGLUT2
ENSG00000275216	ENSG00000275216
ENSG00000213995	NAXD
ENSG00000198176	TFDP1
ENSG00000198824	CHAMP1
ENSG00000129484	PARP2
ENSG00000165782	PIP4P1
ENSG00000165795	NDRG2
ENSG00000258441	LINC00641
ENSG00000129472	RAB2B
ENSG00000165819	METTL3
ENSG00000100439	ABHD4
ENSG00000172590	MRPL52
ENSG00000157227	MMP14
ENSG00000100813	ACIN1
ENSG00000258643	BCL2L2-PABPN1
ENSG00000092096	SLC22A17
ENSG00000092010	PSME1
ENSG00000100908	EMC9
ENSG00000254692	ENSG00000254692
ENSG00000129559	NEDD8
ENSG00000092330	TINF2
ENSG00000092140	G2E3
ENSG00000100852	ARHGAP5
ENSG00000165410	CFL2
ENSG00000259129	LINC00648
ENSG00000289195	ENSG00000289195
ENSG00000287492	ENSG00000287492
ENSG00000213741	RPS29
ENSG00000165527	ARF6
ENSG00000100483	VCPKMT
ENSG00000125375	DMAC2L
ENSG00000151748	SAV1
ENSG00000197930	ERO1A
ENSG00000100519	PSMC6
ENSG00000100528	CNIH1
ENSG00000180008	SOCS4
ENSG00000126787	DLGAP5
ENSG00000165588	OTX2
ENSG00000070367	EXOC5
ENSG00000053770	AP5M1
ENSG00000139977	NAA30
ENSG00000100614	PPM1A
ENSG00000258289	CHURC1
ENSG00000072415	PALS1
ENSG00000072121	ZFYVE26
ENSG00000100647	SUSD6
ENSG00000100650	SRSF5
ENSG00000257759	ENSG00000257759
ENSG00000133985	TTC9
ENSG00000119599	DCAF4
ENSG00000176903	PNMA1
ENSG00000119640	ACYP1
ENSG00000013523	ANGEL1
ENSG00000119669	IRF2BPL
ENSG00000100580	TMED8
ENSG00000100591	AHSA1
ENSG00000119705	SLIRP
ENSG00000258859	LINC02296
ENSG00000054983	GALC
ENSG00000100764	PSMC1
ENSG00000165929	TC2N
ENSG00000183648	NDUFB1
ENSG00000165943	MOAP1
ENSG00000133937	GSC
ENSG00000066739	ATG2B
ENSG00000100744	GSKIP
ENSG00000258982	ENSG00000258982
ENSG00000197119	SLC25A29
ENSG00000258498	DIO3OS
ENSG00000156381	ANKRD9
ENSG00000156411	ATP5MJ
ENSG00000066735	KIF26A
ENSG00000203485	INF2
ENSG00000099814	CEP170B
ENSG00000170779	CDCA4
ENSG00000259905	PWRN1
ENSG00000169918	OTUD7A
ENSG00000175265	GOLGA8A
ENSG00000171262	FAM98B
ENSG00000172575	RASGRP1
ENSG00000156970	BUB1B
ENSG00000137812	KNL1
ENSG00000166145	SPINT1
ENSG00000187446	CHP1
ENSG00000137806	NDUFAF1
ENSG00000128881	TTBK2
ENSG00000092470	WDR76
ENSG00000171877	FRMD5
ENSG00000104131	EIF3J
ENSG00000140263	SORD
ENSG00000171766	GATM
ENSG00000137872	SEMA6D
ENSG00000128951	DUT
ENSG00000103995	CEP152
ENSG00000104093	DMXL2
ENSG00000128989	ARPP19
ENSG00000137766	UNC13C
ENSG00000151575	TEX9
ENSG00000255529	POLR2M
ENSG00000137776	SLTM
ENSG00000185088	RPS27L
ENSG00000166128	RAB8B
ENSG00000035664	DAPK2
ENSG00000166797	CIAO2A
ENSG00000259316	ENSG00000259316
ENSG00000166831	RBPMS2
ENSG00000138614	INTS14
ENSG00000174485	DENND4A
ENSG00000166949	SMAD3
ENSG00000169018	FEM1B
ENSG00000140350	ANP32A
ENSG00000140332	TLE3
ENSG00000166173	LARP6
ENSG00000137817	PARP6
ENSG00000159322	ADPGK
ENSG00000138629	UBL7
ENSG00000179335	CLK3
ENSG00000103653	CSK
ENSG00000140391	TSPAN3
ENSG00000166411	IDH3A
ENSG00000140395	SKIC8
ENSG00000166426	CRABP1
ENSG00000259495	ARNT2-DT
ENSG00000290948	ENSG00000290948
ENSG00000182774	RPS17
ENSG00000103942	HOMER2
ENSG00000197696	NMB
ENSG00000136383	ALPK3
ENSG00000181026	AEN
ENSG00000140545	MFGE8
ENSG00000140564	FURIN
ENSG00000166965	RCCD1
ENSG00000140557	ST8SIA2
ENSG00000168904	LRRC28
ENSG00000131871	SELENOS
ENSG00000007541	PIGQ
ENSG00000130731	METTL26
ENSG00000140983	RHOT2
ENSG00000127586	CHTF18
ENSG00000103227	LMF1
ENSG00000196557	CACNA1H
ENSG00000100726	TELO2
ENSG00000206053	JPT2
ENSG00000103024	NME3
ENSG00000198736	MSRB1
ENSG00000255198	SNHG9
ENSG00000103197	TSC2
ENSG00000260260	SNHG19
ENSG00000167965	MLST8
ENSG00000167967	E4F1
ENSG00000167977	KCTD5
ENSG00000184697	CLDN6
ENSG00000103145	HCFC1R1
ENSG00000130182	ZSCAN10
ENSG00000162086	ZNF75A
ENSG00000090447	TFAP4
ENSG00000153406	NMRAL1
ENSG00000089486	CDIP1
ENSG00000102858	MGRN1
ENSG00000078328	RBFOX1
ENSG00000166676	TVP23A
ENSG00000189067	LITAF
ENSG00000166783	MARF1
ENSG00000133393	CEP20
ENSG00000103540	CCP110
ENSG00000178188	SH2B1
ENSG00000103485	QPRT
ENSG00000079616	KIF22
ENSG00000103502	CDIPT
ENSG00000174938	SEZ6L2
ENSG00000169592	INO80E
ENSG00000090238	YPEL3
ENSG00000169217	CD2BP2
ENSG00000180035	ZNF48
ENSG00000179965	ZNF771
ENSG00000156860	FBRS
ENSG00000156873	PHKG2
ENSG00000103549	RNF40
ENSG00000102870	ZNF629
ENSG00000099364	FBXL19
ENSG00000099381	SETD1A
ENSG00000103510	KAT8
ENSG00000166123	GPT2
ENSG00000103449	SALL1
ENSG00000224578	HNRNPA1L3
ENSG00000245694	CRNDE
ENSG00000167005	NUDT21
ENSG00000051108	HERPUD1
ENSG00000005194	CIAPIN1
ENSG00000088682	COQ9
ENSG00000102996	MMP15
ENSG00000103034	NDRG4
ENSG00000172840	PDP2
ENSG00000205250	E2F4
ENSG00000135723	FHOD1
ENSG00000159720	ATP6V0D1
ENSG00000102977	ACD
ENSG00000189091	SF3B3
ENSG00000180917	CMTR2
ENSG00000140832	MARVELD3
ENSG00000182149	IST1
ENSG00000166848	TERF2IP
ENSG00000186153	WWOX
ENSG00000166451	CENPN
ENSG00000103160	HSDL1
ENSG00000131143	COX4I1
ENSG00000103257	SLC7A5
ENSG00000167508	MVD
ENSG00000167513	CDT1
ENSG00000131165	CHMP1A
ENSG00000185324	CDK10
ENSG00000003249	DBNDD1
ENSG00000179409	GEMIN4
ENSG00000132361	CLUH
ENSG00000141456	PELP1
ENSG00000141480	ARRB2
ENSG00000161920	MED11
ENSG00000108528	SLC25A11
ENSG00000108523	RNF167
ENSG00000167842	MIS12
ENSG00000132535	DLG4
ENSG00000072778	ACADVL
ENSG00000006047	YBX2
ENSG00000169992	NLGN2
ENSG00000174282	ZBTB4
ENSG00000181222	POLR2A
ENSG00000141510	TP53
ENSG00000141499	WRAP53
ENSG00000132510	KDM6B
ENSG00000183011	NAA38
ENSG00000170004	CHD3
ENSG00000170043	TRAPPC1
ENSG00000170037	CNTROB
ENSG00000178999	AURKB
ENSG00000178921	PFAS
ENSG00000166579	NDEL1
ENSG00000006744	ELAC2
ENSG00000125430	HS3ST3B1
ENSG00000109099	PMP22
ENSG00000170315	UBB
ENSG00000171953	ATPAF2
ENSG00000177731	FLII
ENSG00000176994	SMCR8
ENSG00000141127	PRPSAP2
ENSG00000108641	B9D1
ENSG00000178307	TMEM11
ENSG00000034152	MAP2K3
ENSG00000109046	WSB1
ENSG00000004142	POLDIP2
ENSG00000167525	PROCA1
ENSG00000132591	ERAL1
ENSG00000132589	FLOT2
ENSG00000109118	PHF12
ENSG00000131242	RAB11FIP4
ENSG00000108666	C17orf75
ENSG00000108691	CCL2
ENSG00000270647	TAF15
ENSG00000277972	CISD3
ENSG00000172057	ORMDL3
ENSG00000008838	MED24
ENSG00000188895	MSL1
ENSG00000108349	CASC3
ENSG00000131747	TOP2A
ENSG00000186395	KRT10
ENSG00000167920	KRT10-AS1
ENSG00000068120	COASY
ENSG00000131470	PSMC3IP
ENSG00000131462	TUBG1
ENSG00000131475	VPS25
ENSG00000131467	PSME3
ENSG00000108828	VAT1
ENSG00000108830	RND2
ENSG00000188554	NBR1
ENSG00000175906	ARL4D
ENSG00000067596	DHX8
ENSG00000108861	DUSP3
ENSG00000141349	G6PC3
ENSG00000087152	ATXN7L3
ENSG00000030582	GRN
ENSG00000161682	FAM171A2
ENSG00000186185	KIF18B
ENSG00000198336	MYL4
ENSG00000159111	MRPL10
ENSG00000141295	SCRN2
ENSG00000082641	NFE2L1
ENSG00000154945	ANKRD40
ENSG00000108848	LUC7L3
ENSG00000141232	TOB1
ENSG00000011260	UTP18
ENSG00000121060	TRIM25
ENSG00000121064	SCPEP1
ENSG00000121057	AKAP1
ENSG00000181610	MRPS23
ENSG00000136451	VEZF1
ENSG00000264364	DYNLL2
ENSG00000011143	MKS1
ENSG00000068489	PRR11
ENSG00000108406	DHX40
ENSG00000008283	CYB561
ENSG00000108592	FTSJ3
ENSG00000266402	SNHG25
ENSG00000108654	DDX5
ENSG00000108370	RGS9
ENSG00000186665	C17orf58
ENSG00000182481	KPNA2
ENSG00000141337	ARSG
ENSG00000108946	PRKAR1A
ENSG00000172809	RPL38
ENSG00000170412	GPRC5C
ENSG00000109062	SLC9A3R1
ENSG00000109089	CDR2L
ENSG00000170190	SLC16A5
ENSG00000125449	ARMC7
ENSG00000125447	GGA3
ENSG00000125445	MRPS7
ENSG00000177728	TMEM94
ENSG00000108469	RECQL5
ENSG00000108479	GALK1
ENSG00000132471	WBP2
ENSG00000185262	UBALD2
ENSG00000161542	PRPSAP1
ENSG00000163597	SNHG16
ENSG00000070495	JMJD6
ENSG00000092931	MFSD11
ENSG00000141524	TMC6
ENSG00000108639	SYNGR2
ENSG00000167900	TK1
ENSG00000184557	SOCS3
ENSG00000171302	CANT1
ENSG00000173894	CBX2
ENSG00000141543	EIF4A3
ENSG00000263069	RNF213-AS1
ENSG00000141577	CEP131
ENSG00000214087	ARL16
ENSG00000225663	MCRIP1
ENSG00000263731	ENSG00000263731
ENSG00000185813	PCYT2
ENSG00000169696	ASPSCR1
ENSG00000169689	CENPX
ENSG00000169738	DCXR
ENSG00000169733	RFNG
ENSG00000169718	DUS1L
ENSG00000169710	FASN
ENSG00000178927	CYBC1
ENSG00000141562	NARF
ENSG00000101574	METTL4
ENSG00000118680	MYL12B
ENSG00000266268	ENSG00000266268
ENSG00000176014	TUBB6
ENSG00000266010	GATA6-AS1
ENSG00000154059	IMPACT
ENSG00000118276	B4GALT6
ENSG00000166974	MAPRE2
ENSG00000141428	C18orf21
ENSG00000141644	MBD1
ENSG00000154832	CXXC1
ENSG00000154839	SKA1
ENSG00000134046	MBD2
ENSG00000166845	C18orf54
ENSG00000066926	FECH
ENSG00000134440	NARS1
ENSG00000166562	SEC11C
ENSG00000171451	DSEL
ENSG00000166479	TMX3
ENSG00000133313	CNDP2
ENSG00000122490	SLC66A2
ENSG00000129946	SHC2
ENSG00000141933	TPGS1
ENSG00000172270	BSG
ENSG00000011304	PTBP1
ENSG00000129951	PLPPR3
ENSG00000182087	TMEM259
ENSG00000064666	CNN2
ENSG00000180448	ARHGAP45
ENSG00000064932	SBNO2
ENSG00000118046	STK11
ENSG00000099617	EFNA2
ENSG00000115286	NDUFS7
ENSG00000115255	REEP6
ENSG00000181588	MEX3D
ENSG00000071655	MBD3
ENSG00000127540	UQCR11
ENSG00000071564	TCF3
ENSG00000227500	SCAMP4
ENSG00000172081	MOB3A
ENSG00000104897	SF3A2
ENSG00000005206	SPPL2B
ENSG00000176619	LMNB2
ENSG00000172009	THOP1
ENSG00000104964	TLE5
ENSG00000125912	NCLN
ENSG00000141905	NFIC
ENSG00000105325	FZR1
ENSG00000105278	ZFR2
ENSG00000008382	MPND
ENSG00000141985	SH3GL1
ENSG00000167671	UBXN6
ENSG00000105426	PTPRS
ENSG00000130255	RPL36
ENSG00000130382	MLLT1
ENSG00000125648	SLC25A23
ENSG00000130544	ZNF557
ENSG00000198816	ZNF358
ENSG00000229833	PET100
ENSG00000183248	PRR36
ENSG00000076984	MAP2K7
ENSG00000178531	CTXN1
ENSG00000104980	TIMM44
ENSG00000090661	CERS4
ENSG00000167775	CD320
ENSG00000233927	RPS28
ENSG00000185236	RAB11B
ENSG00000174652	ZNF266
ENSG00000171469	ZNF561
ENSG00000267106	ZNF561-AS1
ENSG00000127452	FBXL12
ENSG00000198258	UBL5
ENSG00000130811	EIF3G
ENSG00000105401	CDC37
ENSG00000129353	SLC44A2
ENSG00000130175	PRKCSH
ENSG00000130176	CNN1
ENSG00000196646	ZNF136
ENSG00000123144	TRIR
ENSG00000160877	NACC1
ENSG00000160888	IER2
ENSG00000132017	DCAF15
ENSG00000132005	RFX1
ENSG00000123143	PKN1
ENSG00000132002	DNAJB1
ENSG00000160961	ZNF333
ENSG00000074181	NOTCH3
ENSG00000011451	WIZ
ENSG00000131351	HAUS8
ENSG00000160113	NR2F6
ENSG00000141971	MVB12A
ENSG00000130309	COLGALT1
ENSG00000105640	RPL18A
ENSG00000105655	ISYNA1
ENSG00000105701	FKBP8
ENSG00000006015	REX1BD
ENSG00000005007	UPF1
ENSG00000064607	SUGP2
ENSG00000105676	ARMC6
ENSG00000064545	TMEM161A
ENSG00000064490	RFXANK
ENSG00000064547	LPAR2
ENSG00000197124	ZNF682
ENSG00000213988	ZNF90
ENSG00000291130	ENSG00000291130
ENSG00000105750	ZNF85
ENSG00000105185	PDCD5
ENSG00000105186	ANKRD27
ENSG00000249115	HAUS5
ENSG00000126254	RBM42
ENSG00000126267	COX6B1
ENSG00000167604	NFKBID
ENSG00000126247	CAPNS1
ENSG00000167645	YIF1B
ENSG00000104823	ECH1
ENSG00000130669	PAK4
ENSG00000006712	PAF1
ENSG00000090924	PLEKHG2
ENSG00000196235	SUPT5H
ENSG00000105197	TIMM50
ENSG00000176396	EID2
ENSG00000105204	DYRK1B
ENSG00000105202	FBL
ENSG00000105221	AKT2
ENSG00000105223	PLD3
ENSG00000090013	BLVRB
ENSG00000188493	C19orf54
ENSG00000105329	TGFB1
ENSG00000076928	ARHGEF1
ENSG00000079432	CIC
ENSG00000073050	XRCC1
ENSG00000187244	BCAM
ENSG00000104853	CLPTM1
ENSG00000007255	TRAPPC6A
ENSG00000177051	FBXO46
ENSG00000124440	HIF3A
ENSG00000090372	STRN4
ENSG00000181027	FKRP
ENSG00000130748	TMEM160
ENSG00000105321	CCDC9
ENSG00000105373	NOP53
ENSG00000105483	CARD8
ENSG00000105447	GRWD1
ENSG00000105443	CYTH2
ENSG00000105552	BCAT2
ENSG00000087074	PPP1R15A
ENSG00000130529	TRPM4
ENSG00000074219	TEAD2
ENSG00000126464	PRR12
ENSG00000126461	SCAF1
ENSG00000126456	IRF3
ENSG00000104973	MED25
ENSG00000104960	PTOV1
ENSG00000039650	PNKP
ENSG00000104946	TBC1D17
ENSG00000131398	KCNC3
ENSG00000131408	NR1H2
ENSG00000161677	JOSD2
ENSG00000235034	C19orf81
ENSG00000105472	CLEC11A
ENSG00000167747	C19orf48
ENSG00000142549	IGLON5
ENSG00000142556	ZNF614
ENSG00000256087	ZNF432
ENSG00000105568	PPP2R1A
ENSG00000258405	ZNF578
ENSG00000288953	ENSG00000288953
ENSG00000182986	ZNF320
ENSG00000213793	ZNF888
ENSG00000170949	ZNF160
ENSG00000197937	ZNF347
ENSG00000179820	MYADM
ENSG00000170906	NDUFA3
ENSG00000125505	MBOAT7
ENSG00000167615	LENG8
ENSG00000105048	TNNT1
ENSG00000133265	HSPBP1
ENSG00000133247	KMT5C
ENSG00000063241	ISOC2
ENSG00000218891	ZNF579
ENSG00000063244	U2AF2
ENSG00000063245	EPN1
ENSG00000167685	ZNF444
ENSG00000204524	ZNF805
ENSG00000288899	ENSG00000288899
ENSG00000268205	ENSG00000268205
ENSG00000213762	ZNF134
ENSG00000196724	ZNF418
ENSG00000283103	ENSG00000283103
ENSG00000130726	TRIM28
ENSG00000247315	ZCCHC3
ENSG00000125898	FAM110A
ENSG00000125834	STK35
ENSG00000101361	NOP56
ENSG00000101365	IDH3B
ENSG00000215305	VPS16
ENSG00000198171	DDRGK1
ENSG00000101220	C20orf27
ENSG00000125817	CENPB
ENSG00000088888	MAVS
ENSG00000088826	SMOX
ENSG00000132646	PCNA
ENSG00000089195	TRMT6
ENSG00000101311	FERMT1
ENSG00000125845	BMP2
ENSG00000101310	SEC23B
ENSG00000259974	LINC00261
ENSG00000125812	GZF1
ENSG00000125814	NAPB
ENSG00000088325	TPX2
ENSG00000126003	PLAGL2
ENSG00000197183	NOL4L
ENSG00000088305	DNMT3B
ENSG00000260257	ENSG00000260257
ENSG00000101421	CHMP4B
ENSG00000125977	EIF2S2
ENSG00000125971	DYNLRB1
ENSG00000242372	EIF6
ENSG00000125995	ROMO1
ENSG00000260032	NORAD
ENSG00000149639	SOGA1
ENSG00000132792	CTNNBL1
ENSG00000196756	SNHG17
ENSG00000124181	PLCG1
ENSG00000101104	PABPC1L
ENSG00000124145	SDC4
ENSG00000124155	PIGT
ENSG00000175063	UBE2C
ENSG00000064601	CTSA
ENSG00000100979	PLTP
ENSG00000100982	PCIF1
ENSG00000198026	ZNF335
ENSG00000080189	SLC35C2
ENSG00000158296	SLC13A3
ENSG00000172315	TP53RK
ENSG00000124212	PTGIS
ENSG00000172216	CEBPB
ENSG00000026559	KCNG1
ENSG00000101146	RAE1
ENSG00000132819	RBM38
ENSG00000124164	VAPB
ENSG00000124172	ATP5F1E
ENSG00000101166	PRELID3B
ENSG00000130702	LAMA5
ENSG00000171858	RPS21
ENSG00000149679	CABLES2
ENSG00000101189	MRGBP
ENSG00000060491	OGFR
ENSG00000092758	COL9A3
ENSG00000101193	GID8
ENSG00000101199	ARFGAP1
ENSG00000075043	KCNQ2
ENSG00000101216	GMEB2
ENSG00000101246	ARFRP1
ENSG00000125520	SLC2A4RG
ENSG00000101152	DNAJC5
ENSG00000198276	UCKL1
ENSG00000203880	PCMTD2
ENSG00000278996	ENSG00000278996
ENSG00000280441	ENSG00000280441
ENSG00000155304	HSPA13
ENSG00000180530	NRIP1
ENSG00000154719	MRPL39
ENSG00000154734	ADAMTS1
ENSG00000171587	DSCAM
ENSG00000173276	ZBTB21
ENSG00000233056	ERVH48-1
ENSG00000160213	CSTB
ENSG00000141959	PFKL
ENSG00000184900	SUMO3
ENSG00000142156	COL6A1
ENSG00000160310	PRMT2
ENSG00000131100	ATP6V1E1
ENSG00000100075	SLC25A1
ENSG00000184058	TBX1
ENSG00000185838	GNB1L
ENSG00000128185	DGCR6L
ENSG00000185252	ZNF74
ENSG00000184436	THAP7
ENSG00000128228	SDF2L1
ENSG00000100034	PPM1F
ENSG00000286129	ENSG00000286129
ENSG00000250479	CHCHD10
ENSG00000290199	ENSG00000290199
ENSG00000138867	GUCD1
ENSG00000169184	MN1
ENSG00000182944	EWSR1
ENSG00000185340	GAS2L1
ENSG00000186575	NF2
ENSG00000184076	UQCR10
ENSG00000100325	ASCC2
ENSG00000099995	SF3A1
ENSG00000100029	PES1
ENSG00000138942	RNF185
ENSG00000100225	FBXO7
ENSG00000185666	SYN3
ENSG00000286592	LINC02885
ENSG00000100297	MCM5
ENSG00000100345	MYH9
ENSG00000100350	FOXRED2
ENSG00000100353	EIF3D
ENSG00000100360	IFT27
ENSG00000128283	CDC42EP1
ENSG00000100083	GGA1
ENSG00000100097	LGALS1
ENSG00000100124	ANKRD54
ENSG00000100139	MICALL1
ENSG00000213923	CSNK1E
ENSG00000100226	GTPBP1
ENSG00000183741	CBX6
ENSG00000128394	APOBEC3F
ENSG00000128272	ATF4
ENSG00000133477	FAM83F
ENSG00000100401	RANGAP1
ENSG00000196419	XRCC6
ENSG00000184983	NDUFA6
ENSG00000100294	MCAT
ENSG00000100304	TTLL12
ENSG00000188677	PARVB
ENSG00000100364	KIAA0930
ENSG00000077942	FBLN1
ENSG00000100426	ZBED4
ENSG00000198355	PIM3
ENSG00000170638	TRABD
ENSG00000188130	MAPK12
ENSG00000196576	PLXNB2
ENSG00000100258	LMF2
ENSG00000025770	NCAPH2
ENSG00000178605	GTPBP6
ENSG00000169093	ASMTL
ENSG00000047644	WWC3
ENSG00000101911	PRPS2
ENSG00000169249	ZRSR2
ENSG00000238178	ENSG00000238178
ENSG00000131828	PDHA1
ENSG00000130066	SAT1
ENSG00000130741	EIF2S3
ENSG00000169306	IL1RAPL1
ENSG00000250349	ENSG00000250349
ENSG00000165175	MID1IP1
ENSG00000182220	ATP6AP2
ENSG00000069509	FUNDC1
ENSG00000147121	KRBOX4
ENSG00000251192	ZNF674
ENSG00000130985	UBA1
ENSG00000102226	USP11
ENSG00000126767	ELK1
ENSG00000126756	UXT
ENSG00000197779	ZNF81
ENSG00000068438	FTSJ1
ENSG00000068354	TBC1D25
ENSG00000102317	RBM3
ENSG00000101940	WDR13
ENSG00000102100	SLC35A2
ENSG00000068400	GRIPAP1
ENSG00000274588	DGKK
ENSG00000196368	NUDT11
ENSG00000184205	TSPYL2
ENSG00000158526	TSR2
ENSG00000130119	GNL3L
ENSG00000067445	TRO
ENSG00000169188	APEX2
ENSG00000102349	KLF8
ENSG00000181191	PJA1
ENSG00000120509	PDZD11
ENSG00000147164	SNX12
ENSG00000184634	MED12
ENSG00000147130	ZMYM3
ENSG00000147140	NONO
ENSG00000147162	OGT
ENSG00000102309	PIN4
ENSG00000131263	RLIM
ENSG00000131174	COX7B
ENSG00000187325	TAF9B
ENSG00000078596	ITM2A
ENSG00000155008	APOOL
ENSG00000147180	ZNF711
ENSG00000102271	KLHL4
ENSG00000166432	ZMAT1
ENSG00000158164	TMSB15A
ENSG00000133169	BEX1
ENSG00000185222	TCEAL9
ENSG00000281091	ENSG00000281091
ENSG00000133142	TCEAL4
ENSG00000147224	PRPS1
ENSG00000101843	PSMD10
ENSG00000101901	ALG13
ENSG00000126016	AMOT
ENSG00000131724	IL13RA1
ENSG00000198918	RPL39
ENSG00000125356	NDUFA1
ENSG00000177485	ZBTB33
ENSG00000158290	CUL4B
ENSG00000232119	MCTS1
ENSG00000122126	OCRL
ENSG00000102078	SLC25A14
ENSG00000134597	RBMX2
ENSG00000123728	RAP2C
ENSG00000156504	PABIR2
ENSG00000134590	RTL8C
ENSG00000165359	INTS6L
ENSG00000169446	MMGT1
ENSG00000156925	ZIC3
ENSG00000182195	LDOC1
ENSG00000185985	SLITRK2
ENSG00000102081	FMR1
ENSG00000269556	TMEM185A
ENSG00000160131	VMA21
ENSG00000147400	CETN2
ENSG00000147383	NSDHL
ENSG00000063587	ZNF275
ENSG00000262919	CCNQ
ENSG00000130821	SLC6A8
ENSG00000067829	IDH3G
ENSG00000180879	SSR4
ENSG00000172534	HCFC1
ENSG00000184216	IRAK1
ENSG00000196924	FLNA
ENSG00000071553	ATP6AP1
ENSG00000203879	GDI1
ENSG00000071859	FAM50A
ENSG00000130827	PLXNA3
ENSG00000102178	UBL4A
ENSG00000160211	G6PD
ENSG00000124333	VAMP7
ENSG00000099715	PCDH11Y
ENSG00000012817	KDM5D
ENSG00000198692	EIF1AY
ENSG00000210140	MT-TC
ENSG00000228253	MT-ATP8
ENSG00000212907	MT-ND4L
ENSG00000210184	MT-TS2
ENSG00000198695	MT-ND6
ENSG00000210195	MT-TT
ENSG00000210196	MT-TP
