target	n_cells	n_guides	is_ntc
ENSG00000110651	7513.0	2	False
ENSG00000205981	5909.0	3	False
ENSG00000150093	5289.0	1	False
ENSG00000177697	4594.0	2	False
non-targeting|157	3061.0	6	True
ENSG00000196482	2982.0	30	False
non-targeting|113	2952.0	6	True
ENSG00000072274	2760.0	1	False
non-targeting|117	2732.0	6	True
ENSG00000163635	2289.0	12	False
ENSG00000167380	2250.0	12	False
ENSG00000166681	2166.0	1	False
non-targeting|133	2157.0	6	True
non-targeting|169	2095.0	6	True
non-targeting|171	2082.0	6	True
non-targeting|140	2060.0	6	True
non-targeting|103	2049.0	6	True
non-targeting|149	2042.0	6	True
non-targeting|22	2004.0	6	False
non-targeting|142	1923.0	6	True
ENSG00000124766	1920.0	12	False
ENSG00000166710	1909.0	1	False
non-targeting|33	1882.0	6	False
ENSG00000120068	1852.0	12	False
ENSG00000186184	1840.0	3	False
ENSG00000169554	1838.0	12	False
ENSG00000157554	1837.0	12	False
non-targeting|109	1834.0	6	True
non-targeting|154	1825.0	6	True
non-targeting|110	1793.0	6	True
non-targeting|164	1792.0	6	True
non-targeting|145	1784.0	6	True
ENSG00000167766	1780.0	18	False
ENSG00000198521	1768.0	12	False
ENSG00000172534	1738.0	6	False
ENSG00000163320	1734.0	12	False
non-targeting|18	1728.0	6	False
non-targeting|195	1712.0	6	True
ENSG00000196352	1711.0	1	False
ENSG00000123636	1710.0	6	False
non-targeting|158	1705.0	6	True
non-targeting|150	1698.0	6	True
non-targeting|130	1684.0	6	True
non-targeting|147	1673.0	6	True
non-targeting|96	1663.0	6	False
non-targeting|138	1657.0	6	True
ENSG00000178913	1653.0	6	False
non-targeting|14	1629.0	6	False
ENSG00000109686	1628.0	12	False
non-targeting|70	1610.0	6	False
non-targeting|108	1606.0	6	True
non-targeting|175	1603.0	6	True
ENSG00000148516	1599.0	12	False
non-targeting|16	1592.0	6	False
ENSG00000114126	1589.0	12	False
non-targeting|53	1587.0	6	False
non-targeting|137	1576.0	6	True
ENSG00000102935	1575.0	12	False
non-targeting|62	1567.0	6	False
non-targeting|71	1563.0	6	False
non-targeting|172	1560.0	6	True
ENSG00000169375	1547.0	12	False
non-targeting|15	1539.0	6	False
ENSG00000114861	1533.0	18	False
non-targeting|196	1529.0	6	True
ENSG00000089225	1523.0	12	False
non-targeting|32	1518.0	6	False
ENSG00000214575	1518.0	12	False
non-targeting|8	1517.0	6	False
non-targeting|83	1492.0	6	False
non-targeting|85	1490.0	6	False
non-targeting|135	1488.0	6	True
ENSG00000173320	1481.0	12	False
non-targeting|180	1480.0	6	True
non-targeting|41	1478.0	6	False
non-targeting|2	1475.0	6	False
non-targeting|136	1470.0	6	True
non-targeting|57	1468.0	6	False
ENSG00000116132	1460.0	12	False
non-targeting|178	1452.0	6	True
ENSG00000197213	1437.0	12	False
ENSG00000110693	1437.0	18	False
ENSG00000141646	1432.0	6	False
non-targeting|68	1428.0	6	False
non-targeting|118	1427.0	6	True
non-targeting|194	1426.0	6	True
ENSG00000123411	1424.0	12	False
ENSG00000146007	1421.0	12	False
non-targeting|105	1414.0	6	True
ENSG00000172819	1408.0	12	False
ENSG00000153234	1406.0	12	False
non-targeting|93	1405.0	6	False
ENSG00000181722	1404.0	12	False
ENSG00000135638	1404.0	12	False
non-targeting|79	1401.0	6	False
ENSG00000006194	1401.0	12	False
non-targeting|107	1400.0	6	True
ENSG00000171827	1400.0	12	False
non-targeting|5	1397.0	6	False
non-targeting|185	1396.0	6	True
non-targeting|54	1396.0	6	False
non-targeting|12	1392.0	6	False
ENSG00000120738	1391.0	12	False
non-targeting|127	1390.0	6	True
non-targeting|139	1387.0	6	True
non-targeting|192	1385.0	6	True
ENSG00000121653	1384.0	12	False
ENSG00000213096	1383.0	6	False
non-targeting|49	1379.0	6	False
non-targeting|162	1377.0	6	True
ENSG00000020633	1377.0	12	False
non-targeting|188	1376.0	6	True
ENSG00000182568	1369.0	12	False
ENSG00000148400	1366.0	12	False
ENSG00000069812	1361.0	12	False
non-targeting|123	1358.0	6	True
non-targeting|159	1345.0	6	True
ENSG00000116044	1345.0	12	False
ENSG00000185129	1344.0	12	False
ENSG00000153975	1344.0	6	False
ENSG00000272333	1340.0	12	False
ENSG00000104447	1337.0	6	False
ENSG00000144802	1326.0	12	False
ENSG00000100906	1325.0	12	False
ENSG00000181894	1324.0	12	False
non-targeting|116	1324.0	6	True
ENSG00000174652	1321.0	6	False
ENSG00000189308	1321.0	12	False
ENSG00000136367	1320.0	12	False
ENSG00000107187	1319.0	12	False
non-targeting|155	1315.0	6	True
ENSG00000059145	1311.0	6	False
ENSG00000167986	1311.0	12	False
non-targeting|4	1307.0	6	False
non-targeting|184	1307.0	6	True
ENSG00000152784	1305.0	12	False
ENSG00000113387	1299.0	12	False
non-targeting|152	1296.0	6	True
ENSG00000173451	1285.0	12	False
non-targeting|124	1284.0	6	True
ENSG00000166188	1273.0	12	False
ENSG00000074047	1273.0	12	False
ENSG00000066422	1270.0	6	False
ENSG00000186141	1270.0	6	False
ENSG00000100625	1269.0	6	False
ENSG00000109132	1267.0	6	False
ENSG00000136826	1267.0	12	False
ENSG00000117505	1264.0	6	False
ENSG00000204644	1263.0	6	False
ENSG00000166407	1254.0	12	False
ENSG00000116580	1252.0	12	False
ENSG00000234444	1252.0	12	False
non-targeting|45	1247.0	6	False
ENSG00000185947	1246.0	12	False
ENSG00000185650	1246.0	12	False
ENSG00000124440	1245.0	12	False
non-targeting|193	1236.0	6	True
ENSG00000138795	1235.0	12	False
non-targeting|90	1234.0	6	False
non-targeting|132	1232.0	6	True
ENSG00000179059	1232.0	12	False
ENSG00000167625	1228.0	6	False
ENSG00000131848	1226.0	12	False
ENSG00000100105	1224.0	12	False
non-targeting|61	1216.0	6	False
ENSG00000164107	1208.0	12	False
non-targeting|189	1205.0	6	True
non-targeting|182	1203.0	6	True
non-targeting|166	1196.0	6	True
ENSG00000010803	1195.0	12	False
non-targeting|170	1192.0	6	True
ENSG00000137203	1192.0	12	False
non-targeting|78	1189.0	6	False
non-targeting|77	1187.0	6	False
ENSG00000161642	1187.0	12	False
ENSG00000187098	1186.0	12	False
ENSG00000066827	1186.0	12	False
ENSG00000129535	1185.0	12	False
ENSG00000171843	1185.0	6	False
ENSG00000196498	1184.0	12	False
non-targeting|163	1184.0	6	True
ENSG00000084093	1184.0	12	False
ENSG00000144026	1181.0	12	False
non-targeting|190	1180.0	6	True
non-targeting|198	1178.0	6	True
ENSG00000168916	1178.0	12	False
non-targeting|104	1177.0	6	True
ENSG00000008441	1176.0	12	False
non-targeting|91	1176.0	6	False
ENSG00000137310	1175.0	12	False
non-targeting|30	1172.0	6	False
ENSG00000112837	1167.0	12	False
ENSG00000178096	1166.0	12	False
ENSG00000151702	1165.0	6	False
non-targeting|187	1164.0	6	True
non-targeting|69	1163.0	6	False
ENSG00000074657	1157.0	12	False
ENSG00000128713	1157.0	6	False
non-targeting|20	1155.0	6	False
ENSG00000049618	1151.0	12	False
non-targeting|181	1150.0	6	True
ENSG00000182903	1150.0	12	False
non-targeting|177	1150.0	6	True
ENSG00000171476	1150.0	12	False
ENSG00000167604	1150.0	12	False
ENSG00000179348	1149.0	12	False
ENSG00000067369	1145.0	12	False
non-targeting|31	1145.0	6	False
non-targeting|39	1145.0	6	False
non-targeting|111	1144.0	6	True
ENSG00000198807	1142.0	12	False
ENSG00000164749	1142.0	12	False
non-targeting|174	1139.0	6	True
ENSG00000119950	1139.0	12	False
non-targeting|119	1137.0	6	True
ENSG00000204209	1135.0	12	False
non-targeting|52	1134.0	6	False
ENSG00000016082	1133.0	12	False
ENSG00000153187	1132.0	6	False
non-targeting|160	1131.0	6	True
ENSG00000173120	1122.0	6	False
ENSG00000213015	1121.0	12	False
ENSG00000136451	1119.0	6	False
non-targeting|97	1113.0	6	False
ENSG00000196417	1112.0	12	False
ENSG00000001167	1111.0	6	False
non-targeting|115	1108.0	6	True
ENSG00000164900	1108.0	12	False
non-targeting|131	1105.0	6	True
ENSG00000079102	1103.0	12	False
ENSG00000178662	1100.0	12	False
ENSG00000137709	1099.0	12	False
ENSG00000163666	1098.0	12	False
ENSG00000164463	1097.0	12	False
ENSG00000105419	1096.0	12	False
non-targeting|183	1096.0	6	True
ENSG00000120075	1095.0	6	False
ENSG00000177888	1093.0	6	False
ENSG00000128710	1087.0	12	False
ENSG00000184939	1086.0	12	False
ENSG00000153487	1084.0	12	False
ENSG00000167377	1082.0	12	False
non-targeting|197	1082.0	6	True
ENSG00000122592	1081.0	6	False
ENSG00000185869	1081.0	6	False
non-targeting|24	1078.0	6	False
ENSG00000159140	1075.0	12	False
ENSG00000062194	1075.0	6	False
non-targeting|67	1073.0	6	False
ENSG00000117713	1072.0	6	False
non-targeting|101	1072.0	6	True
non-targeting|84	1070.0	6	False
ENSG00000076108	1069.0	12	False
ENSG00000174963	1066.0	12	False
non-targeting|186	1064.0	6	True
non-targeting|35	1061.0	6	False
ENSG00000196670	1060.0	6	False
ENSG00000070444	1057.0	6	False
ENSG00000134532	1055.0	12	False
non-targeting|144	1055.0	6	True
ENSG00000170954	1054.0	6	False
ENSG00000103479	1054.0	12	False
non-targeting|179	1053.0	6	True
ENSG00000134323	1053.0	12	False
ENSG00000131759	1052.0	12	False
ENSG00000132005	1051.0	6	False
ENSG00000171817	1043.0	12	False
ENSG00000162367	1039.0	12	False
ENSG00000106004	1036.0	6	False
ENSG00000105997	1035.0	12	False
ENSG00000128573	1032.0	12	False
non-targeting|114	1032.0	6	True
non-targeting|168	1032.0	6	True
ENSG00000121481	1031.0	6	False
non-targeting|21	1028.0	6	False
ENSG00000235109	1027.0	12	False
non-targeting|165	1024.0	6	True
ENSG00000039600	1023.0	12	False
ENSG00000116833	1022.0	12	False
ENSG00000023734	1020.0	6	False
ENSG00000160062	1019.0	6	False
ENSG00000126012	1016.0	6	False
ENSG00000112242	1013.0	12	False
ENSG00000155090	1013.0	12	False
non-targeting|66	1012.0	6	False
ENSG00000120656	1010.0	6	False
ENSG00000169714	1009.0	6	False
non-targeting|122	1007.0	6	True
non-targeting|50	1007.0	6	False
ENSG00000180257	1006.0	12	False
non-targeting|128	1004.0	6	True
ENSG00000163565	1002.0	6	False
ENSG00000124920	1000.0	12	False
ENSG00000143379	999.0	6	False
non-targeting|176	997.0	6	True
non-targeting|148	995.0	6	True
ENSG00000166949	994.0	6	False
ENSG00000019485	994.0	12	False
non-targeting|92	992.0	6	False
ENSG00000108924	991.0	12	False
ENSG00000175727	990.0	6	False
ENSG00000265763	989.0	12	False
non-targeting|121	986.0	6	True
ENSG00000127124	986.0	14	False
non-targeting|3	985.0	6	False
ENSG00000168453	981.0	12	False
ENSG00000105866	980.0	6	False
ENSG00000102038	979.0	6	False
ENSG00000183621	977.0	12	False
ENSG00000156030	976.0	12	False
ENSG00000197114	976.0	6	False
ENSG00000187140	975.0	12	False
ENSG00000104881	975.0	12	False
non-targeting|106	975.0	6	True
non-targeting|199	973.0	6	True
ENSG00000213793	971.0	12	False
ENSG00000146618	966.0	6	False
ENSG00000100084	965.0	12	False
ENSG00000188994	963.0	6	False
ENSG00000078246	963.0	12	False
non-targeting|25	962.0	6	False
ENSG00000025434	960.0	12	False
non-targeting|42	960.0	6	False
ENSG00000162714	959.0	6	False
non-targeting|120	957.0	6	True
ENSG00000103363	957.0	6	False
ENSG00000064961	956.0	12	False
non-targeting|146	953.0	6	True
ENSG00000121413	953.0	12	False
ENSG00000184895	950.0	6	False
ENSG00000196110	950.0	12	False
ENSG00000141905	949.0	12	False
non-targeting|47	945.0	6	False
ENSG00000131061	944.0	12	False
ENSG00000198039	943.0	12	False
ENSG00000101665	942.0	6	False
ENSG00000106948	942.0	12	False
ENSG00000150051	941.0	12	False
ENSG00000030419	940.0	12	False
ENSG00000277258	940.0	12	False
ENSG00000121075	940.0	12	False
non-targeting|151	938.0	6	True
non-targeting|19	938.0	6	False
ENSG00000197013	937.0	6	False
ENSG00000011332	936.0	12	False
non-targeting|51	936.0	6	False
ENSG00000198453	934.0	6	False
non-targeting|40	930.0	6	False
non-targeting|99	929.0	6	False
ENSG00000089094	929.0	12	False
ENSG00000167840	928.0	12	False
ENSG00000129993	928.0	12	False
ENSG00000162676	923.0	12	False
non-targeting|63	923.0	6	False
ENSG00000274529	922.0	6	False
ENSG00000197128	921.0	6	False
non-targeting|167	921.0	6	True
ENSG00000125740	920.0	12	False
ENSG00000184481	918.0	6	False
ENSG00000171940	916.0	12	False
non-targeting|59	914.0	6	False
ENSG00000181666	913.0	12	False
ENSG00000105856	913.0	6	False
ENSG00000135903	913.0	6	False
non-targeting|65	911.0	6	False
ENSG00000178935	911.0	6	False
ENSG00000090447	911.0	6	False
ENSG00000124201	910.0	6	False
ENSG00000146592	909.0	12	False
ENSG00000130844	909.0	12	False
ENSG00000010818	907.0	6	False
ENSG00000186103	904.0	6	False
ENSG00000162613	901.0	6	False
ENSG00000132170	901.0	12	False
ENSG00000125845	900.0	12	False
non-targeting|88	899.0	6	False
non-targeting|43	898.0	6	False
ENSG00000147488	897.0	6	False
ENSG00000159086	896.0	6	False
ENSG00000103449	894.0	6	False
ENSG00000184828	892.0	12	False
ENSG00000132010	892.0	7	False
ENSG00000135457	892.0	6	False
ENSG00000186448	892.0	6	False
ENSG00000181007	891.0	6	False
ENSG00000112200	888.0	6	False
ENSG00000213999	886.0	6	False
ENSG00000122180	883.0	6	False
ENSG00000048540	883.0	12	False
ENSG00000159216	881.0	6	False
ENSG00000198517	881.0	6	False
ENSG00000213928	880.0	6	False
ENSG00000234616	880.0	12	False
non-targeting|44	880.0	6	False
ENSG00000125968	880.0	6	False
non-targeting|94	879.0	6	False
non-targeting|9	877.0	6	False
ENSG00000126456	877.0	6	False
ENSG00000197933	876.0	6	False
non-targeting|153	875.0	6	True
ENSG00000123268	874.0	6	False
non-targeting|74	874.0	6	False
ENSG00000164093	874.0	12	False
ENSG00000125398	873.0	6	False
ENSG00000119608	872.0	6	False
ENSG00000072310	872.0	12	False
ENSG00000140262	872.0	12	False
ENSG00000078900	871.0	6	False
ENSG00000213676	871.0	6	False
ENSG00000170365	870.0	6	False
ENSG00000182979	870.0	6	False
ENSG00000023287	870.0	12	False
ENSG00000197863	870.0	12	False
ENSG00000198026	870.0	6	False
ENSG00000256463	869.0	6	False
ENSG00000115053	869.0	12	False
ENSG00000131196	868.0	12	False
ENSG00000179922	868.0	6	False
non-targeting|17	867.0	6	False
ENSG00000138738	865.0	6	False
ENSG00000143190	865.0	12	False
ENSG00000166268	865.0	6	False
ENSG00000156983	865.0	6	False
ENSG00000198551	865.0	6	False
non-targeting|80	864.0	6	False
non-targeting|161	864.0	6	True
ENSG00000087510	864.0	6	False
ENSG00000103460	861.0	6	False
ENSG00000198131	861.0	6	False
ENSG00000171425	858.0	6	False
ENSG00000106852	855.0	12	False
ENSG00000135374	854.0	6	False
ENSG00000119574	854.0	6	False
ENSG00000138136	853.0	6	False
non-targeting|55	853.0	6	False
ENSG00000198715	852.0	12	False
ENSG00000134874	851.0	6	False
ENSG00000185551	850.0	6	False
ENSG00000267508	850.0	6	False
ENSG00000135100	848.0	6	False
ENSG00000091831	844.0	12	False
non-targeting|23	843.0	6	False
ENSG00000174282	842.0	12	False
non-targeting|36	842.0	6	False
ENSG00000101096	842.0	12	False
non-targeting|29	840.0	6	False
ENSG00000139445	839.0	6	False
ENSG00000185022	839.0	6	False
ENSG00000144218	839.0	6	False
non-targeting|102	839.0	6	True
non-targeting|143	838.0	6	True
ENSG00000104177	837.0	6	False
ENSG00000165259	837.0	6	False
ENSG00000179627	836.0	6	False
ENSG00000004848	835.0	12	False
non-targeting|134	834.0	6	True
ENSG00000140382	833.0	6	False
ENSG00000101444	831.0	6	False
ENSG00000198160	831.0	12	False
ENSG00000066136	830.0	6	False
ENSG00000010539	830.0	6	False
ENSG00000204519	830.0	6	False
ENSG00000197302	830.0	6	False
ENSG00000184677	830.0	6	False
ENSG00000196357	827.0	6	False
ENSG00000139187	827.0	6	False
ENSG00000198830	826.0	6	False
ENSG00000196152	826.0	6	False
ENSG00000167074	826.0	12	False
non-targeting|56	825.0	6	False
ENSG00000083838	825.0	6	False
ENSG00000168795	822.0	6	False
ENSG00000126351	822.0	6	False
non-targeting|191	821.0	6	True
ENSG00000054598	820.0	6	False
ENSG00000197037	820.0	6	False
ENSG00000135365	819.0	6	False
ENSG00000125945	818.0	12	False
ENSG00000197857	817.0	6	False
ENSG00000115956	815.0	6	False
ENSG00000214022	815.0	6	False
non-targeting|27	814.0	6	False
ENSG00000175745	814.0	6	False
ENSG00000177311	814.0	12	False
ENSG00000108511	813.0	12	False
non-targeting|89	810.0	6	False
ENSG00000075426	809.0	6	False
ENSG00000132274	808.0	6	False
ENSG00000197714	808.0	6	False
ENSG00000083817	808.0	6	False
ENSG00000186496	808.0	6	False
ENSG00000175197	806.0	6	False
ENSG00000197782	804.0	6	False
non-targeting|46	803.0	6	False
ENSG00000173473	802.0	6	False
ENSG00000110851	801.0	6	False
ENSG00000137699	800.0	12	False
non-targeting|141	800.0	6	True
ENSG00000186895	799.0	6	False
ENSG00000188295	798.0	6	False
ENSG00000164853	797.0	6	False
ENSG00000136807	797.0	6	False
ENSG00000124813	795.0	12	False
ENSG00000104885	794.0	6	False
non-targeting|60	794.0	6	False
ENSG00000101126	792.0	6	False
ENSG00000129173	792.0	6	False
ENSG00000121417	791.0	6	False
ENSG00000196419	790.0	6	False
ENSG00000273274	789.0	6	False
non-targeting|11	789.0	6	False
ENSG00000196597	789.0	6	False
ENSG00000128272	788.0	6	False
ENSG00000091010	786.0	6	False
ENSG00000196150	784.0	6	False
ENSG00000057657	784.0	6	False
ENSG00000153048	783.0	6	False
ENSG00000148737	782.0	6	False
ENSG00000171540	779.0	6	False
ENSG00000059122	779.0	6	False
ENSG00000135148	778.0	6	False
ENSG00000125482	776.0	6	False
ENSG00000176542	776.0	6	False
ENSG00000054267	776.0	6	False
ENSG00000135829	775.0	6	False
ENSG00000113649	774.0	6	False
ENSG00000032219	774.0	6	False
non-targeting|64	772.0	6	False
ENSG00000183850	772.0	6	False
ENSG00000213973	772.0	6	False
ENSG00000277462	772.0	6	False
ENSG00000165916	772.0	6	False
ENSG00000172262	772.0	6	False
ENSG00000198728	771.0	12	False
ENSG00000130699	771.0	6	False
ENSG00000249709	771.0	5	False
non-targeting|173	770.0	6	True
ENSG00000197385	767.0	6	False
ENSG00000152284	766.0	6	False
ENSG00000184436	765.0	6	False
ENSG00000130803	765.0	6	False
ENSG00000095574	765.0	6	False
ENSG00000165512	764.0	6	False
ENSG00000196247	764.0	6	False
non-targeting|156	764.0	6	True
ENSG00000198315	763.0	6	False
non-targeting|95	763.0	6	False
ENSG00000182521	762.0	6	False
ENSG00000152518	762.0	6	False
ENSG00000184486	762.0	6	False
ENSG00000128563	759.0	12	False
ENSG00000143365	758.0	12	False
ENSG00000159592	757.0	6	False
ENSG00000236104	757.0	6	False
non-targeting|82	757.0	6	False
ENSG00000146587	757.0	12	False
ENSG00000137265	757.0	12	False
ENSG00000136169	757.0	6	False
ENSG00000185668	756.0	6	False
ENSG00000129194	756.0	6	False
ENSG00000178951	756.0	12	False
ENSG00000170631	756.0	6	False
ENSG00000105392	754.0	6	False
ENSG00000109101	754.0	6	False
ENSG00000213588	754.0	6	False
ENSG00000171291	752.0	6	False
non-targeting|112	750.0	6	True
ENSG00000071655	749.0	6	False
ENSG00000105991	748.0	6	False
ENSG00000105672	747.0	6	False
ENSG00000213988	746.0	6	False
ENSG00000037965	745.0	6	False
ENSG00000069667	745.0	6	False
ENSG00000187987	744.0	6	False
ENSG00000136870	744.0	6	False
ENSG00000257591	744.0	5	False
ENSG00000102984	743.0	6	False
ENSG00000179361	742.0	6	False
ENSG00000089116	741.0	6	False
non-targeting|13	741.0	6	False
ENSG00000189403	740.0	12	False
ENSG00000109787	737.0	6	False
ENSG00000197937	736.0	6	False
ENSG00000130338	736.0	6	False
ENSG00000123407	735.0	6	False
ENSG00000214114	735.0	6	False
ENSG00000164458	735.0	6	False
ENSG00000197928	733.0	6	False
ENSG00000106689	733.0	6	False
ENSG00000198816	733.0	12	False
ENSG00000168062	733.0	6	False
ENSG00000167034	732.0	6	False
ENSG00000188629	732.0	10	False
ENSG00000112561	732.0	12	False
ENSG00000111783	731.0	6	False
ENSG00000077463	731.0	6	False
ENSG00000155966	731.0	6	False
ENSG00000253293	731.0	6	False
ENSG00000197124	730.0	6	False
ENSG00000117595	729.0	6	False
ENSG00000105261	729.0	6	False
non-targeting|10	728.0	6	False
ENSG00000179950	728.0	6	False
ENSG00000133884	728.0	12	False
ENSG00000178403	727.0	6	False
ENSG00000185122	727.0	6	False
ENSG00000106511	727.0	6	False
ENSG00000106462	727.0	6	False
ENSG00000171574	725.0	6	False
ENSG00000132604	725.0	6	False
ENSG00000183770	725.0	6	False
non-targeting|129	724.0	6	True
ENSG00000171469	724.0	6	False
non-targeting|73	724.0	6	False
ENSG00000135801	722.0	6	False
ENSG00000187187	722.0	6	False
ENSG00000180626	721.0	6	False
ENSG00000180053	721.0	6	False
ENSG00000166432	719.0	6	False
ENSG00000010244	719.0	12	False
ENSG00000109445	719.0	6	False
ENSG00000153896	719.0	6	False
ENSG00000083307	718.0	6	False
non-targeting|98	718.0	6	False
ENSG00000110315	717.0	6	False
ENSG00000171786	717.0	6	False
ENSG00000168036	716.0	6	False
ENSG00000108953	716.0	6	False
ENSG00000263001	716.0	6	False
ENSG00000127616	715.0	6	False
ENSG00000187595	715.0	6	False
ENSG00000185513	715.0	12	False
ENSG00000276644	714.0	6	False
ENSG00000179456	714.0	6	False
ENSG00000090612	713.0	6	False
ENSG00000189164	713.0	6	False
ENSG00000173011	713.0	6	False
ENSG00000137504	712.0	6	False
ENSG00000130544	712.0	6	False
ENSG00000117625	712.0	6	False
ENSG00000139613	712.0	6	False
ENSG00000117475	712.0	6	False
ENSG00000126561	711.0	6	False
ENSG00000075891	711.0	6	False
ENSG00000157429	710.0	6	False
ENSG00000126368	710.0	6	False
ENSG00000099956	709.0	12	False
ENSG00000105516	708.0	6	False
ENSG00000256223	708.0	6	False
ENSG00000197008	708.0	6	False
ENSG00000197921	706.0	6	False
ENSG00000186300	706.0	6	False
ENSG00000173039	704.0	6	False
ENSG00000170370	704.0	6	False
ENSG00000236609	703.0	12	False
ENSG00000198464	703.0	6	False
ENSG00000198482	703.0	6	False
ENSG00000144485	702.0	6	False
ENSG00000137871	701.0	6	False
ENSG00000182158	701.0	6	False
ENSG00000152433	701.0	6	False
ENSG00000136352	700.0	6	False
ENSG00000168214	698.0	6	False
ENSG00000174485	697.0	6	False
ENSG00000168769	697.0	6	False
ENSG00000117000	696.0	6	False
ENSG00000118526	696.0	6	False
non-targeting|72	696.0	6	False
ENSG00000196428	696.0	6	False
ENSG00000197050	696.0	6	False
ENSG00000115507	696.0	6	False
ENSG00000188868	695.0	6	False
ENSG00000196652	694.0	6	False
ENSG00000130589	694.0	12	False
ENSG00000175279	694.0	6	False
ENSG00000119866	694.0	6	False
ENSG00000111424	693.0	6	False
ENSG00000166478	692.0	6	False
ENSG00000157259	692.0	6	False
ENSG00000123364	692.0	6	False
ENSG00000115816	692.0	6	False
ENSG00000196267	691.0	6	False
ENSG00000174332	691.0	6	False
ENSG00000129654	691.0	6	False
ENSG00000143006	691.0	6	False
ENSG00000059728	690.0	6	False
ENSG00000143578	690.0	6	False
ENSG00000125347	689.0	6	False
non-targeting|75	689.0	6	False
ENSG00000131408	689.0	6	False
ENSG00000142025	689.0	6	False
ENSG00000198795	689.0	6	False
ENSG00000012504	688.0	6	False
ENSG00000175787	688.0	6	False
ENSG00000167491	687.0	12	False
ENSG00000164334	687.0	6	False
ENSG00000147862	685.0	6	False
ENSG00000161298	685.0	6	False
ENSG00000131013	685.0	6	False
ENSG00000204514	684.0	6	False
ENSG00000160007	684.0	6	False
ENSG00000081386	684.0	6	False
ENSG00000118495	684.0	12	False
ENSG00000171606	684.0	6	False
ENSG00000132846	683.0	6	False
ENSG00000067082	683.0	6	False
ENSG00000111046	683.0	6	False
non-targeting|28	682.0	6	False
ENSG00000179772	682.0	6	False
ENSG00000164104	682.0	6	False
ENSG00000169016	682.0	6	False
ENSG00000176302	681.0	6	False
ENSG00000064218	681.0	6	False
ENSG00000101457	681.0	6	False
ENSG00000260027	680.0	6	False
ENSG00000205683	680.0	6	False
ENSG00000140396	680.0	6	False
ENSG00000126464	679.0	6	False
ENSG00000176160	679.0	6	False
ENSG00000112592	678.0	6	False
ENSG00000129084	678.0	6	False
ENSG00000167182	677.0	6	False
ENSG00000011007	676.0	6	False
ENSG00000143614	676.0	6	False
ENSG00000159882	676.0	6	False
ENSG00000204366	676.0	6	False
ENSG00000101493	676.0	6	False
ENSG00000233608	674.0	6	False
ENSG00000169926	674.0	6	False
non-targeting|6	674.0	6	False
ENSG00000072121	674.0	6	False
ENSG00000113580	674.0	6	False
ENSG00000168348	673.0	6	False
ENSG00000118922	673.0	6	False
ENSG00000121864	673.0	6	False
ENSG00000213639	672.0	6	False
ENSG00000153147	671.0	6	False
ENSG00000140265	670.0	6	False
ENSG00000234284	670.0	6	False
ENSG00000143514	669.0	6	False
ENSG00000100281	669.0	6	False
ENSG00000099949	668.0	6	False
ENSG00000185252	668.0	6	False
ENSG00000196418	668.0	6	False
ENSG00000138311	668.0	6	False
ENSG00000106410	667.0	12	False
ENSG00000154727	667.0	6	False
ENSG00000166716	667.0	6	False
ENSG00000110395	667.0	6	False
ENSG00000164916	666.0	6	False
ENSG00000125826	666.0	6	False
ENSG00000128604	665.0	12	False
ENSG00000198093	665.0	6	False
ENSG00000089902	664.0	6	False
ENSG00000102908	664.0	6	False
ENSG00000176399	664.0	6	False
non-targeting|1	664.0	6	False
ENSG00000198914	663.0	6	False
ENSG00000251562	663.0	1	False
ENSG00000124232	663.0	6	False
ENSG00000215612	663.0	6	False
ENSG00000160224	662.0	6	False
ENSG00000180818	661.0	6	False
ENSG00000159263	661.0	6	False
ENSG00000118263	661.0	6	False
ENSG00000172006	661.0	6	False
ENSG00000198353	661.0	6	False
ENSG00000197483	660.0	6	False
ENSG00000011451	660.0	6	False
ENSG00000161405	659.0	6	False
ENSG00000147117	658.0	6	False
ENSG00000136630	658.0	6	False
ENSG00000175691	657.0	6	False
ENSG00000166402	657.0	6	False
ENSG00000166526	656.0	6	False
ENSG00000173976	656.0	6	False
ENSG00000107175	656.0	6	False
ENSG00000125816	655.0	6	False
ENSG00000174738	655.0	6	False
ENSG00000178229	654.0	6	False
ENSG00000189190	654.0	6	False
ENSG00000116809	654.0	6	False
ENSG00000164091	654.0	6	False
ENSG00000143437	654.0	6	False
ENSG00000120948	653.0	6	False
ENSG00000204335	653.0	6	False
ENSG00000186376	652.0	6	False
ENSG00000173894	652.0	6	False
ENSG00000260428	651.0	10	False
ENSG00000158691	651.0	6	False
ENSG00000005436	650.0	6	False
ENSG00000189144	650.0	6	False
ENSG00000143033	649.0	6	False
ENSG00000070476	649.0	6	False
ENSG00000167528	647.0	6	False
non-targeting|81	646.0	6	False
ENSG00000181690	646.0	6	False
ENSG00000075407	646.0	6	False
ENSG00000183814	645.0	6	False
ENSG00000143355	645.0	6	False
ENSG00000008018	644.0	6	False
ENSG00000185630	643.0	6	False
ENSG00000256683	643.0	6	False
ENSG00000204611	643.0	6	False
ENSG00000122482	642.0	6	False
ENSG00000178187	642.0	6	False
ENSG00000149948	641.0	6	False
ENSG00000165119	641.0	6	False
ENSG00000257923	640.0	6	False
ENSG00000161940	639.0	6	False
ENSG00000118689	639.0	12	False
ENSG00000145912	638.0	6	False
ENSG00000215021	637.0	6	False
ENSG00000171466	636.0	6	False
ENSG00000131788	636.0	6	False
ENSG00000180318	636.0	6	False
ENSG00000181449	636.0	6	False
ENSG00000189079	635.0	6	False
ENSG00000164299	634.0	6	False
non-targeting|26	634.0	6	False
ENSG00000141946	634.0	6	False
ENSG00000163939	633.0	6	False
ENSG00000126804	633.0	6	False
ENSG00000170949	632.0	6	False
ENSG00000144792	632.0	6	False
ENSG00000135341	632.0	6	False
ENSG00000146757	631.0	6	False
ENSG00000124831	631.0	6	False
ENSG00000007372	631.0	6	False
ENSG00000107807	630.0	6	False
ENSG00000139651	630.0	6	False
ENSG00000196700	630.0	6	False
non-targeting|34	629.0	6	False
ENSG00000177508	629.0	6	False
non-targeting|200	629.0	4	True
ENSG00000181135	628.0	6	False
ENSG00000166704	627.0	6	False
ENSG00000163516	627.0	6	False
ENSG00000151322	627.0	6	False
ENSG00000089335	627.0	6	False
ENSG00000139515	627.0	6	False
ENSG00000123349	627.0	6	False
ENSG00000133111	625.0	6	False
ENSG00000173917	624.0	6	False
ENSG00000119715	624.0	6	False
ENSG00000135625	624.0	6	False
ENSG00000102189	624.0	6	False
ENSG00000170345	623.0	12	False
ENSG00000168286	623.0	6	False
ENSG00000196268	622.0	6	False
ENSG00000173673	621.0	6	False
ENSG00000005073	620.0	6	False
ENSG00000198597	620.0	6	False
ENSG00000116604	620.0	6	False
ENSG00000169981	620.0	6	False
ENSG00000120669	619.0	6	False
ENSG00000163848	619.0	6	False
non-targeting|86	619.0	6	False
ENSG00000029363	619.0	6	False
ENSG00000160908	618.0	6	False
ENSG00000165417	618.0	6	False
ENSG00000147140	617.0	6	False
ENSG00000143032	616.0	6	False
ENSG00000118900	616.0	6	False
ENSG00000105732	616.0	12	False
ENSG00000198740	615.0	6	False
ENSG00000196437	615.0	6	False
ENSG00000125820	614.0	6	False
ENSG00000170178	614.0	6	False
ENSG00000197608	613.0	6	False
ENSG00000084676	612.0	6	False
ENSG00000276234	611.0	6	False
ENSG00000197576	611.0	6	False
ENSG00000163508	611.0	6	False
ENSG00000006468	611.0	6	False
ENSG00000142065	610.0	6	False
ENSG00000175809	609.0	6	False
ENSG00000151623	609.0	6	False
non-targeting|100	609.0	6	False
ENSG00000198538	607.0	6	False
ENSG00000133740	607.0	6	False
ENSG00000269343	606.0	6	False
ENSG00000172888	606.0	6	False
ENSG00000165066	605.0	6	False
ENSG00000161551	605.0	6	False
ENSG00000184635	605.0	6	False
ENSG00000175105	605.0	6	False
ENSG00000187855	604.0	6	False
ENSG00000064195	604.0	6	False
ENSG00000142409	603.0	6	False
ENSG00000153266	603.0	6	False
ENSG00000071564	602.0	6	False
ENSG00000006377	602.0	6	False
ENSG00000085276	602.0	6	False
ENSG00000188779	602.0	6	False
ENSG00000171720	602.0	6	False
ENSG00000163435	602.0	6	False
ENSG00000136535	602.0	6	False
ENSG00000143842	602.0	6	False
ENSG00000152454	601.0	6	False
ENSG00000135164	601.0	6	False
ENSG00000122034	600.0	6	False
ENSG00000175832	600.0	6	False
ENSG00000188786	600.0	6	False
ENSG00000101544	600.0	6	False
ENSG00000101190	600.0	6	False
ENSG00000125846	600.0	6	False
ENSG00000156150	599.0	6	False
ENSG00000009950	599.0	6	False
ENSG00000245680	599.0	6	False
ENSG00000186918	599.0	6	False
ENSG00000007545	599.0	12	False
ENSG00000185507	598.0	6	False
ENSG00000144655	598.0	6	False
ENSG00000168152	598.0	6	False
ENSG00000105698	597.0	6	False
ENSG00000129351	597.0	6	False
ENSG00000011052	597.0	6	False
ENSG00000176887	596.0	6	False
ENSG00000169131	596.0	6	False
ENSG00000221869	596.0	6	False
ENSG00000105127	595.0	6	False
ENSG00000188227	594.0	6	False
ENSG00000184517	594.0	6	False
ENSG00000177426	593.0	6	False
non-targeting|125	593.0	6	True
ENSG00000138380	593.0	6	False
ENSG00000134852	592.0	6	False
ENSG00000111653	592.0	6	False
ENSG00000115844	592.0	6	False
ENSG00000106261	592.0	6	False
ENSG00000124459	591.0	6	False
ENSG00000113716	591.0	6	False
ENSG00000099381	591.0	6	False
ENSG00000124444	590.0	6	False
ENSG00000278129	590.0	6	False
ENSG00000229676	590.0	6	False
ENSG00000177606	590.0	6	False
ENSG00000106536	590.0	6	False
ENSG00000173258	590.0	6	False
ENSG00000185278	590.0	6	False
ENSG00000167771	589.0	6	False
ENSG00000198040	589.0	6	False
ENSG00000173275	589.0	6	False
ENSG00000139793	589.0	6	False
ENSG00000186487	588.0	6	False
ENSG00000178386	588.0	6	False
ENSG00000015475	588.0	6	False
ENSG00000176165	588.0	6	False
ENSG00000139800	588.0	6	False
ENSG00000172216	587.0	6	False
ENSG00000115163	587.0	12	False
ENSG00000106006	587.0	6	False
ENSG00000189420	587.0	6	False
ENSG00000213921	587.0	6	False
ENSG00000236287	587.0	6	False
ENSG00000256229	587.0	6	False
ENSG00000237440	587.0	6	False
ENSG00000196214	586.0	6	False
ENSG00000118156	586.0	6	False
ENSG00000076770	586.0	6	False
ENSG00000180479	586.0	6	False
ENSG00000198146	585.0	6	False
ENSG00000080603	585.0	6	False
ENSG00000179195	584.0	6	False
ENSG00000147183	584.0	6	False
ENSG00000131849	584.0	6	False
ENSG00000147421	583.0	6	False
ENSG00000164985	583.0	6	False
ENSG00000110777	582.0	6	False
ENSG00000204060	582.0	6	False
ENSG00000177494	582.0	6	False
ENSG00000105708	582.0	6	False
ENSG00000119547	582.0	6	False
ENSG00000168310	581.0	6	False
ENSG00000109320	581.0	6	False
ENSG00000081189	581.0	6	False
non-targeting|58	581.0	6	False
ENSG00000143013	581.0	6	False
ENSG00000111676	580.0	6	False
ENSG00000167232	580.0	6	False
ENSG00000198646	580.0	6	False
ENSG00000134058	579.0	6	False
ENSG00000186020	579.0	6	False
ENSG00000063515	579.0	6	False
ENSG00000143157	578.0	6	False
ENSG00000197360	578.0	6	False
ENSG00000114439	578.0	6	False
ENSG00000153207	577.0	6	False
ENSG00000171604	577.0	6	False
ENSG00000151615	577.0	6	False
ENSG00000108001	577.0	6	False
ENSG00000244405	577.0	6	False
ENSG00000148143	576.0	6	False
ENSG00000215421	576.0	6	False
ENSG00000160961	576.0	6	False
ENSG00000173825	575.0	6	False
ENSG00000104884	575.0	6	False
ENSG00000137185	574.0	6	False
ENSG00000171443	574.0	6	False
ENSG00000185219	574.0	6	False
ENSG00000162086	574.0	6	False
ENSG00000078403	573.0	6	False
ENSG00000198028	573.0	6	False
ENSG00000196724	572.0	6	False
ENSG00000162772	572.0	6	False
ENSG00000171316	572.0	6	False
ENSG00000102554	572.0	6	False
ENSG00000160741	572.0	6	False
ENSG00000184492	572.0	6	False
ENSG00000106571	571.0	6	False
ENSG00000105967	571.0	6	False
ENSG00000211456	570.0	6	False
ENSG00000111087	570.0	6	False
ENSG00000187079	570.0	6	False
ENSG00000185238	570.0	6	False
ENSG00000185591	570.0	6	False
ENSG00000141002	569.0	6	False
ENSG00000213020	569.0	6	False
ENSG00000122691	568.0	6	False
ENSG00000186350	568.0	6	False
ENSG00000121454	568.0	6	False
ENSG00000198633	568.0	6	False
ENSG00000175213	568.0	6	False
ENSG00000080503	568.0	6	False
ENSG00000186812	568.0	6	False
ENSG00000213762	568.0	6	False
ENSG00000164438	567.0	6	False
ENSG00000172379	567.0	6	False
ENSG00000152443	567.0	6	False
ENSG00000071794	567.0	6	False
ENSG00000181827	566.0	6	False
ENSG00000251369	566.0	6	False
ENSG00000130726	566.0	6	False
ENSG00000053254	566.0	12	False
ENSG00000175322	566.0	6	False
ENSG00000125952	566.0	6	False
ENSG00000214050	566.0	6	False
ENSG00000159479	566.0	6	False
ENSG00000125812	565.0	6	False
ENSG00000167800	565.0	6	False
ENSG00000177732	565.0	6	False
ENSG00000261221	564.0	6	False
ENSG00000160336	564.0	6	False
ENSG00000061455	564.0	6	False
ENSG00000204612	564.0	6	False
ENSG00000197619	564.0	6	False
ENSG00000108840	563.0	6	False
ENSG00000105821	563.0	6	False
ENSG00000171295	562.0	6	False
ENSG00000198815	562.0	6	False
ENSG00000197579	562.0	6	False
ENSG00000185730	562.0	6	False
ENSG00000134046	562.0	6	False
ENSG00000082641	562.0	6	False
ENSG00000143373	561.0	6	False
ENSG00000140632	561.0	6	False
ENSG00000123307	561.0	6	False
ENSG00000156853	560.0	6	False
ENSG00000188033	560.0	6	False
ENSG00000120837	560.0	6	False
ENSG00000126003	560.0	6	False
ENSG00000143178	560.0	6	False
ENSG00000165702	559.0	6	False
ENSG00000128610	559.0	6	False
ENSG00000179886	559.0	6	False
ENSG00000174197	558.0	6	False
ENSG00000170903	558.0	6	False
ENSG00000175550	558.0	6	False
ENSG00000136931	558.0	6	False
ENSG00000159387	558.0	6	False
ENSG00000131127	558.0	6	False
ENSG00000162992	558.0	6	False
ENSG00000134107	558.0	6	False
non-targeting|48	557.0	6	False
ENSG00000167637	557.0	6	False
ENSG00000120690	556.0	6	False
ENSG00000089486	556.0	6	False
ENSG00000251247	556.0	6	False
ENSG00000119138	556.0	6	False
ENSG00000144852	556.0	6	False
ENSG00000122145	555.0	6	False
ENSG00000179111	555.0	6	False
ENSG00000096654	555.0	6	False
ENSG00000169689	555.0	6	False
ENSG00000167635	555.0	6	False
ENSG00000170802	554.0	6	False
ENSG00000160113	554.0	6	False
ENSG00000100644	554.0	6	False
ENSG00000223547	554.0	6	False
ENSG00000131845	554.0	6	False
ENSG00000089775	554.0	6	False
ENSG00000143067	553.0	6	False
ENSG00000167384	553.0	6	False
ENSG00000117707	553.0	6	False
ENSG00000176256	552.0	6	False
ENSG00000227124	552.0	6	False
ENSG00000120784	551.0	6	False
ENSG00000125533	551.0	6	False
ENSG00000177683	551.0	6	False
ENSG00000204920	550.0	6	False
ENSG00000134138	550.0	6	False
ENSG00000178573	550.0	6	False
ENSG00000083828	550.0	6	False
ENSG00000196132	550.0	6	False
ENSG00000115738	549.0	12	False
ENSG00000204531	549.0	12	False
ENSG00000178150	549.0	6	False
ENSG00000180357	549.0	6	False
ENSG00000186416	548.0	6	False
ENSG00000258405	548.0	6	False
ENSG00000148677	547.0	6	False
ENSG00000106031	547.0	6	False
ENSG00000168477	547.0	6	False
ENSG00000227059	547.0	6	False
ENSG00000256087	547.0	6	False
ENSG00000170577	546.0	6	False
ENSG00000178163	546.0	6	False
ENSG00000248483	546.0	6	False
ENSG00000081665	546.0	6	False
ENSG00000147601	545.0	6	False
ENSG00000081059	545.0	6	False
ENSG00000104825	544.0	6	False
ENSG00000126705	543.0	6	False
ENSG00000182348	543.0	6	False
ENSG00000100811	543.0	6	False
ENSG00000258873	543.0	6	False
ENSG00000144747	543.0	6	False
ENSG00000174306	543.0	6	False
ENSG00000170684	543.0	6	False
ENSG00000144355	543.0	6	False
ENSG00000082175	542.0	6	False
ENSG00000005889	542.0	6	False
ENSG00000204524	541.0	6	False
ENSG00000134954	541.0	6	False
ENSG00000250312	541.0	6	False
ENSG00000113196	541.0	6	False
ENSG00000175879	541.0	6	False
ENSG00000198783	540.0	6	False
ENSG00000177932	540.0	6	False
ENSG00000102125	540.0	6	False
ENSG00000106546	540.0	6	False
ENSG00000121406	540.0	6	False
ENSG00000278318	540.0	6	False
ENSG00000198429	539.0	6	False
ENSG00000164330	539.0	6	False
ENSG00000166888	538.0	6	False
ENSG00000138378	538.0	6	False
ENSG00000187772	537.0	6	False
ENSG00000168813	536.0	6	False
ENSG00000119042	536.0	6	False
ENSG00000159692	535.0	6	False
ENSG00000104976	535.0	6	False
ENSG00000257446	535.0	6	False
ENSG00000105497	534.0	6	False
ENSG00000198185	534.0	6	False
ENSG00000197472	534.0	6	False
ENSG00000254004	533.0	6	False
ENSG00000113658	533.0	6	False
ENSG00000188313	533.0	6	False
ENSG00000170581	533.0	6	False
ENSG00000143995	533.0	6	False
ENSG00000006047	532.0	6	False
non-targeting|87	532.0	6	False
ENSG00000159556	532.0	6	False
ENSG00000170325	532.0	6	False
ENSG00000156925	532.0	6	False
ENSG00000253831	531.0	6	False
ENSG00000180828	531.0	6	False
ENSG00000164011	531.0	6	False
ENSG00000117318	530.0	6	False
ENSG00000181444	530.0	6	False
ENSG00000114315	530.0	6	False
ENSG00000105610	530.0	6	False
ENSG00000185155	530.0	6	False
ENSG00000118513	529.0	6	False
ENSG00000151657	529.0	6	False
ENSG00000112365	529.0	6	False
ENSG00000154582	528.0	6	False
ENSG00000140044	527.0	6	False
ENSG00000159885	527.0	6	False
ENSG00000050344	527.0	6	False
ENSG00000087903	527.0	6	False
ENSG00000179588	527.0	6	False
ENSG00000123685	527.0	6	False
ENSG00000214717	527.0	6	False
ENSG00000135899	527.0	6	False
ENSG00000175003	527.0	6	False
ENSG00000142556	526.0	6	False
ENSG00000170260	526.0	6	False
ENSG00000171634	526.0	6	False
ENSG00000152467	526.0	6	False
ENSG00000197647	525.0	6	False
ENSG00000129071	525.0	6	False
ENSG00000022976	525.0	6	False
ENSG00000109906	525.0	6	False
ENSG00000221994	525.0	6	False
ENSG00000163795	525.0	5	False
ENSG00000099326	524.0	6	False
ENSG00000149054	524.0	6	False
ENSG00000171169	524.0	6	False
ENSG00000171956	524.0	6	False
ENSG00000228623	524.0	6	False
ENSG00000165556	523.0	6	False
ENSG00000151612	523.0	6	False
ENSG00000167685	523.0	6	False
ENSG00000153814	523.0	6	False
ENSG00000020256	523.0	6	False
ENSG00000123933	522.0	6	False
ENSG00000139352	522.0	6	False
ENSG00000267041	521.0	6	False
ENSG00000138095	521.0	6	False
ENSG00000147789	521.0	6	False
ENSG00000151500	521.0	6	False
ENSG00000169957	520.0	7	False
ENSG00000149050	520.0	6	False
ENSG00000173253	520.0	6	False
ENSG00000183779	520.0	6	False
ENSG00000180353	520.0	6	False
ENSG00000111249	519.0	6	False
ENSG00000166823	519.0	6	False
ENSG00000177045	519.0	6	False
ENSG00000140987	519.0	6	False
ENSG00000137166	518.0	6	False
ENSG00000019549	518.0	6	False
ENSG00000147180	518.0	6	False
ENSG00000007968	518.0	6	False
ENSG00000197566	518.0	6	False
ENSG00000133794	517.0	6	False
ENSG00000067066	517.0	6	False
ENSG00000107859	517.0	6	False
ENSG00000187626	517.0	6	False
ENSG00000137338	516.0	6	False
ENSG00000169057	516.0	6	False
ENSG00000178860	515.0	6	False
ENSG00000180613	515.0	6	False
ENSG00000125850	515.0	6	False
ENSG00000086102	515.0	6	False
ENSG00000131115	515.0	6	False
ENSG00000123405	515.0	6	False
ENSG00000183647	513.0	6	False
ENSG00000186017	513.0	6	False
ENSG00000119508	513.0	6	False
ENSG00000188785	513.0	6	False
ENSG00000256771	513.0	6	False
ENSG00000177463	513.0	6	False
ENSG00000105556	513.0	6	False
ENSG00000049768	512.0	6	False
ENSG00000158711	512.0	6	False
ENSG00000061337	511.0	6	False
ENSG00000120832	511.0	6	False
ENSG00000135547	511.0	6	False
ENSG00000186130	510.0	6	False
ENSG00000148704	510.0	6	False
ENSG00000170448	510.0	6	False
ENSG00000116017	510.0	6	False
ENSG00000125878	510.0	6	False
ENSG00000164048	510.0	6	False
ENSG00000176009	510.0	6	False
non-targeting|38	509.0	6	False
ENSG00000176371	509.0	6	False
ENSG00000186026	509.0	6	False
ENSG00000196628	508.0	6	False
ENSG00000178175	508.0	6	False
ENSG00000127528	508.0	6	False
ENSG00000111669	508.0	6	False
ENSG00000169297	508.0	6	False
ENSG00000125520	508.0	6	False
ENSG00000230797	507.0	5	False
ENSG00000127989	506.0	6	False
ENSG00000120093	506.0	6	False
ENSG00000125285	506.0	6	False
ENSG00000204103	505.0	6	False
ENSG00000143499	504.0	6	False
ENSG00000217236	503.0	6	False
ENSG00000064995	503.0	6	False
ENSG00000186790	503.0	6	False
ENSG00000169740	502.0	6	False
ENSG00000129514	502.0	6	False
ENSG00000218891	502.0	6	False
ENSG00000185420	502.0	6	False
ENSG00000178919	502.0	6	False
ENSG00000152475	502.0	6	False
ENSG00000010030	501.0	6	False
ENSG00000099364	501.0	6	False
ENSG00000111206	501.0	6	False
ENSG00000160199	501.0	6	False
ENSG00000169946	501.0	6	False
ENSG00000137693	501.0	6	False
ENSG00000120798	500.0	6	False
ENSG00000164532	500.0	6	False
ENSG00000198393	500.0	6	False
ENSG00000118058	500.0	6	False
ENSG00000198846	500.0	6	False
ENSG00000229809	500.0	6	False
ENSG00000142611	500.0	6	False
ENSG00000102804	499.0	6	False
ENSG00000213799	499.0	6	False
ENSG00000177842	499.0	6	False
ENSG00000182318	499.0	6	False
ENSG00000117139	498.0	6	False
ENSG00000079246	498.0	6	False
ENSG00000110925	498.0	6	False
ENSG00000092607	498.0	6	False
ENSG00000125492	498.0	6	False
ENSG00000142599	498.0	6	False
ENSG00000168826	497.0	6	False
ENSG00000164600	497.0	6	False
ENSG00000166529	497.0	6	False
ENSG00000100219	497.0	6	False
ENSG00000129028	497.0	6	False
ENSG00000169594	496.0	6	False
ENSG00000140836	496.0	6	False
ENSG00000028277	496.0	6	False
ENSG00000065548	496.0	6	False
ENSG00000197279	495.0	6	False
ENSG00000273706	495.0	6	False
ENSG00000073861	495.0	6	False
ENSG00000175592	495.0	6	False
ENSG00000134317	494.0	6	False
ENSG00000197808	494.0	6	False
ENSG00000152439	494.0	6	False
ENSG00000134574	494.0	6	False
ENSG00000124782	494.0	6	False
ENSG00000173041	494.0	6	False
ENSG00000150347	494.0	6	False
ENSG00000196387	493.0	6	False
ENSG00000168772	493.0	6	False
ENSG00000092067	493.0	6	False
ENSG00000184221	493.0	6	False
ENSG00000112041	492.0	6	False
ENSG00000170100	492.0	6	False
ENSG00000214652	492.0	6	False
ENSG00000165061	491.0	6	False
ENSG00000063438	491.0	6	False
ENSG00000177374	491.0	6	False
ENSG00000104221	491.0	6	False
ENSG00000102145	491.0	6	False
ENSG00000116819	490.0	6	False
ENSG00000249961	490.0	6	False
ENSG00000111269	490.0	6	False
ENSG00000127445	490.0	6	False
ENSG00000172238	490.0	6	False
ENSG00000188909	489.0	6	False
ENSG00000130818	489.0	6	False
ENSG00000171148	489.0	6	False
ENSG00000123358	488.0	6	False
ENSG00000184271	488.0	6	False
ENSG00000197044	488.0	6	False
ENSG00000179965	488.0	6	False
ENSG00000159377	488.0	6	False
ENSG00000170166	488.0	6	False
ENSG00000128645	488.0	6	False
ENSG00000196323	487.0	6	False
ENSG00000167554	487.0	6	False
ENSG00000197587	487.0	6	False
ENSG00000179909	487.0	6	False
ENSG00000148200	487.0	6	False
ENSG00000128652	487.0	6	False
ENSG00000115966	487.0	6	False
ENSG00000130700	487.0	6	False
ENSG00000170485	486.0	6	False
ENSG00000137309	486.0	6	False
ENSG00000137273	486.0	6	False
ENSG00000108064	486.0	6	False
ENSG00000140993	486.0	6	False
ENSG00000118620	486.0	6	False
ENSG00000066336	486.0	6	False
ENSG00000205922	485.0	6	False
ENSG00000185404	485.0	6	False
ENSG00000130684	484.0	6	False
ENSG00000152217	484.0	6	False
ENSG00000156273	484.0	6	False
ENSG00000182111	484.0	6	False
ENSG00000067646	484.0	6	False
ENSG00000140386	483.0	6	False
ENSG00000109705	483.0	6	False
ENSG00000188070	483.0	6	False
ENSG00000164185	483.0	6	False
ENSG00000160633	482.0	6	False
ENSG00000198945	482.0	6	False
ENSG00000175029	482.0	6	False
ENSG00000100968	482.0	6	False
ENSG00000187607	482.0	6	False
ENSG00000029993	482.0	6	False
ENSG00000120963	481.0	6	False
ENSG00000100393	481.0	6	False
ENSG00000129152	481.0	6	False
ENSG00000115750	480.0	6	False
ENSG00000185697	479.0	6	False
ENSG00000172493	479.0	6	False
ENSG00000100207	479.0	6	False
ENSG00000198081	479.0	6	False
ENSG00000174279	479.0	6	False
ENSG00000141644	478.0	6	False
ENSG00000198342	478.0	6	False
ENSG00000163792	478.0	6	False
ENSG00000067955	478.0	6	False
ENSG00000107485	477.0	6	False
ENSG00000143257	477.0	6	False
ENSG00000048405	477.0	6	False
ENSG00000189299	477.0	6	False
ENSG00000108813	477.0	6	False
ENSG00000170265	476.0	6	False
ENSG00000158055	476.0	6	False
ENSG00000181965	476.0	6	False
ENSG00000221923	476.0	6	False
ENSG00000198963	475.0	6	False
ENSG00000197162	475.0	6	False
ENSG00000157514	475.0	6	False
ENSG00000114554	475.0	6	False
ENSG00000137270	475.0	6	False
ENSG00000168779	475.0	6	False
ENSG00000091656	475.0	6	False
ENSG00000083814	474.0	6	False
ENSG00000169083	474.0	6	False
ENSG00000166986	474.0	6	False
ENSG00000188095	474.0	6	False
ENSG00000176678	473.0	6	False
ENSG00000041988	473.0	6	False
ENSG00000198556	473.0	6	False
ENSG00000181896	473.0	6	False
ENSG00000101883	473.0	6	False
ENSG00000187605	473.0	6	False
ENSG00000215474	473.0	6	False
ENSG00000100146	473.0	6	False
ENSG00000060237	472.0	6	False
ENSG00000173276	472.0	6	False
ENSG00000170689	471.0	6	False
ENSG00000161980	470.0	6	False
ENSG00000184302	470.0	6	False
ENSG00000196867	470.0	6	False
ENSG00000175329	470.0	6	False
ENSG00000104064	470.0	6	False
ENSG00000167081	470.0	6	False
ENSG00000025156	469.0	6	False
ENSG00000148826	469.0	6	False
ENSG00000225830	469.0	6	False
ENSG00000176472	469.0	6	False
ENSG00000177551	469.0	6	False
ENSG00000179388	469.0	6	False
ENSG00000187801	468.0	6	False
ENSG00000267680	468.0	6	False
ENSG00000198169	468.0	6	False
ENSG00000197497	468.0	6	False
ENSG00000072364	468.0	6	False
ENSG00000143321	468.0	6	False
ENSG00000009954	468.0	6	False
ENSG00000158805	468.0	6	False
ENSG00000052850	467.0	6	False
ENSG00000064490	467.0	6	False
ENSG00000177485	467.0	6	False
ENSG00000092203	466.0	6	False
ENSG00000066697	466.0	6	False
ENSG00000065526	466.0	6	False
ENSG00000170561	465.0	6	False
ENSG00000197062	465.0	6	False
ENSG00000123388	465.0	6	False
ENSG00000290988	464.0	6	False
ENSG00000172748	464.0	6	False
ENSG00000137090	464.0	6	False
ENSG00000165588	464.0	6	False
ENSG00000169155	464.0	6	False
ENSG00000173068	464.0	6	False
ENSG00000049167	464.0	6	False
ENSG00000180035	464.0	6	False
ENSG00000187815	464.0	6	False
ENSG00000106399	464.0	6	False
ENSG00000117036	463.0	6	False
non-targeting|126	463.0	6	True
ENSG00000167562	463.0	6	False
ENSG00000181450	462.0	6	False
ENSG00000173404	462.0	6	False
ENSG00000105722	462.0	6	False
ENSG00000102878	462.0	6	False
ENSG00000188283	462.0	6	False
ENSG00000145908	461.0	6	False
ENSG00000197961	461.0	6	False
ENSG00000146676	461.0	6	False
ENSG00000102349	461.0	6	False
ENSG00000196391	461.0	6	False
ENSG00000196705	460.0	6	False
ENSG00000122778	460.0	6	False
ENSG00000015153	460.0	6	False
ENSG00000221944	460.0	6	False
ENSG00000078399	460.0	6	False
ENSG00000171223	459.0	6	False
ENSG00000164684	459.0	6	False
ENSG00000176083	459.0	6	False
ENSG00000172466	458.0	6	False
ENSG00000196946	458.0	6	False
ENSG00000162601	458.0	6	False
ENSG00000140968	458.0	6	False
ENSG00000085274	458.0	6	False
ENSG00000152977	457.0	6	False
ENSG00000187792	457.0	6	False
ENSG00000141380	457.0	6	False
ENSG00000141956	457.0	6	False
ENSG00000139154	457.0	6	False
ENSG00000007237	456.0	6	False
ENSG00000164778	456.0	6	False
ENSG00000152804	456.0	6	False
ENSG00000106624	456.0	6	False
ENSG00000105662	455.0	6	False
ENSG00000082258	455.0	6	False
ENSG00000180806	455.0	6	False
ENSG00000130711	455.0	6	False
ENSG00000108799	454.0	6	False
ENSG00000147596	454.0	6	False
ENSG00000009709	454.0	6	False
ENSG00000143194	453.0	6	False
ENSG00000180346	453.0	6	False
ENSG00000140548	452.0	6	False
ENSG00000186446	451.0	6	False
ENSG00000198824	451.0	6	False
ENSG00000133937	451.0	5	False
ENSG00000176842	451.0	6	False
ENSG00000165821	451.0	6	False
ENSG00000176293	450.0	6	False
ENSG00000204859	450.0	6	False
ENSG00000161914	450.0	6	False
ENSG00000104856	450.0	6	False
ENSG00000101115	450.0	6	False
ENSG00000186766	450.0	6	False
ENSG00000151789	449.0	6	False
ENSG00000131264	449.0	6	False
ENSG00000114853	449.0	6	False
ENSG00000160685	449.0	6	False
ENSG00000196767	448.0	6	False
ENSG00000162664	448.0	6	False
ENSG00000133250	448.0	6	False
ENSG00000118217	448.0	6	False
ENSG00000162924	447.0	6	False
ENSG00000178177	447.0	6	False
ENSG00000177030	447.0	6	False
ENSG00000196466	446.0	6	False
ENSG00000130856	446.0	6	False
ENSG00000205927	446.0	6	False
ENSG00000214029	446.0	6	False
ENSG00000012223	446.0	6	False
ENSG00000168267	446.0	6	False
ENSG00000143867	445.0	6	False
ENSG00000143799	445.0	6	False
ENSG00000169951	445.0	6	False
ENSG00000128714	445.0	6	False
ENSG00000122859	445.0	6	False
ENSG00000180787	444.0	6	False
ENSG00000161277	444.0	6	False
ENSG00000197063	444.0	6	False
ENSG00000036549	444.0	6	False
ENSG00000198466	443.0	6	False
ENSG00000165684	443.0	6	False
ENSG00000116035	443.0	6	False
ENSG00000083812	443.0	6	False
ENSG00000169744	443.0	6	False
ENSG00000005102	443.0	6	False
ENSG00000198455	442.0	6	False
ENSG00000196712	442.0	6	False
non-targeting|37	442.0	6	False
ENSG00000171872	442.0	6	False
ENSG00000077092	442.0	6	False
ENSG00000179981	441.0	6	False
ENSG00000136997	441.0	6	False
ENSG00000103199	441.0	6	False
ENSG00000124496	441.0	6	False
ENSG00000170374	440.0	6	False
ENSG00000148337	440.0	6	False
ENSG00000181315	440.0	6	False
ENSG00000261678	440.0	6	False
ENSG00000141040	440.0	6	False
ENSG00000198791	439.0	6	False
ENSG00000137492	439.0	6	False
ENSG00000123576	439.0	6	False
ENSG00000121060	438.0	6	False
ENSG00000147124	438.0	6	False
ENSG00000177599	437.0	6	False
ENSG00000069399	437.0	6	False
ENSG00000186660	437.0	6	False
ENSG00000112238	437.0	6	False
ENSG00000083223	436.0	6	False
ENSG00000175387	436.0	6	False
ENSG00000177946	436.0	6	False
ENSG00000172939	435.0	6	False
ENSG00000189180	435.0	6	False
ENSG00000153560	434.0	6	False
ENSG00000156374	434.0	6	False
ENSG00000176407	434.0	6	False
ENSG00000140307	434.0	6	False
ENSG00000171161	434.0	6	False
ENSG00000182141	434.0	6	False
ENSG00000136603	432.0	6	False
ENSG00000221818	432.0	6	False
ENSG00000135111	432.0	6	False
ENSG00000171649	431.0	6	False
ENSG00000173801	431.0	6	False
ENSG00000105750	431.0	6	False
ENSG00000116539	431.0	6	False
ENSG00000159915	429.0	6	False
ENSG00000197343	429.0	6	False
ENSG00000196653	429.0	6	False
ENSG00000183684	429.0	6	False
ENSG00000175395	429.0	6	False
ENSG00000153250	428.0	6	False
ENSG00000130816	428.0	6	False
ENSG00000116793	427.0	6	False
ENSG00000183072	427.0	6	False
ENSG00000275004	427.0	6	False
ENSG00000189298	426.0	6	False
ENSG00000186051	426.0	6	False
ENSG00000102854	426.0	6	False
ENSG00000196172	426.0	6	False
ENSG00000180535	426.0	6	False
ENSG00000198182	425.0	6	False
ENSG00000100426	425.0	6	False
ENSG00000163872	425.0	6	False
ENSG00000164736	425.0	6	False
ENSG00000157933	424.0	6	False
ENSG00000103241	424.0	6	False
ENSG00000175325	424.0	6	False
ENSG00000197024	424.0	6	False
ENSG00000205250	423.0	6	False
ENSG00000235268	423.0	6	False
ENSG00000150907	423.0	6	False
ENSG00000120094	423.0	6	False
ENSG00000115415	423.0	6	False
ENSG00000115297	423.0	6	False
ENSG00000138336	421.0	6	False
ENSG00000018869	421.0	6	False
ENSG00000139083	421.0	6	False
ENSG00000120693	420.0	6	False
ENSG00000165244	420.0	6	False
ENSG00000204713	420.0	6	False
ENSG00000168874	420.0	6	False
ENSG00000043355	420.0	6	False
ENSG00000185670	419.0	6	False
ENSG00000290292	419.0	6	False
ENSG00000101076	419.0	6	False
ENSG00000272886	419.0	6	False
ENSG00000182986	419.0	6	False
ENSG00000011590	419.0	6	False
ENSG00000104903	418.0	6	False
ENSG00000174576	418.0	6	False
ENSG00000204947	418.0	6	False
ENSG00000165156	418.0	6	False
ENSG00000102034	418.0	6	False
ENSG00000105398	417.0	6	False
ENSG00000196967	417.0	6	False
ENSG00000164683	417.0	6	False
ENSG00000197779	417.0	6	False
ENSG00000170653	416.0	6	False
ENSG00000124203	416.0	6	False
ENSG00000142684	416.0	6	False
ENSG00000163064	416.0	6	False
ENSG00000178764	416.0	6	False
ENSG00000186564	415.0	6	False
ENSG00000126856	415.0	6	False
ENSG00000134595	415.0	6	False
ENSG00000178917	414.0	6	False
ENSG00000151379	414.0	6	False
ENSG00000106554	413.0	6	False
ENSG00000131910	413.0	6	False
ENSG00000205143	412.0	6	False
ENSG00000196793	412.0	6	False
ENSG00000112658	412.0	6	False
ENSG00000171163	412.0	6	False
ENSG00000167555	411.0	6	False
ENSG00000250571	411.0	6	False
ENSG00000103343	410.0	6	False
ENSG00000197123	410.0	6	False
ENSG00000179930	410.0	6	False
ENSG00000214336	410.0	6	False
ENSG00000179528	410.0	6	False
ENSG00000196092	409.0	6	False
ENSG00000248496	409.0	6	False
ENSG00000198205	409.0	6	False
ENSG00000106290	408.0	6	False
ENSG00000065978	408.0	6	False
ENSG00000158773	408.0	6	False
ENSG00000182742	407.0	6	False
ENSG00000130254	407.0	6	False
ENSG00000153879	407.0	6	False
ENSG00000102870	407.0	6	False
ENSG00000110768	406.0	6	False
ENSG00000198939	406.0	6	False
ENSG00000196693	406.0	6	False
ENSG00000198105	406.0	6	False
ENSG00000172818	405.0	6	False
ENSG00000116990	405.0	6	False
ENSG00000187821	405.0	6	False
ENSG00000105717	405.0	6	False
ENSG00000157657	405.0	6	False
ENSG00000068024	404.0	6	False
ENSG00000197020	404.0	6	False
ENSG00000183309	404.0	6	False
ENSG00000196109	403.0	6	False
ENSG00000127152	403.0	6	False
ENSG00000115041	403.0	6	False
ENSG00000165655	403.0	6	False
ENSG00000146678	403.0	6	False
ENSG00000196456	402.0	6	False
ENSG00000185002	402.0	6	False
ENSG00000056277	401.0	6	False
ENSG00000136944	401.0	6	False
ENSG00000142700	401.0	6	False
ENSG00000185669	401.0	6	False
ENSG00000166349	401.0	6	False
ENSG00000184058	401.0	6	False
ENSG00000173757	401.0	6	False
ENSG00000251493	401.0	6	False
ENSG00000197362	401.0	6	False
ENSG00000106038	401.0	6	False
ENSG00000113722	400.0	6	False
ENSG00000125651	400.0	6	False
ENSG00000141384	400.0	6	False
ENSG00000112033	400.0	6	False
ENSG00000172845	400.0	6	False
ENSG00000213246	400.0	6	False
ENSG00000176946	400.0	6	False
ENSG00000068305	400.0	6	False
ENSG00000111145	400.0	6	False
ENSG00000120149	400.0	6	False
ENSG00000142528	400.0	6	False
ENSG00000174446	399.0	6	False
ENSG00000137834	399.0	6	False
ENSG00000183340	399.0	6	False
ENSG00000159200	399.0	6	False
ENSG00000122085	399.0	6	False
ENSG00000134438	399.0	6	False
ENSG00000151090	399.0	6	False
ENSG00000204356	399.0	6	False
ENSG00000196378	398.0	6	False
ENSG00000166925	398.0	6	False
ENSG00000143171	398.0	6	False
ENSG00000130751	398.0	6	False
ENSG00000182463	398.0	5	False
ENSG00000105229	398.0	6	False
ENSG00000131116	398.0	6	False
ENSG00000121297	398.0	6	False
ENSG00000136504	398.0	6	False
ENSG00000119919	398.0	6	False
ENSG00000204231	397.0	6	False
ENSG00000156127	397.0	6	False
ENSG00000164631	397.0	6	False
ENSG00000126778	397.0	6	False
ENSG00000155508	396.0	6	False
ENSG00000188290	396.0	6	False
ENSG00000144331	396.0	6	False
ENSG00000196263	396.0	6	False
ENSG00000128709	395.0	6	False
ENSG00000250709	395.0	6	False
ENSG00000164924	395.0	6	False
ENSG00000101266	394.0	6	False
ENSG00000163170	394.0	6	False
ENSG00000141568	394.0	6	False
ENSG00000130522	394.0	6	False
ENSG00000179774	393.0	6	False
ENSG00000225614	393.0	6	False
ENSG00000164296	393.0	6	False
non-targeting|76	393.0	6	False
ENSG00000197724	392.0	6	False
ENSG00000060138	392.0	6	False
ENSG00000118260	391.0	6	False
ENSG00000072736	391.0	6	False
ENSG00000065029	391.0	6	False
ENSG00000197363	391.0	6	False
ENSG00000198346	391.0	6	False
ENSG00000166211	391.0	6	False
ENSG00000178338	391.0	6	False
ENSG00000213347	391.0	6	False
ENSG00000118707	391.0	6	False
ENSG00000167981	389.0	6	False
ENSG00000109851	389.0	6	False
ENSG00000119403	389.0	6	False
ENSG00000169856	389.0	6	False
ENSG00000063587	388.0	6	False
ENSG00000124151	388.0	6	False
ENSG00000172000	388.0	6	False
ENSG00000108773	388.0	6	False
ENSG00000127081	388.0	6	False
ENSG00000112182	387.0	6	False
ENSG00000131931	387.0	6	False
ENSG00000111704	387.0	6	False
ENSG00000167157	387.0	6	False
ENSG00000266265	387.0	5	False
ENSG00000105880	387.0	6	False
ENSG00000130940	386.0	6	False
ENSG00000124664	386.0	6	False
ENSG00000172733	385.0	6	False
ENSG00000083844	385.0	6	False
ENSG00000168661	385.0	6	False
ENSG00000196345	385.0	6	False
ENSG00000269699	385.0	3	False
ENSG00000124827	385.0	6	False
ENSG00000176679	385.0	4	False
ENSG00000138083	384.0	6	False
ENSG00000181638	384.0	6	False
ENSG00000165643	384.0	6	False
ENSG00000146232	384.0	6	False
ENSG00000237765	383.0	6	False
ENSG00000149922	383.0	6	False
ENSG00000198298	383.0	6	False
ENSG00000275410	383.0	6	False
ENSG00000163159	382.0	6	False
ENSG00000163623	382.0	6	False
ENSG00000136327	381.0	6	False
ENSG00000197905	381.0	6	False
ENSG00000183734	381.0	6	False
ENSG00000124795	381.0	6	False
ENSG00000186272	381.0	6	False
ENSG00000181220	380.0	6	False
ENSG00000136574	380.0	6	False
ENSG00000162761	380.0	6	False
ENSG00000141258	380.0	6	False
ENSG00000177873	380.0	6	False
ENSG00000124191	379.0	6	False
ENSG00000126767	379.0	6	False
ENSG00000196460	379.0	6	False
ENSG00000197372	379.0	6	False
ENSG00000064835	378.0	6	False
ENSG00000273841	378.0	6	False
ENSG00000212993	378.0	6	False
ENSG00000107164	377.0	6	False
ENSG00000112246	377.0	6	False
ENSG00000166987	377.0	6	False
non-targeting|7	376.0	6	False
ENSG00000198839	376.0	6	False
ENSG00000123609	376.0	6	False
ENSG00000122877	376.0	6	False
ENSG00000178928	376.0	6	False
ENSG00000139687	375.0	6	False
ENSG00000235608	375.0	6	False
ENSG00000170549	375.0	6	False
ENSG00000176024	375.0	6	False
ENSG00000011243	375.0	6	False
ENSG00000269404	375.0	6	False
ENSG00000134744	374.0	6	False
ENSG00000249471	374.0	6	False
ENSG00000198911	374.0	6	False
ENSG00000182968	374.0	6	False
ENSG00000223614	373.0	6	False
ENSG00000130382	373.0	6	False
ENSG00000105996	373.0	6	False
ENSG00000127903	372.0	6	False
ENSG00000204595	372.0	6	False
ENSG00000186777	372.0	6	False
ENSG00000170396	371.0	6	False
ENSG00000198908	371.0	6	False
ENSG00000197134	370.0	6	False
ENSG00000160352	370.0	6	False
ENSG00000165495	370.0	6	False
ENSG00000182944	370.0	6	False
ENSG00000196233	370.0	6	False
ENSG00000125817	370.0	6	False
ENSG00000188620	370.0	6	False
ENSG00000167967	369.0	6	False
ENSG00000113761	369.0	6	False
ENSG00000140682	368.0	6	False
ENSG00000152192	368.0	6	False
ENSG00000181472	367.0	6	False
ENSG00000197951	367.0	6	False
ENSG00000141510	367.0	6	False
ENSG00000167394	367.0	6	False
ENSG00000213967	366.0	6	False
ENSG00000109685	366.0	6	False
ENSG00000169989	366.0	6	False
ENSG00000170515	366.0	6	False
ENSG00000167785	365.0	6	False
ENSG00000163132	365.0	6	False
ENSG00000112333	365.0	6	False
ENSG00000162599	365.0	6	False
ENSG00000140009	365.0	6	False
ENSG00000155592	365.0	6	False
ENSG00000111049	364.0	6	False
ENSG00000135373	364.0	6	False
ENSG00000275111	363.0	6	False
ENSG00000079432	363.0	6	False
ENSG00000008197	363.0	6	False
ENSG00000171735	363.0	6	False
ENSG00000126603	363.0	6	False
ENSG00000176723	362.0	6	False
ENSG00000078699	362.0	6	False
ENSG00000006704	362.0	6	False
ENSG00000103326	362.0	6	False
ENSG00000141052	362.0	6	False
ENSG00000141579	361.0	6	False
ENSG00000149968	361.0	6	False
ENSG00000153767	360.0	6	False
ENSG00000136770	360.0	6	False
ENSG00000079263	360.0	6	False
ENSG00000005513	360.0	6	False
ENSG00000242441	359.0	6	False
ENSG00000109381	359.0	6	False
ENSG00000159905	359.0	6	False
ENSG00000174796	358.0	6	False
ENSG00000121903	358.0	6	False
ENSG00000160094	358.0	6	False
ENSG00000189120	358.0	6	False
ENSG00000196458	357.0	6	False
ENSG00000198046	357.0	6	False
ENSG00000159184	357.0	6	False
ENSG00000230257	356.0	6	False
ENSG00000173153	356.0	6	False
ENSG00000176692	356.0	6	False
ENSG00000178691	355.0	6	False
ENSG00000173875	355.0	6	False
ENSG00000164920	355.0	6	False
ENSG00000102974	355.0	6	False
ENSG00000088881	355.0	6	False
ENSG00000245848	355.0	6	False
ENSG00000154832	354.0	6	False
ENSG00000052126	354.0	6	False
ENSG00000141027	354.0	6	False
ENSG00000215397	353.0	6	False
ENSG00000180855	352.0	6	False
ENSG00000171532	352.0	6	False
ENSG00000116478	351.0	6	False
ENSG00000229544	350.0	6	False
ENSG00000251192	350.0	6	False
ENSG00000196605	350.0	6	False
ENSG00000085644	350.0	6	False
ENSG00000148513	350.0	6	False
ENSG00000196350	349.0	6	False
ENSG00000174586	348.0	6	False
ENSG00000124092	348.0	6	False
ENSG00000186230	348.0	6	False
ENSG00000166337	347.0	6	False
ENSG00000196812	347.0	6	False
ENSG00000101216	347.0	6	False
ENSG00000113916	347.0	6	False
ENSG00000132740	347.0	6	False
ENSG00000154957	346.0	6	False
ENSG00000168505	346.0	6	False
ENSG00000136866	346.0	6	False
ENSG00000162702	346.0	6	False
ENSG00000166860	346.0	6	False
ENSG00000014164	345.0	6	False
ENSG00000164379	345.0	6	False
ENSG00000220201	345.0	6	False
ENSG00000168875	344.0	6	False
ENSG00000115112	344.0	6	False
ENSG00000196646	343.0	6	False
ENSG00000168724	343.0	6	False
ENSG00000164651	342.0	6	False
ENSG00000124216	342.0	6	False
ENSG00000165606	342.0	6	False
ENSG00000062370	341.0	6	False
ENSG00000095794	340.0	6	False
ENSG00000005801	340.0	6	False
ENSG00000028839	340.0	6	False
ENSG00000177853	340.0	6	False
ENSG00000197016	339.0	6	False
ENSG00000171448	339.0	6	False
ENSG00000104804	339.0	6	False
ENSG00000125798	338.0	6	False
ENSG00000177468	338.0	6	False
ENSG00000204304	338.0	6	False
ENSG00000143390	337.0	6	False
ENSG00000205189	337.0	6	False
ENSG00000198554	337.0	6	False
ENSG00000163161	337.0	6	False
ENSG00000124641	336.0	6	False
ENSG00000184937	336.0	6	False
ENSG00000123095	335.0	6	False
ENSG00000151650	335.0	6	False
ENSG00000147118	335.0	6	False
ENSG00000095951	334.0	6	False
ENSG00000205899	334.0	6	False
ENSG00000157557	334.0	6	False
ENSG00000179943	334.0	6	False
ENSG00000185811	333.0	6	False
ENSG00000107077	333.0	6	False
ENSG00000169840	333.0	6	False
ENSG00000176182	333.0	6	False
ENSG00000214513	332.0	6	False
ENSG00000261787	332.0	6	False
ENSG00000128000	332.0	6	False
ENSG00000116016	332.0	6	False
ENSG00000143621	331.0	6	False
ENSG00000088876	331.0	6	False
ENSG00000257315	331.0	4	False
ENSG00000131668	331.0	6	False
ENSG00000112511	331.0	6	False
ENSG00000256294	331.0	6	False
ENSG00000126746	330.0	6	False
ENSG00000100987	329.0	6	False
ENSG00000106479	328.0	6	False
ENSG00000065970	328.0	6	False
ENSG00000057935	328.0	6	False
ENSG00000177425	328.0	6	False
ENSG00000157613	328.0	6	False
ENSG00000198440	327.0	6	False
ENSG00000122386	326.0	6	False
ENSG00000023608	325.0	6	False
ENSG00000185960	325.0	6	False
ENSG00000138433	325.0	6	False
ENSG00000130182	325.0	6	False
ENSG00000118418	324.0	6	False
ENSG00000186951	321.0	6	False
ENSG00000140577	321.0	6	False
ENSG00000197780	321.0	6	False
ENSG00000056586	321.0	6	False
ENSG00000171970	321.0	6	False
ENSG00000174255	320.0	6	False
ENSG00000163909	320.0	6	False
ENSG00000008196	320.0	6	False
ENSG00000159588	320.0	6	False
ENSG00000103495	319.0	6	False
ENSG00000074800	319.0	6	False
ENSG00000186814	318.0	6	False
ENSG00000162624	318.0	6	False
ENSG00000149480	318.0	6	False
ENSG00000162419	318.0	6	False
ENSG00000165804	318.0	5	False
ENSG00000165462	318.0	6	False
ENSG00000159917	317.0	6	False
ENSG00000111358	317.0	6	False
ENSG00000278570	315.0	6	False
ENSG00000102901	314.0	6	False
ENSG00000073282	314.0	6	False
ENSG00000136936	313.0	6	False
ENSG00000204946	312.0	6	False
ENSG00000189042	311.0	6	False
ENSG00000106459	311.0	6	False
ENSG00000166454	311.0	6	False
ENSG00000105136	310.0	6	False
ENSG00000113430	309.0	6	False
ENSG00000077150	309.0	6	False
ENSG00000131381	308.0	6	False
ENSG00000132024	308.0	6	False
ENSG00000167962	306.0	6	False
ENSG00000005339	304.0	6	False
ENSG00000163497	304.0	6	False
ENSG00000090861	303.0	3	False
ENSG00000154655	303.0	6	False
ENSG00000165891	302.0	6	False
ENSG00000188816	302.0	6	False
ENSG00000204498	302.0	6	False
ENSG00000146285	301.0	6	False
ENSG00000196453	301.0	6	False
ENSG00000165030	301.0	6	False
ENSG00000188171	300.0	6	False
ENSG00000131914	299.0	6	False
ENSG00000063978	299.0	6	False
ENSG00000168269	299.0	6	False
ENSG00000148300	299.0	6	False
ENSG00000116731	298.0	6	False
ENSG00000167395	298.0	6	False
ENSG00000170312	297.0	6	False
ENSG00000205857	297.0	6	False
ENSG00000171056	296.0	6	False
ENSG00000155545	296.0	6	False
ENSG00000126733	296.0	6	False
ENSG00000188321	294.0	4	False
ENSG00000119725	293.0	6	False
ENSG00000074219	293.0	6	False
ENSG00000163884	291.0	6	False
ENSG00000243943	291.0	6	False
ENSG00000183495	291.0	6	False
ENSG00000107249	291.0	6	False
ENSG00000007866	290.0	6	False
ENSG00000120705	289.0	6	False
ENSG00000198546	288.0	6	False
ENSG00000178665	288.0	6	False
ENSG00000204604	288.0	6	False
ENSG00000197841	287.0	6	False
ENSG00000182983	286.0	6	False
ENSG00000117010	284.0	6	False
ENSG00000148411	283.0	6	False
ENSG00000014824	282.0	6	False
ENSG00000164975	279.0	6	False
ENSG00000029153	279.0	6	False
ENSG00000108788	278.0	6	False
ENSG00000141968	277.0	6	False
ENSG00000125813	276.0	6	False
ENSG00000164649	276.0	6	False
ENSG00000130675	276.0	6	False
ENSG00000115568	275.0	6	False
ENSG00000106331	274.0	6	False
ENSG00000166261	274.0	6	False
ENSG00000182759	273.0	6	False
ENSG00000168610	272.0	6	False
ENSG00000153779	272.0	4	False
ENSG00000138073	271.0	6	False
ENSG00000108509	271.0	6	False
ENSG00000171467	270.0	6	False
ENSG00000196843	270.0	6	False
ENSG00000172059	270.0	6	False
ENSG00000101412	269.0	6	False
ENSG00000175792	268.0	6	False
ENSG00000119041	268.0	6	False
ENSG00000152926	268.0	6	False
ENSG00000203883	268.0	6	False
ENSG00000164256	267.0	6	False
ENSG00000130584	267.0	6	False
ENSG00000141448	265.0	6	False
ENSG00000183434	265.0	6	False
ENSG00000043039	263.0	6	False
ENSG00000124613	263.0	6	False
ENSG00000160973	263.0	6	False
ENSG00000119614	262.0	6	False
ENSG00000183733	262.0	6	False
ENSG00000232237	261.0	6	False
ENSG00000149136	260.0	6	False
ENSG00000060566	259.0	6	False
ENSG00000173480	258.0	5	False
ENSG00000172201	258.0	6	False
ENSG00000197935	257.0	6	False
ENSG00000170608	257.0	6	False
ENSG00000121068	256.0	6	False
ENSG00000180938	254.0	6	False
ENSG00000188981	253.0	6	False
ENSG00000123374	250.0	6	False
ENSG00000058673	247.0	4	False
ENSG00000198300	237.0	3	False
ENSG00000203667	236.0	6	False
ENSG00000080298	235.0	6	False
ENSG00000270011	234.0	3	False
ENSG00000025293	234.0	6	False
ENSG00000189067	231.0	6	False
ENSG00000129911	231.0	6	False
ENSG00000170322	228.0	6	False
ENSG00000177125	227.0	6	False
ENSG00000188342	222.0	6	False
ENSG00000069011	221.0	6	False
ENSG00000185610	219.0	6	False
ENSG00000180884	214.0	6	False
ENSG00000172667	210.0	6	False
ENSG00000185177	208.0	6	False
ENSG00000148835	205.0	6	False
ENSG00000145734	204.0	6	False
ENSG00000172789	204.0	2	False
ENSG00000130724	200.0	6	False
ENSG00000129534	199.0	6	False
ENSG00000198176	196.0	6	False
ENSG00000198034	195.0	6	False
ENSG00000197054	186.0	1	False
ENSG00000178028	184.0	6	False
ENSG00000156469	181.0	6	False
ENSG00000134014	179.0	6	False
ENSG00000147133	175.0	6	False
ENSG00000117133	173.0	6	False
ENSG00000164611	171.0	6	False
ENSG00000165060	170.0	6	False
ENSG00000196235	164.0	6	False
ENSG00000101057	159.0	6	False
ENSG00000169955	150.0	1	False
ENSG00000137947	142.0	6	False
ENSG00000275700	141.0	6	False
ENSG00000197757	140.0	2	False
ENSG00000096401	139.0	6	False
ENSG00000132382	135.0	6	False
ENSG00000290687	104.0	6	False
ENSG00000144161	103.0	6	False
ENSG00000173145	86.0	6	False
ENSG00000242852	79.0	1	False
ENSG00000172273	76.0	6	False
ENSG00000196757	63.0	1	False
ENSG00000169136	60.0	6	False
ENSG00000143498	54.0	6	False
ENSG00000136492	48.0	6	False
ENSG00000020426	31.0	6	False
