2025-09-12 17:55:59.092831	https://www.encodeproject.org/report/?type=Experiment&replicates.library.biosample.donor.organism.scientific_name=Homo+sapiens&assay_title=TF+ChIP-seq&status=released&biosample_ontology.term_name=WTC11&files.file_type=bed+narrowPeak&limit=all
ID	Accession	Assay name	Assay title	Biosample classification	Target	Target of assay	Target gene symbol	Biosample summary	Biosample term name	Dbxrefs	Description	Lab	Project	Status	Files	Related series	Biosample accession	Biological replicate	Technical replicate	Linked antibody	Organism	Life stage	Biosample age	Biosample treatment	Biosample treatment ontology ID	Biosample treatment amount	Biosample treatment amount units	Biosample treatment duration	Biosample treatment duration units	Synchronization	Post-synchronization time	Post-synchronization time units	Biosample modification site target organism	Biosample modification site introduced gene organism	Replicates	Mixed biosamples	Cellular component	Library construction platform	Library construction method
/experiments/ENCSR568LRK/	ENCSR568LRK	ChIP-seq	TF ChIP-seq	cell line	/targets/JAZF1-human/	JAZF1	JAZF1	Homo sapiens WTC11 genetically modified (insertion) using CRISPR targeting H. sapiens JAZF1	WTC11	GEO:GSE188155	eGFP-JAZF1 ChIP-seq on human WTC11	Michael Snyder, Stanford	ENCODE	released	/files/ENCFF231JXT/,/files/ENCFF597NYJ/,/files/ENCFF321PPK/,/files/ENCFF847NNQ/,/files/ENCFF550LBP/,/files/ENCFF449OYE/,/files/ENCFF039BNF/,/files/ENCFF064SPP/,/files/ENCFF187XYF/,/files/ENCFF289ZCL/,/files/ENCFF927CGB/,/files/ENCFF093YYM/,/files/ENCFF257BHZ/,/files/ENCFF233LQJ/,/files/ENCFF859HOZ/,/files/ENCFF654IBT/,/files/ENCFF145ATG/,/files/ENCFF955OZK/,/files/ENCFF391MXP/,/files/ENCFF113YAF/,/files/ENCFF887WAU/,/files/ENCFF039UJC/,/files/ENCFF012TGC/,/files/ENCFF374QUG/,/files/ENCFF369LBF/,/files/ENCFF958GRP/		ENCBS852KUV,ENCBS716HBH	1,2	1	ENCAB728YTO	Homo sapiens	adult	30 years										/organisms/human/		/replicates/fa924ad5-3340-4213-a0d3-9446f1559771/,/replicates/7ebd5aa7-c2a2-4f5b-8d1b-b1b5fab3e170/				
/experiments/ENCSR546PDE/	ENCSR546PDE	ChIP-seq	TF ChIP-seq	cell line	/targets/FOXP1-human/	FOXP1	FOXP1	Homo sapiens WTC11 genetically modified (insertion) using CRISPR targeting H. sapiens FOXP1	WTC11	GEO:GSE230899	ChIP-Seq on WTC11	Richard Myers, HAIB	ENCODE	released	/files/ENCFF168QXU/,/files/ENCFF773MNX/,/files/ENCFF023NWB/,/files/ENCFF715WYR/,/files/ENCFF796ITH/,/files/ENCFF983UCV/,/files/ENCFF853OIC/,/files/ENCFF833JGG/,/files/ENCFF403XPD/,/files/ENCFF031AIE/,/files/ENCFF500QMC/,/files/ENCFF459OMX/,/files/ENCFF050IDZ/,/files/ENCFF125WCE/,/files/ENCFF422ZQW/,/files/ENCFF096GXM/,/files/ENCFF313QJD/,/files/ENCFF638CLW/,/files/ENCFF338WGC/,/files/ENCFF330RCL/,/files/ENCFF854XHL/,/files/ENCFF970CWN/,/files/ENCFF798AMA/,/files/ENCFF136QKG/		ENCBS749QHS,ENCBS639CMT	1,2	1	ENCAB697XQW	Homo sapiens	adult	30 years										/organisms/human/		/replicates/55b84363-bc46-4526-9aa0-beb40785c83b/,/replicates/e8b8519f-6f17-4e1d-962f-7a32f6233f86/				
/experiments/ENCSR214RUE/	ENCSR214RUE	ChIP-seq	TF ChIP-seq	cell line	/targets/ZNF219-human/	ZNF219	ZNF219	Homo sapiens WTC11 genetically modified (insertion) using CRISPR targeting H. sapiens ZNF219	WTC11	GEO:GSE231250	ChIP-Seq on WTC11	Richard Myers, HAIB	ENCODE	released	/files/ENCFF014ODE/,/files/ENCFF757FOM/,/files/ENCFF060VUL/,/files/ENCFF786RGR/,/files/ENCFF025KVM/,/files/ENCFF660FXN/,/files/ENCFF068TRH/,/files/ENCFF870XGI/,/files/ENCFF896EEE/,/files/ENCFF577ADJ/,/files/ENCFF048AFX/,/files/ENCFF384OOJ/,/files/ENCFF067CAM/,/files/ENCFF365HGM/,/files/ENCFF387CLT/,/files/ENCFF272CFU/,/files/ENCFF065WWV/,/files/ENCFF198AJL/,/files/ENCFF164XHP/,/files/ENCFF790NBP/,/files/ENCFF163XNY/,/files/ENCFF523OLY/,/files/ENCFF646YQP/,/files/ENCFF998WKU/		ENCBS797PRA,ENCBS924UEL	2,1	1	ENCAB697XQW	Homo sapiens	adult	30 years										/organisms/human/		/replicates/3c1c31d6-a4c5-41cc-96ed-d253004b8d30/,/replicates/3b5fcd21-8188-4129-a4c6-e761884fc86e/				
/experiments/ENCSR245QUM/	ENCSR245QUM	ChIP-seq	TF ChIP-seq	cell line	/targets/NFE2L1-human/	NFE2L1	NFE2L1	Homo sapiens WTC11 genetically modified (insertion) using CRISPR targeting H. sapiens NFE2L1	WTC11	GEO:GSE230890	ChIP-Seq on WTC11	Richard Myers, HAIB	ENCODE	released	/files/ENCFF764DVI/,/files/ENCFF602ULF/,/files/ENCFF849ZQY/,/files/ENCFF572KVT/,/files/ENCFF747EQJ/,/files/ENCFF122SUG/,/files/ENCFF485YOU/,/files/ENCFF517SGJ/,/files/ENCFF751QBY/,/files/ENCFF418DPC/,/files/ENCFF115JDD/,/files/ENCFF345VJM/,/files/ENCFF629CKR/,/files/ENCFF894LBI/,/files/ENCFF078EAM/,/files/ENCFF914MVL/,/files/ENCFF965BBJ/,/files/ENCFF644WOA/,/files/ENCFF644BPU/,/files/ENCFF954PAC/,/files/ENCFF147XHP/,/files/ENCFF209QKI/,/files/ENCFF412QPM/,/files/ENCFF317NJR/		ENCBS362GLP,ENCBS871FXA	1,2	1	ENCAB697XQW	Homo sapiens	adult	30 years										/organisms/human/		/replicates/8809a14c-968a-4e1c-af39-c04a2018da15/,/replicates/f1068741-b9cb-420a-9d74-85b7b9d74397/				
/experiments/ENCSR700LFA/	ENCSR700LFA	ChIP-seq	TF ChIP-seq	cell line	/targets/CREB1-human/	CREB1	CREB1	Homo sapiens WTC11 genetically modified (insertion) using CRISPR targeting H. sapiens CREB1	WTC11	GEO:GSE231151	ChIP-Seq on WTC11	Richard Myers, HAIB	ENCODE	released	/files/ENCFF702GJW/,/files/ENCFF293TAZ/,/files/ENCFF584PXQ/,/files/ENCFF494GTU/,/files/ENCFF973UMP/,/files/ENCFF075ABE/,/files/ENCFF409HDQ/,/files/ENCFF319EOY/,/files/ENCFF557CNR/,/files/ENCFF274WUK/,/files/ENCFF480IFD/,/files/ENCFF414DAD/,/files/ENCFF382AGF/,/files/ENCFF892UNS/,/files/ENCFF751DDA/,/files/ENCFF403FJH/,/files/ENCFF225XIZ/,/files/ENCFF616HSR/,/files/ENCFF119IND/,/files/ENCFF474LWS/,/files/ENCFF434EZB/,/files/ENCFF944HTQ/,/files/ENCFF760MAJ/,/files/ENCFF297VCI/		ENCBS504WKY,ENCBS928RPE	2,1	1	ENCAB697XQW	Homo sapiens	adult	30 years										/organisms/human/		/replicates/444e430e-acb3-4dff-8c7d-b76bf876d704/,/replicates/478e52ca-87d8-4751-812c-cd7c1636f153/				
/experiments/ENCSR350LBJ/	ENCSR350LBJ	ChIP-seq	TF ChIP-seq	cell line	/targets/KAT7-human/	KAT7	KAT7	Homo sapiens WTC11 genetically modified (insertion) using CRISPR targeting H. sapiens KAT7	WTC11	GEO:GSE231026	ChIP-Seq on WTC11	Richard Myers, HAIB	ENCODE	released	/files/ENCFF450QXN/,/files/ENCFF956GXC/,/files/ENCFF595CLP/,/files/ENCFF965JHQ/,/files/ENCFF179OTB/,/files/ENCFF043MLC/,/files/ENCFF659XWG/,/files/ENCFF665KWL/,/files/ENCFF546GDD/,/files/ENCFF037USX/,/files/ENCFF720ZIC/,/files/ENCFF416MDW/,/files/ENCFF854QPK/,/files/ENCFF840RLK/,/files/ENCFF881WRT/,/files/ENCFF345RZX/,/files/ENCFF461QUR/,/files/ENCFF019XPF/,/files/ENCFF242YWM/,/files/ENCFF490OVV/,/files/ENCFF232UTY/,/files/ENCFF073SNQ/,/files/ENCFF581TPB/,/files/ENCFF596LJS/		ENCBS694OCE,ENCBS551HRW	1,2	1	ENCAB697XQW	Homo sapiens	adult	30 years										/organisms/human/		/replicates/f01c80a2-2bd2-4644-ac37-e2c7bcf13d48/,/replicates/8b05a469-e115-4a4f-8b7e-01499ca748d3/				
/experiments/ENCSR803FIV/	ENCSR803FIV	ChIP-seq	TF ChIP-seq	cell line	/targets/MXD4-human/	MXD4	MXD4	Homo sapiens WTC11 genetically modified (insertion) using CRISPR targeting H. sapiens MXD4	WTC11	GEO:GSE209179	eGFP-MXD4 ChIP-seq on human WTC11	Michael Snyder, Stanford	ENCODE	released	/files/ENCFF039YNH/,/files/ENCFF597VDG/,/files/ENCFF273VZH/,/files/ENCFF920COX/,/files/ENCFF095BZH/,/files/ENCFF664JPG/,/files/ENCFF023YTZ/,/files/ENCFF266KIM/,/files/ENCFF044PLT/,/files/ENCFF587ERI/,/files/ENCFF601YFD/,/files/ENCFF740DNC/,/files/ENCFF842FKM/,/files/ENCFF898FPS/,/files/ENCFF501SCN/,/files/ENCFF103GRB/,/files/ENCFF009CPB/,/files/ENCFF519ZDH/,/files/ENCFF874QMB/,/files/ENCFF054NWA/,/files/ENCFF086WVT/,/files/ENCFF292PZF/,/files/ENCFF428AYR/,/files/ENCFF033RER/,/files/ENCFF582ZIQ/,/files/ENCFF986MSN/		ENCBS801MHK,ENCBS199QLV	1,2	1	ENCAB728YTO	Homo sapiens	adult	30 years										/organisms/human/		/replicates/3877afa8-9ef9-4d89-bc93-c49dfd877126/,/replicates/32f2126b-7114-4516-99db-d28266d8ebf3/				
/experiments/ENCSR623TZE/	ENCSR623TZE	ChIP-seq	TF ChIP-seq	cell line	/targets/SMAD4-human/	SMAD4	SMAD4	Homo sapiens WTC11 genetically modified (insertion) using CRISPR targeting H. sapiens SMAD4	WTC11	GEO:GSE209269	ChIP-Seq on WTC11	Richard Myers, HAIB	ENCODE	released	/files/ENCFF325WRV/,/files/ENCFF695FNH/,/files/ENCFF846JDG/,/files/ENCFF697MYP/,/files/ENCFF174GIJ/,/files/ENCFF950CZH/,/files/ENCFF215AJT/,/files/ENCFF313JED/,/files/ENCFF783KPU/,/files/ENCFF772GWT/,/files/ENCFF458KLK/,/files/ENCFF551QDU/,/files/ENCFF263JHV/,/files/ENCFF442SVC/,/files/ENCFF888ZSG/,/files/ENCFF900WKZ/,/files/ENCFF195KVB/,/files/ENCFF049ZLY/,/files/ENCFF752UYL/,/files/ENCFF912SPM/,/files/ENCFF936FHQ/,/files/ENCFF584LGQ/,/files/ENCFF331ZTS/,/files/ENCFF126SGU/		ENCBS853PVZ,ENCBS448XBQ	1,2	1	ENCAB697XQW	Homo sapiens	adult	30 years										/organisms/human/		/replicates/3c30ec95-d0fc-4aa1-95e1-0c4ef1e22e53/,/replicates/064daec8-8188-46c3-934d-68b5a62f9477/				
/experiments/ENCSR381IES/	ENCSR381IES	ChIP-seq	TF ChIP-seq	cell line	/targets/IRF1-human/	IRF1	IRF1	Homo sapiens WTC11 genetically modified (insertion) using CRISPR targeting H. sapiens IRF1	WTC11	GEO:GSE231081	ChIP-Seq on WTC11	Richard Myers, HAIB	ENCODE	released	/files/ENCFF942MPE/,/files/ENCFF235TSJ/,/files/ENCFF158QQW/,/files/ENCFF520UFG/,/files/ENCFF482BFY/,/files/ENCFF944MZG/,/files/ENCFF236JGJ/,/files/ENCFF970KKZ/,/files/ENCFF179XHX/,/files/ENCFF464TIU/,/files/ENCFF784VKK/,/files/ENCFF779XWL/,/files/ENCFF910ZUK/,/files/ENCFF862GSX/,/files/ENCFF882FQM/,/files/ENCFF137NLZ/,/files/ENCFF464HPE/,/files/ENCFF891XVK/,/files/ENCFF897FLH/,/files/ENCFF920EYO/,/files/ENCFF837ISW/,/files/ENCFF506LYD/,/files/ENCFF539FVN/,/files/ENCFF473GBL/		ENCBS988ISG,ENCBS601BMQ	1,2	1	ENCAB697XQW	Homo sapiens	adult	30 years										/organisms/human/		/replicates/8a806f87-a362-4d1b-ba0c-87dcc1e06e9f/,/replicates/b9c0151c-ab11-4a59-9a40-e0300144eff2/				
/experiments/ENCSR992XTY/	ENCSR992XTY	ChIP-seq	TF ChIP-seq	cell line	/targets/CTCF-human/	CTCF	CTCF	Homo sapiens WTC11	WTC11	GEO:GSE209094		Bradley Bernstein, Broad	ENCODE	released	/files/ENCFF213MTD/,/files/ENCFF521SOD/,/files/ENCFF192YXV/,/files/ENCFF383AON/,/files/ENCFF904ZES/,/files/ENCFF854IKY/,/files/ENCFF430VEM/,/files/ENCFF774LPF/,/files/ENCFF054ASD/,/files/ENCFF465XYN/,/files/ENCFF250QNN/,/files/ENCFF639OJC/,/files/ENCFF131MTO/,/files/ENCFF092LXL/,/files/ENCFF258OYZ/,/files/ENCFF396VVS/,/files/ENCFF576PEB/,/files/ENCFF601VBW/,/files/ENCFF788JSE/,/files/ENCFF943LQZ/,/files/ENCFF300CXO/,/files/ENCFF145IHI/,/files/ENCFF770SSP/,/files/ENCFF455GCU/,/files/ENCFF293HAY/,/files/ENCFF541YXA/,/files/ENCFF443UCB/,/files/ENCFF047YGG/,/files/ENCFF073LOW/,/files/ENCFF036NXQ/,/files/ENCFF777FAZ/,/files/ENCFF819JXH/,/files/ENCFF324TCJ/,/files/ENCFF974CGC/,/files/ENCFF626FAE/,/files/ENCFF700LKS/,/files/ENCFF807XKV/,/files/ENCFF908VZL/,/files/ENCFF198CER/,/files/ENCFF112GJQ/,/files/ENCFF910REQ/,/files/ENCFF584IHN/,/files/ENCFF658QVH/,/files/ENCFF188IYY/,/files/ENCFF318ICU/,/files/ENCFF493IHL/,/files/ENCFF801QTI/,/files/ENCFF619QDY/,/files/ENCFF720QWC/,/files/ENCFF889NJF/,/files/ENCFF788AKR/,/files/ENCFF500OQB/,/files/ENCFF503DSN/,/files/ENCFF964PUY/		ENCBS869UGY,ENCBS532TBS	1,2	1,2	ENCAB719MQZ	Homo sapiens	adult	30 years												/replicates/e44c453d-a10a-4268-84ae-42fc83ff29c6/,/replicates/b511c50d-cd5b-4d46-acab-eaf48d603beb/,/replicates/8ee96b57-e7dd-41c1-b935-0040984ea4be/,/replicates/5b2c901a-7e6b-4d97-81cf-b75c62cad4a3/				
/experiments/ENCSR156JWW/	ENCSR156JWW	ChIP-seq	TF ChIP-seq	cell line	/targets/ZNF263-human/	ZNF263	ZNF263	Homo sapiens WTC11 genetically modified (insertion) using CRISPR targeting H. sapiens ZNF263	WTC11	GEO:GSE231170	ChIP-Seq on WTC11	Richard Myers, HAIB	ENCODE	released	/files/ENCFF265RTX/,/files/ENCFF911FIO/,/files/ENCFF339FRV/,/files/ENCFF785YWQ/,/files/ENCFF054CTH/,/files/ENCFF567RHY/,/files/ENCFF785UAA/,/files/ENCFF209UEC/,/files/ENCFF707CQN/,/files/ENCFF539XUI/,/files/ENCFF153ORY/,/files/ENCFF632GGZ/,/files/ENCFF197QTO/,/files/ENCFF162TWI/,/files/ENCFF465DEK/,/files/ENCFF531HRE/,/files/ENCFF911LCL/,/files/ENCFF908HHK/,/files/ENCFF893RTM/,/files/ENCFF463KDI/,/files/ENCFF248OUK/,/files/ENCFF696DMI/,/files/ENCFF150TVB/,/files/ENCFF909CYM/		ENCBS934MHI,ENCBS000LNN	1,2	1	ENCAB697XQW	Homo sapiens	adult	30 years										/organisms/human/		/replicates/25bac911-6b82-4836-b607-33d461d4cfb8/,/replicates/e89166fb-8ba1-4f9e-babc-0757b90f6f77/				
/experiments/ENCSR564TIP/	ENCSR564TIP	ChIP-seq	TF ChIP-seq	cell line	/targets/CREM-human/	CREM	CREM	Homo sapiens WTC11 genetically modified (insertion) using CRISPR targeting H. sapiens CREM	WTC11	GEO:GSE230926	ChIP-Seq on WTC11	Richard Myers, HAIB	ENCODE	released	/files/ENCFF308VGQ/,/files/ENCFF143ROA/,/files/ENCFF878OOH/,/files/ENCFF919CRO/,/files/ENCFF683FGV/,/files/ENCFF856UKY/,/files/ENCFF050DQO/,/files/ENCFF174XKI/,/files/ENCFF962SGN/,/files/ENCFF557STJ/,/files/ENCFF933INI/,/files/ENCFF264ULX/,/files/ENCFF231YGW/,/files/ENCFF265YCB/,/files/ENCFF189IQH/,/files/ENCFF007JCQ/,/files/ENCFF753DKB/,/files/ENCFF703PTV/,/files/ENCFF893GOI/,/files/ENCFF183KYD/,/files/ENCFF486QFD/,/files/ENCFF775URB/,/files/ENCFF209ZUE/,/files/ENCFF394JHS/		ENCBS156UXS,ENCBS737MIG	1,2	1	ENCAB697XQW	Homo sapiens	adult	30 years										/organisms/human/		/replicates/2d482dad-664e-44c7-81d3-27311f76921a/,/replicates/7d783c36-17fe-4733-9ce1-04599dff15e5/				
/experiments/ENCSR146UIC/	ENCSR146UIC	ChIP-seq	TF ChIP-seq	cell line	/targets/NFYB-human/	NFYB	NFYB	Homo sapiens WTC11 genetically modified (insertion) using CRISPR targeting H. sapiens NFYB	WTC11	GEO:GSE231146	ChIP-Seq on WTC11	Richard Myers, HAIB	ENCODE	released	/files/ENCFF072ABD/,/files/ENCFF067ZNQ/,/files/ENCFF765MOP/,/files/ENCFF567JVV/,/files/ENCFF699WQY/,/files/ENCFF720VSC/,/files/ENCFF680QOH/,/files/ENCFF222AKU/,/files/ENCFF581EAU/,/files/ENCFF833CAZ/,/files/ENCFF559YDX/,/files/ENCFF977HZZ/,/files/ENCFF552QUI/,/files/ENCFF123WKX/,/files/ENCFF015TTA/,/files/ENCFF210WGP/,/files/ENCFF202HOU/,/files/ENCFF799ATU/,/files/ENCFF191KXX/,/files/ENCFF619WZV/,/files/ENCFF677PQV/,/files/ENCFF751ZTQ/,/files/ENCFF519JHG/,/files/ENCFF871GRT/		ENCBS978PYK,ENCBS402ETK	2,1	1	ENCAB697XQW	Homo sapiens	adult	30 years										/organisms/human/		/replicates/690744dd-74c4-4ab7-8a7c-a248ca01d6ea/,/replicates/9e098ef0-fd5f-4d9b-b5e9-545b64527633/				
/experiments/ENCSR928BPP/	ENCSR928BPP	ChIP-seq	TF ChIP-seq	cell line	/targets/ATF2-human/	ATF2	ATF2	Homo sapiens WTC11 genetically modified (insertion) using CRISPR targeting H. sapiens ATF2	WTC11	GEO:GSE231210	ChIP-Seq on WTC11	Richard Myers, HAIB	ENCODE	released	/files/ENCFF729DKU/,/files/ENCFF417LMC/,/files/ENCFF044TEF/,/files/ENCFF969FVN/,/files/ENCFF556ELQ/,/files/ENCFF907DOJ/,/files/ENCFF642ZSO/,/files/ENCFF638EJL/,/files/ENCFF536GEC/,/files/ENCFF857MZA/,/files/ENCFF229JYB/,/files/ENCFF248AQK/,/files/ENCFF244SAF/,/files/ENCFF879FHX/,/files/ENCFF549MCE/,/files/ENCFF270MRV/,/files/ENCFF834NGM/,/files/ENCFF671PCI/,/files/ENCFF601LGK/,/files/ENCFF691PNR/,/files/ENCFF632CEF/,/files/ENCFF885OBU/,/files/ENCFF977AOK/,/files/ENCFF726ENL/		ENCBS816PVL,ENCBS927OAO	2,1	1	ENCAB697XQW	Homo sapiens	adult	30 years										/organisms/human/		/replicates/a5d44549-ef99-4c96-b174-334051609943/,/replicates/bcdf0ef8-f4af-42e9-8f59-976166f39394/				
/experiments/ENCSR004HEA/	ENCSR004HEA	ChIP-seq	TF ChIP-seq	cell line	/targets/OTX2-human/	OTX2	OTX2	Homo sapiens WTC11 genetically modified (insertion) using CRISPR targeting H. sapiens OTX2	WTC11	GEO:GSE174878	eGFP-OTX2 ChIP-seq on human WTC11	Michael Snyder, Stanford	ENCODE	released	/files/ENCFF773CYV/,/files/ENCFF447BYL/,/files/ENCFF845SZT/,/files/ENCFF210AAB/,/files/ENCFF346NWC/,/files/ENCFF273DMP/,/files/ENCFF200AEP/,/files/ENCFF634NAO/,/files/ENCFF441EVA/,/files/ENCFF287WKB/,/files/ENCFF460RFU/,/files/ENCFF943NSA/,/files/ENCFF049TPN/,/files/ENCFF661XFG/,/files/ENCFF941XRN/,/files/ENCFF442VPN/,/files/ENCFF602MMP/,/files/ENCFF626IYN/,/files/ENCFF371GHL/,/files/ENCFF277WEJ/,/files/ENCFF479SAF/,/files/ENCFF408APT/,/files/ENCFF753CNJ/,/files/ENCFF994TBJ/,/files/ENCFF626RGM/,/files/ENCFF344TDJ/		ENCBS888MUA,ENCBS048CCX	1,2	1	ENCAB728YTO	Homo sapiens	adult	30 years										/organisms/human/		/replicates/1c49a528-ace0-45fa-8db9-f8cbd1cf189d/,/replicates/1ead8de6-1b11-4931-9c21-2e3fedcc3425/				
/experiments/ENCSR027BEE/	ENCSR027BEE	ChIP-seq	TF ChIP-seq	cell line	/targets/CDX4-human/	CDX4	CDX4	Homo sapiens WTC11 genetically modified (insertion) using CRISPR targeting H. sapiens CDX4	WTC11	GEO:GSE187141	eGFP-CDX4 ChIP-seq on human WTC11	Michael Snyder, Stanford	ENCODE	released	/files/ENCFF325QHM/,/files/ENCFF558WQU/,/files/ENCFF748IKL/,/files/ENCFF235PMV/,/files/ENCFF271MWC/,/files/ENCFF048UIS/,/files/ENCFF178VJM/,/files/ENCFF609NPT/,/files/ENCFF419ZLR/,/files/ENCFF435MVG/,/files/ENCFF342IYP/,/files/ENCFF385HFM/,/files/ENCFF115PQS/,/files/ENCFF718DGN/,/files/ENCFF295ASE/,/files/ENCFF396WCK/,/files/ENCFF037VYN/,/files/ENCFF150TBU/,/files/ENCFF353JBO/,/files/ENCFF805HUO/,/files/ENCFF486CAN/,/files/ENCFF672UXM/,/files/ENCFF395PGH/,/files/ENCFF600OLQ/,/files/ENCFF570OJT/,/files/ENCFF793EPM/,/files/ENCFF371MSO/,/files/ENCFF658WJF/,/files/ENCFF037TCL/,/files/ENCFF283LTO/		ENCBS376SWR,ENCBS848ZMN	1,2	1	ENCAB728YTO	Homo sapiens	adult	30 years										/organisms/human/		/replicates/1dceeac8-5626-47dd-af5d-1eac5c9e0f12/,/replicates/15b5cc17-a0af-44d6-95e9-2bebabcd8c75/				
/experiments/ENCSR513WUJ/	ENCSR513WUJ	ChIP-seq	TF ChIP-seq	cell line	/targets/SIX4-human/	SIX4	SIX4	Homo sapiens WTC11 genetically modified (insertion) using CRISPR targeting H. sapiens SIX4	WTC11	GEO:GSE231255	ChIP-Seq on WTC11	Richard Myers, HAIB	ENCODE	released	/files/ENCFF017RHN/,/files/ENCFF305CDJ/,/files/ENCFF432WLZ/,/files/ENCFF933JJF/,/files/ENCFF613SHM/,/files/ENCFF113NKR/,/files/ENCFF726OAN/,/files/ENCFF625HPJ/,/files/ENCFF497CQW/,/files/ENCFF229NFE/,/files/ENCFF976QRE/,/files/ENCFF688SYZ/,/files/ENCFF898MBE/,/files/ENCFF146MCF/,/files/ENCFF057NLK/,/files/ENCFF269DUJ/,/files/ENCFF120APU/,/files/ENCFF932NCS/,/files/ENCFF847XQW/,/files/ENCFF092IJJ/,/files/ENCFF874FOJ/,/files/ENCFF825MTJ/,/files/ENCFF891HYW/,/files/ENCFF967LGI/		ENCBS944PMI,ENCBS982YED	1,2	1	ENCAB697XQW	Homo sapiens	adult	30 years										/organisms/human/		/replicates/65ebd23a-625f-40a3-b29e-861158ea1d62/,/replicates/437754bc-062f-4ecd-8aa3-dbce82b8e1c9/				
/experiments/ENCSR795KRU/	ENCSR795KRU	ChIP-seq	TF ChIP-seq	cell line	/targets/ZNF317-human/	ZNF317	ZNF317	Homo sapiens WTC11 genetically modified (insertion) using CRISPR targeting H. sapiens ZNF317	WTC11	GEO:GSE230977	ChIP-Seq on WTC11	Richard Myers, HAIB	ENCODE	released	/files/ENCFF113WVL/,/files/ENCFF354OQX/,/files/ENCFF658TBF/,/files/ENCFF320KWM/,/files/ENCFF837JSK/,/files/ENCFF214GUH/,/files/ENCFF948KXZ/,/files/ENCFF815BZW/,/files/ENCFF342TZO/,/files/ENCFF012XUO/,/files/ENCFF039JCZ/,/files/ENCFF758TFK/,/files/ENCFF360BFI/,/files/ENCFF674EGM/,/files/ENCFF213SUZ/,/files/ENCFF246ZIO/,/files/ENCFF058BYV/,/files/ENCFF708NGR/,/files/ENCFF536WAN/,/files/ENCFF859KDF/,/files/ENCFF696HFO/,/files/ENCFF929XBE/,/files/ENCFF537KXI/,/files/ENCFF752UWU/		ENCBS921FMN,ENCBS400XVC	1,2	1	ENCAB697XQW	Homo sapiens	adult	30 years										/organisms/human/		/replicates/17032146-196d-42a3-897e-71da3658485f/,/replicates/eb49568a-5ce5-47e7-bf9b-ff3d9ed4970e/				
/experiments/ENCSR744RAS/	ENCSR744RAS	ChIP-seq	TF ChIP-seq	cell line	/targets/GRHL2-human/	GRHL2	GRHL2	Homo sapiens WTC11 genetically modified (insertion) using CRISPR targeting H. sapiens GRHL2	WTC11	GEO:GSE230913	eGFP-GRHL2 ChIP-seq on human WTC11	Michael Snyder, Stanford	ENCODE	released	/files/ENCFF626ZFO/,/files/ENCFF042XLI/,/files/ENCFF766GXZ/,/files/ENCFF130DOT/,/files/ENCFF680WSB/,/files/ENCFF633LKZ/,/files/ENCFF147IEL/,/files/ENCFF101MTR/,/files/ENCFF066KAQ/,/files/ENCFF924UYB/,/files/ENCFF550KWY/,/files/ENCFF938YEK/,/files/ENCFF817QCW/,/files/ENCFF603PTB/,/files/ENCFF400EYT/,/files/ENCFF535UAS/,/files/ENCFF922BYR/,/files/ENCFF398YBP/,/files/ENCFF885XKL/,/files/ENCFF745BUI/,/files/ENCFF829RMW/,/files/ENCFF259JNU/,/files/ENCFF105GQI/,/files/ENCFF753EEL/,/files/ENCFF756AKP/,/files/ENCFF690QZI/		ENCBS289EQQ,ENCBS966TKS	1,2	1	ENCAB728YTO	Homo sapiens	adult	30 years										/organisms/human/		/replicates/9b7ce142-234b-4077-b881-72537f570974/,/replicates/e62c24aa-5d2f-458e-8a2a-64a4547106dd/				
/experiments/ENCSR426WZU/	ENCSR426WZU	ChIP-seq	TF ChIP-seq	cell line	/targets/EGR1-human/	EGR1	EGR1	Homo sapiens WTC11 genetically modified (insertion) using CRISPR targeting H. sapiens EGR1, (insertion) using TALEN inserting M. musculus Neurog2	WTC11	GEO:GSE231149	EGR1 ChIP-seq on human WTC11	Michael Snyder, Stanford	ENCODE	released	/files/ENCFF965KOG/,/files/ENCFF042DLH/,/files/ENCFF371JQY/,/files/ENCFF544DNG/,/files/ENCFF063SJJ/,/files/ENCFF275UKQ/,/files/ENCFF540IQT/,/files/ENCFF936YHY/,/files/ENCFF700IOF/,/files/ENCFF546ZTF/,/files/ENCFF710WAW/,/files/ENCFF964GWF/,/files/ENCFF507YEP/,/files/ENCFF075ROK/,/files/ENCFF270GSZ/,/files/ENCFF164TUF/,/files/ENCFF010ABN/,/files/ENCFF860SFP/,/files/ENCFF980KFI/,/files/ENCFF989WLV/,/files/ENCFF904FUC/,/files/ENCFF383TWP/,/files/ENCFF602ZZC/,/files/ENCFF194EOM/,/files/ENCFF267KCS/,/files/ENCFF709WYC/		ENCBS377DSJ,ENCBS071ERT	1,2	1	ENCAB697XQW	Homo sapiens	adult	30 years										/organisms/human/	/organisms/mouse/	/replicates/af61879c-6dfb-441f-8f4c-49ea035d70f5/,/replicates/3db6921e-7f9c-4373-811c-27c889a33432/				
/experiments/ENCSR473ASI/	ENCSR473ASI	ChIP-seq	TF ChIP-seq	cell line	/targets/ELF4-human/	ELF4	ELF4	Homo sapiens WTC11 genetically modified (insertion) using CRISPR targeting H. sapiens ELF4	WTC11	GEO:GSE231199	ChIP-Seq on WTC11	Richard Myers, HAIB	ENCODE	released	/files/ENCFF843CTU/,/files/ENCFF899NBO/,/files/ENCFF541EBG/,/files/ENCFF909MAB/,/files/ENCFF268JIB/,/files/ENCFF231DIZ/,/files/ENCFF479DUS/,/files/ENCFF652FMU/,/files/ENCFF009HVD/,/files/ENCFF033VVO/,/files/ENCFF716GXV/,/files/ENCFF062MSA/,/files/ENCFF032BAZ/,/files/ENCFF758ACE/,/files/ENCFF130DZU/,/files/ENCFF821GOQ/,/files/ENCFF941FMP/,/files/ENCFF567ADL/,/files/ENCFF842BEH/,/files/ENCFF161SOO/,/files/ENCFF032APD/,/files/ENCFF177GDY/,/files/ENCFF789GJO/,/files/ENCFF880OCM/		ENCBS380BIX,ENCBS610MJT	1,2	1	ENCAB697XQW	Homo sapiens	adult	30 years										/organisms/human/		/replicates/4e060e70-307c-4335-8e13-7292fc2db201/,/replicates/4c3a51da-e598-4609-877d-0e8368a9324b/				
/experiments/ENCSR285HHZ/	ENCSR285HHZ	ChIP-seq	TF ChIP-seq	cell line	/targets/TEAD4-human/	TEAD4	TEAD4	Homo sapiens WTC11 genetically modified (insertion) using CRISPR targeting H. sapiens TEAD4	WTC11	GEO:GSE230965	ChIP-Seq on WTC11	Richard Myers, HAIB	ENCODE	released	/files/ENCFF956LIN/,/files/ENCFF177MBP/,/files/ENCFF385ITW/,/files/ENCFF468BOW/,/files/ENCFF089OKN/,/files/ENCFF602FXL/,/files/ENCFF226HCP/,/files/ENCFF181CLG/,/files/ENCFF082BHP/,/files/ENCFF422IOX/,/files/ENCFF158OCE/,/files/ENCFF213MEA/,/files/ENCFF182YRI/,/files/ENCFF382BMB/,/files/ENCFF790QVT/,/files/ENCFF212ITG/,/files/ENCFF681AWU/,/files/ENCFF204LAG/,/files/ENCFF114TZS/,/files/ENCFF065PXK/,/files/ENCFF109TQG/,/files/ENCFF694PBI/,/files/ENCFF724VGO/,/files/ENCFF415SVW/		ENCBS077HCB,ENCBS750MUD	1,2	1	ENCAB697XQW	Homo sapiens	adult	30 years										/organisms/human/		/replicates/1b2ca4df-93d8-41da-af96-86eaa9988106/,/replicates/7eed25e6-77d8-4334-9a66-2d3c861f9b13/				
/experiments/ENCSR859ZAC/	ENCSR859ZAC	ChIP-seq	TF ChIP-seq	cell line	/targets/MYBL2-human/	MYBL2	MYBL2	Homo sapiens WTC11 genetically modified (insertion) using CRISPR targeting H. sapiens MYBL2	WTC11	GEO:GSE231098	ChIP-Seq on WTC11	Richard Myers, HAIB	ENCODE	released	/files/ENCFF035KEI/,/files/ENCFF665EJU/,/files/ENCFF141GQF/,/files/ENCFF517JGL/,/files/ENCFF565HRH/,/files/ENCFF424CVS/,/files/ENCFF228XLU/,/files/ENCFF391LYT/,/files/ENCFF249FQJ/,/files/ENCFF015XCZ/,/files/ENCFF312AYY/,/files/ENCFF960VOH/,/files/ENCFF218TGA/,/files/ENCFF549HOG/,/files/ENCFF834JYW/,/files/ENCFF624NMN/,/files/ENCFF882WEQ/,/files/ENCFF820QYG/,/files/ENCFF757NRA/,/files/ENCFF946KCK/,/files/ENCFF288SEP/,/files/ENCFF550VIT/,/files/ENCFF073KLN/,/files/ENCFF166TKT/		ENCBS925DEQ,ENCBS072NJS	1,2	1	ENCAB697XQW	Homo sapiens	adult	30 years										/organisms/human/		/replicates/5b68d974-3c37-4132-adf7-df29a286efb3/,/replicates/3bbf05db-93cc-4096-891a-ce19b550bd05/				
/experiments/ENCSR422ODX/	ENCSR422ODX	ChIP-seq	TF ChIP-seq	cell line	/targets/ZNF396-human/	ZNF396	ZNF396	Homo sapiens WTC11 genetically modified (insertion) using CRISPR targeting H. sapiens ZNF396	WTC11	GEO:GSE209252	eGFP-ZNF396 ChIP-seq on human WTC11	Michael Snyder, Stanford	ENCODE	released	/files/ENCFF241ZEL/,/files/ENCFF988GRU/,/files/ENCFF248HTD/,/files/ENCFF151UNK/,/files/ENCFF516MBE/,/files/ENCFF899NDG/,/files/ENCFF106EMF/,/files/ENCFF401VLA/,/files/ENCFF636EFK/,/files/ENCFF954UHA/,/files/ENCFF762BSX/,/files/ENCFF639ZKJ/,/files/ENCFF666JES/,/files/ENCFF649KQQ/,/files/ENCFF087MTO/,/files/ENCFF256QNM/,/files/ENCFF587VNH/,/files/ENCFF147TQE/,/files/ENCFF475PAA/,/files/ENCFF776JWJ/,/files/ENCFF077IAP/,/files/ENCFF491XNC/,/files/ENCFF755TMJ/,/files/ENCFF854EIW/,/files/ENCFF406QJH/,/files/ENCFF492UXB/		ENCBS981BOA,ENCBS638NFH	1,2	1	ENCAB728YTO	Homo sapiens	adult	30 years										/organisms/human/		/replicates/e9dcb72e-f3cf-4001-906c-6fa8a55663a8/,/replicates/1fc850be-b1ad-4e79-aae0-1e18ba5f22ae/				
/experiments/ENCSR583CGO/	ENCSR583CGO	ChIP-seq	TF ChIP-seq	cell line	/targets/SP1-human/	SP1	SP1	Homo sapiens WTC11 genetically modified (insertion) using CRISPR targeting H. sapiens SP1	WTC11	GEO:GSE230964	ChIP-Seq on WTC11	Richard Myers, HAIB	ENCODE	released	/files/ENCFF397CIR/,/files/ENCFF175PCI/,/files/ENCFF420SVW/,/files/ENCFF512LWM/,/files/ENCFF367PWE/,/files/ENCFF560OHN/,/files/ENCFF331JQX/,/files/ENCFF618RRR/,/files/ENCFF987PPE/,/files/ENCFF174HVI/,/files/ENCFF078ECW/,/files/ENCFF979XMO/,/files/ENCFF842XVI/,/files/ENCFF846NPR/,/files/ENCFF514ZBL/,/files/ENCFF699SMR/,/files/ENCFF384KOP/,/files/ENCFF752XUO/,/files/ENCFF788ASV/,/files/ENCFF486TOR/,/files/ENCFF854DMH/,/files/ENCFF280RJD/,/files/ENCFF319FKO/,/files/ENCFF688PEU/		ENCBS806IRC,ENCBS047LAF	1,2	1	ENCAB697XQW	Homo sapiens	adult	30 years										/organisms/human/		/replicates/6f8fa91e-69d3-4525-a5a2-c11c09c10427/,/replicates/5490f4d1-8cd9-4e1c-b8a2-e7e7961dc789/				
/experiments/ENCSR963EQY/	ENCSR963EQY	ChIP-seq	TF ChIP-seq	cell line	/targets/NR1H2-human/	NR1H2	NR1H2	Homo sapiens WTC11 genetically modified (insertion) using CRISPR targeting H. sapiens NR1H2	WTC11	GEO:GSE187841	ChIP-Seq on WTC11	Richard Myers, HAIB	ENCODE	released	/files/ENCFF812UDT/,/files/ENCFF100JVL/,/files/ENCFF750PMJ/,/files/ENCFF739ITY/,/files/ENCFF655XIB/,/files/ENCFF539LFI/,/files/ENCFF980MIQ/,/files/ENCFF595KPG/,/files/ENCFF548XDK/,/files/ENCFF239XSW/,/files/ENCFF509PLF/,/files/ENCFF460ZLY/,/files/ENCFF028IPO/,/files/ENCFF532UVE/,/files/ENCFF426TYG/,/files/ENCFF058WNM/,/files/ENCFF411ZEG/,/files/ENCFF973NTG/,/files/ENCFF553HFA/,/files/ENCFF386FJZ/,/files/ENCFF869HNN/,/files/ENCFF215PYE/,/files/ENCFF434STO/,/files/ENCFF124MZI/		ENCBS951DZD,ENCBS638AJL	1,2	1	ENCAB697XQW	Homo sapiens	adult	30 years										/organisms/human/		/replicates/cd3b465f-587b-40ce-88d2-af31209f7880/,/replicates/af018964-5030-479c-b34a-19c997f0c82a/				
/experiments/ENCSR373ZOY/	ENCSR373ZOY	ChIP-seq	TF ChIP-seq	cell line	/targets/MLX-human/	MLX	MLX	Homo sapiens WTC11 genetically modified (insertion) using CRISPR targeting H. sapiens MLX	WTC11	GEO:GSE231072	ChIP-Seq on WTC11	Richard Myers, HAIB	ENCODE	released	/files/ENCFF800ZJV/,/files/ENCFF127NOI/,/files/ENCFF062IJE/,/files/ENCFF018RSI/,/files/ENCFF877MVP/,/files/ENCFF095QQC/,/files/ENCFF986JBP/,/files/ENCFF116OCE/,/files/ENCFF867EXI/,/files/ENCFF526WXT/,/files/ENCFF569REW/,/files/ENCFF995MOG/,/files/ENCFF546VLC/,/files/ENCFF923KEZ/,/files/ENCFF934HZL/,/files/ENCFF345YPS/,/files/ENCFF599ZYM/,/files/ENCFF076CNH/,/files/ENCFF269CPF/,/files/ENCFF439GJB/,/files/ENCFF358MHC/,/files/ENCFF304WZV/,/files/ENCFF823XOY/,/files/ENCFF889VRU/		ENCBS158GNT,ENCBS502ISW	1,2	1	ENCAB697XQW	Homo sapiens	adult	30 years										/organisms/human/		/replicates/8d0c14f5-62a4-47bf-bfcf-6f3f2315b294/,/replicates/efdcd8dd-0c3c-4f5e-9174-dbf4a4af48ac/				
/experiments/ENCSR572DUR/	ENCSR572DUR	ChIP-seq	TF ChIP-seq	cell line	/targets/FOS-human/	FOS	FOS	Homo sapiens WTC11 genetically modified (insertion) using CRISPR targeting H. sapiens FOS, (insertion) using TALEN inserting M. musculus Neurog2	WTC11	GEO:GSE230955	eGFP-FOS ChIP-seq on human WTC11	Michael Snyder, Stanford	ENCODE	released	/files/ENCFF717APQ/,/files/ENCFF449NHZ/,/files/ENCFF465DFN/,/files/ENCFF689NIA/,/files/ENCFF592LQL/,/files/ENCFF576XPF/,/files/ENCFF849RNS/,/files/ENCFF957TZQ/,/files/ENCFF065XVN/,/files/ENCFF004LPF/,/files/ENCFF823AFF/,/files/ENCFF667WKV/,/files/ENCFF166YHL/,/files/ENCFF468VMB/,/files/ENCFF791GEF/,/files/ENCFF073CMH/,/files/ENCFF554NGR/,/files/ENCFF358ASE/,/files/ENCFF789OPZ/,/files/ENCFF249EYJ/,/files/ENCFF574QJR/,/files/ENCFF294FXT/,/files/ENCFF636XEO/,/files/ENCFF995PWI/,/files/ENCFF924VDG/,/files/ENCFF797YHL/		ENCBS749MYI,ENCBS264HOU	1,2	1	ENCAB728YTO	Homo sapiens	adult	30 years										/organisms/human/	/organisms/mouse/	/replicates/a7f91ff1-a911-470c-b3a5-b49de4cac241/,/replicates/da0de2c7-1af7-416a-904b-788425eba8ff/				
/experiments/ENCSR029TLS/	ENCSR029TLS	ChIP-seq	TF ChIP-seq	cell line	/targets/ETV6-human/	ETV6	ETV6	Homo sapiens WTC11 genetically modified (insertion) using CRISPR targeting H. sapiens ETV6	WTC11	GEO:GSE230935	ChIP-Seq on WTC11	Richard Myers, HAIB	ENCODE	released	/files/ENCFF348RHM/,/files/ENCFF107DCK/,/files/ENCFF672UDN/,/files/ENCFF339TOT/,/files/ENCFF530SWY/,/files/ENCFF437ZIU/,/files/ENCFF752ZCX/,/files/ENCFF069XSD/,/files/ENCFF922BHK/,/files/ENCFF260XJF/,/files/ENCFF121FQK/,/files/ENCFF822KAU/,/files/ENCFF355TOE/,/files/ENCFF008QFJ/,/files/ENCFF105UJB/,/files/ENCFF242AZZ/,/files/ENCFF663ZKU/,/files/ENCFF673VFP/,/files/ENCFF686KMB/,/files/ENCFF448AWB/,/files/ENCFF290GKF/,/files/ENCFF790USB/,/files/ENCFF627NDP/,/files/ENCFF812SCD/		ENCBS218PDC,ENCBS564MHV	1,2	1	ENCAB697XQW	Homo sapiens	adult	30 years										/organisms/human/		/replicates/f13d4363-565e-4321-ae81-5ec240d66fc8/,/replicates/97d26a5c-f431-4ea0-b11d-4166a0a0fc54/				
/experiments/ENCSR634WRC/	ENCSR634WRC	ChIP-seq	TF ChIP-seq	cell line	/targets/ZNF512-human/	ZNF512	ZNF512	Homo sapiens WTC11 genetically modified (insertion) using CRISPR targeting H. sapiens ZNF512	WTC11	GEO:GSE231053	ChIP-Seq on WTC11	Richard Myers, HAIB	ENCODE	released	/files/ENCFF108FKA/,/files/ENCFF303EQM/,/files/ENCFF159NMT/,/files/ENCFF701IFG/,/files/ENCFF402KRO/,/files/ENCFF389NGF/,/files/ENCFF264VAP/,/files/ENCFF136YOI/,/files/ENCFF830JIQ/,/files/ENCFF372QLZ/,/files/ENCFF391KKB/,/files/ENCFF459RPY/,/files/ENCFF718XHQ/,/files/ENCFF588RLH/,/files/ENCFF242GJL/,/files/ENCFF363YXG/,/files/ENCFF979ABJ/,/files/ENCFF094QKR/,/files/ENCFF545DCW/,/files/ENCFF584XCC/,/files/ENCFF319LFE/,/files/ENCFF395KYQ/,/files/ENCFF086TTM/,/files/ENCFF965NXJ/		ENCBS057ZJF,ENCBS062WQP	1,2	1	ENCAB697XQW	Homo sapiens	adult	30 years										/organisms/human/		/replicates/980dd70a-6cac-4103-a2f3-803f87a20901/,/replicates/52f5b797-1466-4321-a3be-f8096c3fb8c2/				
/experiments/ENCSR507RVF/	ENCSR507RVF	ChIP-seq	TF ChIP-seq	cell line	/targets/FOXP4-human/	FOXP4	FOXP4	Homo sapiens WTC11 genetically modified (insertion) using CRISPR targeting H. sapiens FOXP4	WTC11	GEO:GSE231242	ChIP-Seq on WTC11	Richard Myers, HAIB	ENCODE	released	/files/ENCFF510YYX/,/files/ENCFF303DZB/,/files/ENCFF709QCS/,/files/ENCFF661JAO/,/files/ENCFF352WAX/,/files/ENCFF656QBR/,/files/ENCFF190MOK/,/files/ENCFF153ODP/,/files/ENCFF708TAF/,/files/ENCFF286LWH/,/files/ENCFF210LYR/,/files/ENCFF995ICR/,/files/ENCFF172KCZ/,/files/ENCFF792FMQ/,/files/ENCFF549DYD/,/files/ENCFF903SZP/,/files/ENCFF777MWC/,/files/ENCFF291ODQ/,/files/ENCFF713MVD/,/files/ENCFF256UFY/,/files/ENCFF246FFA/,/files/ENCFF420WSL/,/files/ENCFF016PKF/,/files/ENCFF062QFO/		ENCBS088WWJ,ENCBS585YJG	1,2	1	ENCAB697XQW	Homo sapiens	adult	30 years										/organisms/human/		/replicates/69e69561-9311-4784-ac4c-8ed45c9b59c6/,/replicates/f6e11d4f-561d-4742-bf1f-9c2a4f7432a0/				
/experiments/ENCSR063FUV/	ENCSR063FUV	ChIP-seq	TF ChIP-seq	cell line	/targets/ZNF143-human/	ZNF143	ZNF143	Homo sapiens WTC11 genetically modified (insertion) using CRISPR targeting H. sapiens ZNF143	WTC11	GEO:GSE231011	ChIP-Seq on WTC11	Richard Myers, HAIB	ENCODE	released	/files/ENCFF582PPA/,/files/ENCFF503CRH/,/files/ENCFF992FXG/,/files/ENCFF348LRH/,/files/ENCFF249JUK/,/files/ENCFF137RZE/,/files/ENCFF715DQS/,/files/ENCFF859ZLT/,/files/ENCFF260NBP/,/files/ENCFF608QMB/,/files/ENCFF737PNY/,/files/ENCFF661WSU/,/files/ENCFF660WAE/,/files/ENCFF462AMC/,/files/ENCFF604MSN/,/files/ENCFF739SCB/,/files/ENCFF709ZFH/,/files/ENCFF786PKV/,/files/ENCFF063WPV/,/files/ENCFF094IHH/,/files/ENCFF216NJG/,/files/ENCFF812RUZ/,/files/ENCFF924OLT/,/files/ENCFF752VJM/		ENCBS177SGI,ENCBS196ZEM	1,2	1	ENCAB697XQW	Homo sapiens	adult	30 years										/organisms/human/		/replicates/6658a224-82da-4005-9b5e-66265876d148/,/replicates/ae3011e5-2654-4861-8629-c10f1da9bea9/				
/experiments/ENCSR717QWW/	ENCSR717QWW	ChIP-seq	TF ChIP-seq	cell line	/targets/ZNF425-human/	ZNF425	ZNF425	Homo sapiens WTC11 genetically modified (insertion) using CRISPR targeting H. sapiens ZNF425	WTC11	GEO:GSE208919	eGFP-ZNF425 ChIP-seq on human WTC11	Michael Snyder, Stanford	ENCODE	released	/files/ENCFF077YKK/,/files/ENCFF443KYK/,/files/ENCFF031OGO/,/files/ENCFF841GMN/,/files/ENCFF945AZH/,/files/ENCFF609YSH/,/files/ENCFF657EWK/,/files/ENCFF496WSD/,/files/ENCFF431UKC/,/files/ENCFF142KQS/,/files/ENCFF228LXG/,/files/ENCFF954QWS/,/files/ENCFF215PNS/,/files/ENCFF658JUX/,/files/ENCFF933PPN/,/files/ENCFF795ONA/,/files/ENCFF696UQR/,/files/ENCFF665IBX/,/files/ENCFF412RXA/,/files/ENCFF536ZUR/,/files/ENCFF103ZYJ/,/files/ENCFF640UWT/,/files/ENCFF749WTF/,/files/ENCFF992ZXB/,/files/ENCFF542YEL/,/files/ENCFF359IXT/		ENCBS382RTD,ENCBS811SPH	1,2	1	ENCAB728YTO	Homo sapiens	adult	30 years										/organisms/human/		/replicates/6e28da6b-7f30-41df-9812-d8d7edf0eaf7/,/replicates/f5cbc3a5-1015-4568-951b-755c52791391/				
/experiments/ENCSR807VQT/	ENCSR807VQT	ChIP-seq	TF ChIP-seq	cell line	/targets/ZMAT4-human/	ZMAT4	ZMAT4	Homo sapiens WTC11 genetically modified (insertion) using CRISPR targeting H. sapiens ZMAT4	WTC11	GEO:GSE188026	eGFP-ZMAT4 ChIP-seq on human WTC11	Michael Snyder, Stanford	ENCODE	released	/files/ENCFF973TCJ/,/files/ENCFF095YUN/,/files/ENCFF195FGF/,/files/ENCFF519KZB/,/files/ENCFF092WKT/,/files/ENCFF941POL/,/files/ENCFF262JRH/,/files/ENCFF689JRG/,/files/ENCFF350QSL/,/files/ENCFF195HGB/,/files/ENCFF030YMB/,/files/ENCFF576WWH/,/files/ENCFF822FRR/,/files/ENCFF360IHG/,/files/ENCFF964XPT/,/files/ENCFF032FIB/,/files/ENCFF939JRH/,/files/ENCFF690VIS/,/files/ENCFF824KPW/,/files/ENCFF325DUC/,/files/ENCFF280HZP/,/files/ENCFF821NEK/,/files/ENCFF243ARF/,/files/ENCFF735ENC/,/files/ENCFF812XIA/,/files/ENCFF608UXZ/		ENCBS033IAJ,ENCBS113VKH	1,2	1	ENCAB728YTO	Homo sapiens	adult	30 years										/organisms/human/		/replicates/a6c61497-9606-4a6e-ade9-aaae329021f0/,/replicates/ce400e94-99c2-411a-9967-b5b950631430/				
/experiments/ENCSR413CVQ/	ENCSR413CVQ	ChIP-seq	TF ChIP-seq	cell line	/targets/ZNF423-human/	ZNF423	ZNF423	Homo sapiens WTC11 genetically modified (insertion) using CRISPR targeting H. sapiens ZNF423	WTC11	GEO:GSE209231	eGFP-ZNF423 ChIP-seq on human WTC11	Michael Snyder, Stanford	ENCODE	released	/files/ENCFF856OJJ/,/files/ENCFF801NVC/,/files/ENCFF225KRU/,/files/ENCFF236YAW/,/files/ENCFF515BJN/,/files/ENCFF482SOE/,/files/ENCFF511CRA/,/files/ENCFF303OZV/,/files/ENCFF258TPO/,/files/ENCFF124JPD/,/files/ENCFF743HBP/,/files/ENCFF504TJW/,/files/ENCFF397AOB/,/files/ENCFF411CJK/,/files/ENCFF533JEV/,/files/ENCFF480NFI/,/files/ENCFF534ZKR/,/files/ENCFF937YVV/,/files/ENCFF477SGG/,/files/ENCFF459BFD/,/files/ENCFF717YTN/,/files/ENCFF976WEQ/,/files/ENCFF552JIF/,/files/ENCFF574PBR/,/files/ENCFF973DIQ/,/files/ENCFF079OEU/		ENCBS193YIA,ENCBS509EYZ	1,2	1	ENCAB728YTO	Homo sapiens	adult	30 years										/organisms/human/		/replicates/46e641a1-de96-44af-8774-bc5b78ab22e4/,/replicates/0622a61e-1706-4130-8b66-9955e44653b7/				
/experiments/ENCSR905MSY/	ENCSR905MSY	ChIP-seq	TF ChIP-seq	cell line	/targets/FOXJ3-human/	FOXJ3	FOXJ3	Homo sapiens WTC11 genetically modified (insertion) using CRISPR targeting H. sapiens FOXJ3	WTC11	GEO:GSE188080	ChIP-Seq on WTC11	Richard Myers, HAIB	ENCODE	released	/files/ENCFF498VKA/,/files/ENCFF890BKY/,/files/ENCFF510SLA/,/files/ENCFF448HLD/,/files/ENCFF595KUE/,/files/ENCFF746TJV/,/files/ENCFF909BTK/,/files/ENCFF161RUN/,/files/ENCFF179HBZ/,/files/ENCFF678WXZ/,/files/ENCFF585TFW/,/files/ENCFF638NKZ/,/files/ENCFF657TIJ/,/files/ENCFF885VZE/,/files/ENCFF266YMO/,/files/ENCFF071VTO/,/files/ENCFF870HDL/,/files/ENCFF140WKK/,/files/ENCFF979ZZT/,/files/ENCFF372SVW/,/files/ENCFF987LCV/,/files/ENCFF581NLM/,/files/ENCFF117RRT/,/files/ENCFF405LHU/		ENCBS284UUT,ENCBS725WVN	2,1	1	ENCAB697XQW	Homo sapiens	adult	30 years										/organisms/human/		/replicates/c726aee2-f3b8-4cb9-99e5-c732c7498828/,/replicates/7a9f6ba2-8b14-4abc-bcc0-7c62832c27d9/				
/experiments/ENCSR261EBV/	ENCSR261EBV	ChIP-seq	TF ChIP-seq	cell line	/targets/AFF4-human/	AFF4	AFF4	Homo sapiens WTC11 genetically modified (insertion) using CRISPR targeting H. sapiens AFF4	WTC11	GEO:GSE230918	ChIP-Seq on WTC11	Richard Myers, HAIB	ENCODE	released	/files/ENCFF661IGO/,/files/ENCFF839GVX/,/files/ENCFF773MWU/,/files/ENCFF376WBO/,/files/ENCFF590VFH/,/files/ENCFF044OIH/,/files/ENCFF406CNC/,/files/ENCFF019MKT/,/files/ENCFF182MYC/,/files/ENCFF140QLY/,/files/ENCFF720SAV/,/files/ENCFF175FXX/,/files/ENCFF474UTJ/,/files/ENCFF685JMN/,/files/ENCFF016PVF/,/files/ENCFF900UFL/,/files/ENCFF614YUI/,/files/ENCFF272XMQ/,/files/ENCFF556XTF/,/files/ENCFF409WRR/,/files/ENCFF835WQS/,/files/ENCFF302NCY/,/files/ENCFF178TLJ/,/files/ENCFF772OAD/		ENCBS118TWJ,ENCBS792GQU	1,2	1	ENCAB697XQW	Homo sapiens	adult	30 years										/organisms/human/		/replicates/fae12481-262b-4b8c-9ffe-fdf7db4a64de/,/replicates/286f3901-ca68-45ed-b3fd-d06db42a46da/				
/experiments/ENCSR203PCF/	ENCSR203PCF	ChIP-seq	TF ChIP-seq	cell line	/targets/ZNF121-human/	ZNF121	ZNF121	Homo sapiens WTC11 genetically modified (insertion) using CRISPR targeting H. sapiens ZNF121	WTC11	GEO:GSE231232	ChIP-Seq on WTC11	Richard Myers, HAIB	ENCODE	released	/files/ENCFF870UTK/,/files/ENCFF430NJW/,/files/ENCFF232DFU/,/files/ENCFF145ETI/,/files/ENCFF037BCV/,/files/ENCFF382UOB/,/files/ENCFF291API/,/files/ENCFF547ULN/,/files/ENCFF227YXX/,/files/ENCFF738YSV/,/files/ENCFF162WYW/,/files/ENCFF989PAM/,/files/ENCFF656WRN/,/files/ENCFF489WIL/,/files/ENCFF781UHH/,/files/ENCFF505YAI/,/files/ENCFF889JNF/,/files/ENCFF194ORH/,/files/ENCFF974DKV/,/files/ENCFF674NKJ/,/files/ENCFF006UJZ/,/files/ENCFF339UXH/,/files/ENCFF854WBM/,/files/ENCFF529MAW/		ENCBS885KFH,ENCBS732AQT	1,2	1	ENCAB697XQW	Homo sapiens	adult	30 years										/organisms/human/		/replicates/66ec5f4d-7dd7-4bae-bcaf-adef3ffbc661/,/replicates/516922ef-1a64-4e46-98eb-995072391cfd/				
/experiments/ENCSR032DGZ/	ENCSR032DGZ	ChIP-seq	TF ChIP-seq	cell line	/targets/ZNF281-human/	ZNF281	ZNF281	Homo sapiens WTC11 genetically modified (insertion) using CRISPR targeting H. sapiens ZNF281	WTC11	GEO:GSE230952	ChIP-Seq on WTC11	Richard Myers, HAIB	ENCODE	released	/files/ENCFF914OBI/,/files/ENCFF419BXA/,/files/ENCFF116NED/,/files/ENCFF817DIO/,/files/ENCFF668VEM/,/files/ENCFF358FGQ/,/files/ENCFF719SUO/,/files/ENCFF888WSN/,/files/ENCFF716OVN/,/files/ENCFF481RDR/,/files/ENCFF295XHP/,/files/ENCFF551GAV/,/files/ENCFF862XJC/,/files/ENCFF111DCA/,/files/ENCFF026BQD/,/files/ENCFF912GWD/,/files/ENCFF003UFQ/,/files/ENCFF051IQQ/,/files/ENCFF951YGQ/,/files/ENCFF898PRA/,/files/ENCFF846TWY/,/files/ENCFF873BIW/,/files/ENCFF525ANU/,/files/ENCFF368SLC/		ENCBS023HSW,ENCBS244DYF	2,1	1	ENCAB697XQW	Homo sapiens	adult	30 years										/organisms/human/		/replicates/03ded9cc-58c8-4853-ae69-9e0f15122bae/,/replicates/0d294382-0531-4e02-ba1f-59df0ae58c80/				
/experiments/ENCSR753PPY/	ENCSR753PPY	ChIP-seq	TF ChIP-seq	cell line	/targets/TCF7-human/	TCF7	TCF7	Homo sapiens WTC11 genetically modified (insertion) using CRISPR targeting H. sapiens TCF7	WTC11	GEO:GSE230940	ChIP-Seq on WTC11	Richard Myers, HAIB	ENCODE	released	/files/ENCFF821HJV/,/files/ENCFF301FYN/,/files/ENCFF375MII/,/files/ENCFF307IJE/,/files/ENCFF652IAK/,/files/ENCFF431UYL/,/files/ENCFF687REI/,/files/ENCFF242KQW/,/files/ENCFF032CCV/,/files/ENCFF485LFI/,/files/ENCFF119ZRQ/,/files/ENCFF858TUC/,/files/ENCFF862GKY/,/files/ENCFF814XJI/,/files/ENCFF267NJL/,/files/ENCFF368FDS/,/files/ENCFF676HIK/,/files/ENCFF881EJD/,/files/ENCFF881MOM/,/files/ENCFF453BYN/,/files/ENCFF127JYO/,/files/ENCFF450AOF/,/files/ENCFF199OXB/,/files/ENCFF763KTT/		ENCBS056NAC,ENCBS787MLA	1,2	1	ENCAB697XQW	Homo sapiens	adult	30 years										/organisms/human/		/replicates/19622904-3e5d-4f6c-a5a6-0bf2d88ece89/,/replicates/a3f6b93c-e0fc-491c-b8ca-c05eb22f240e/				
/experiments/ENCSR352RXE/	ENCSR352RXE	ChIP-seq	TF ChIP-seq	cell line	/targets/FOXK1-human/	FOXK1	FOXK1	Homo sapiens WTC11 genetically modified (insertion) using CRISPR targeting H. sapiens FOXK1	WTC11	GEO:GSE231036	ChIP-Seq on WTC11	Richard Myers, HAIB	ENCODE	released	/files/ENCFF353QLT/,/files/ENCFF707ENR/,/files/ENCFF780AAQ/,/files/ENCFF808UQI/,/files/ENCFF841VIY/,/files/ENCFF577LLQ/,/files/ENCFF684GVQ/,/files/ENCFF101ANS/,/files/ENCFF114MUG/,/files/ENCFF852GPE/,/files/ENCFF025SMZ/,/files/ENCFF075XWJ/,/files/ENCFF452YYY/,/files/ENCFF427FES/,/files/ENCFF681KEI/,/files/ENCFF930FEU/,/files/ENCFF875IGU/,/files/ENCFF704XKZ/,/files/ENCFF148IWW/,/files/ENCFF139IRY/,/files/ENCFF934PLP/,/files/ENCFF382CBF/,/files/ENCFF785SCQ/,/files/ENCFF601ZBQ/		ENCBS086YZT,ENCBS270CVP	1,2	1	ENCAB697XQW	Homo sapiens	adult	30 years										/organisms/human/		/replicates/50596962-91e1-473b-b4ee-8b043dea8290/,/replicates/93d845cf-71d7-4eca-9564-c58d2aef70b6/				
/experiments/ENCSR499FDW/	ENCSR499FDW	ChIP-seq	TF ChIP-seq	cell line	/targets/ZSCAN18-human/	ZSCAN18	ZSCAN18	Homo sapiens WTC11 genetically modified (insertion) using CRISPR targeting H. sapiens ZSCAN18	WTC11	GEO:GSE209488	eGFP-ZSCAN18 ChIP-seq on human WTC11	Michael Snyder, Stanford	ENCODE	released	/files/ENCFF774IZH/,/files/ENCFF739RCP/,/files/ENCFF326KLZ/,/files/ENCFF792HFH/,/files/ENCFF065ZWU/,/files/ENCFF264HLO/,/files/ENCFF174NXI/,/files/ENCFF174VTW/,/files/ENCFF684NOQ/,/files/ENCFF164DPP/,/files/ENCFF323FUG/,/files/ENCFF878JKD/,/files/ENCFF700AAC/,/files/ENCFF188TKF/,/files/ENCFF148RAC/,/files/ENCFF279SXU/,/files/ENCFF919EQP/,/files/ENCFF578QWE/,/files/ENCFF969PVK/,/files/ENCFF418JRI/,/files/ENCFF689TYB/,/files/ENCFF760MLZ/,/files/ENCFF867QWX/,/files/ENCFF032NGH/,/files/ENCFF523PEC/,/files/ENCFF425PCX/		ENCBS625XGB,ENCBS187HTQ	1,2	1	ENCAB728YTO	Homo sapiens	adult	30 years										/organisms/human/		/replicates/b8ccd442-3210-41c3-959d-839b63e91885/,/replicates/92db4a50-2f6c-4142-8801-3bf8daeba65a/				
/experiments/ENCSR722OTA/	ENCSR722OTA	ChIP-seq	TF ChIP-seq	cell line	/targets/NR3C1-human/	NR3C1	NR3C1	Homo sapiens WTC11 genetically modified (insertion) using CRISPR targeting H. sapiens NR3C1	WTC11	GEO:GSE231183	ChIP-Seq on WTC11	Richard Myers, HAIB	ENCODE	released	/files/ENCFF007WZG/,/files/ENCFF416QRO/,/files/ENCFF840IDB/,/files/ENCFF910LYL/,/files/ENCFF743OZK/,/files/ENCFF667OJS/,/files/ENCFF148UPN/,/files/ENCFF461CFM/,/files/ENCFF022JVA/,/files/ENCFF992OJU/,/files/ENCFF686WQV/,/files/ENCFF769JEL/,/files/ENCFF080QDH/,/files/ENCFF458RPT/,/files/ENCFF049IAT/,/files/ENCFF587EOU/,/files/ENCFF568QQC/,/files/ENCFF175JBQ/,/files/ENCFF422OEM/,/files/ENCFF917BMC/,/files/ENCFF640UMI/,/files/ENCFF282ZSX/,/files/ENCFF439VDP/,/files/ENCFF929NKD/		ENCBS441ZFR,ENCBS058KJK	1,2	1	ENCAB697XQW	Homo sapiens	adult	30 years										/organisms/human/		/replicates/7d072be6-0dc3-4521-892b-739bee7f7c63/,/replicates/65327323-3116-4d6a-8da1-b9e1632b2cca/				
/experiments/ENCSR229QAN/	ENCSR229QAN	ChIP-seq	TF ChIP-seq	cell line	/targets/USF2-human/	USF2	USF2	Homo sapiens WTC11 genetically modified (insertion) using CRISPR targeting H. sapiens USF2	WTC11	GEO:GSE231266	ChIP-Seq on WTC11	Richard Myers, HAIB	ENCODE	released	/files/ENCFF443KGT/,/files/ENCFF290CQC/,/files/ENCFF715UBL/,/files/ENCFF378DTB/,/files/ENCFF644HIP/,/files/ENCFF596VXK/,/files/ENCFF753OIR/,/files/ENCFF926QFZ/,/files/ENCFF543VMM/,/files/ENCFF687KZA/,/files/ENCFF106JKR/,/files/ENCFF464GEH/,/files/ENCFF201GVS/,/files/ENCFF280NPP/,/files/ENCFF075TJA/,/files/ENCFF026CZJ/,/files/ENCFF512UPN/,/files/ENCFF071DRB/,/files/ENCFF851JIN/,/files/ENCFF149XGX/,/files/ENCFF904WRZ/,/files/ENCFF451ABT/,/files/ENCFF139JAW/,/files/ENCFF798GJF/		ENCBS008DPE,ENCBS735TBJ	1,2	1	ENCAB697XQW	Homo sapiens	adult	30 years										/organisms/human/		/replicates/741f14b5-c0d1-4a13-ba0b-5986224d8728/,/replicates/9fdbc973-0c7c-4aec-9246-654a89d8aed2/				
/experiments/ENCSR454GVT/	ENCSR454GVT	ChIP-seq	TF ChIP-seq	cell line	/targets/NR2C2-human/	NR2C2	NR2C2	Homo sapiens WTC11 genetically modified (insertion) using CRISPR targeting H. sapiens NR2C2	WTC11	GEO:GSE231192	ChIP-Seq on WTC11	Richard Myers, HAIB	ENCODE	released	/files/ENCFF018VTG/,/files/ENCFF920COE/,/files/ENCFF407QTR/,/files/ENCFF274TKZ/,/files/ENCFF501DEB/,/files/ENCFF885CUM/,/files/ENCFF848DOJ/,/files/ENCFF461ZYT/,/files/ENCFF630WNS/,/files/ENCFF463BGX/,/files/ENCFF229HSM/,/files/ENCFF939LDP/,/files/ENCFF566FOB/,/files/ENCFF684BNN/,/files/ENCFF067CTT/,/files/ENCFF896ODS/,/files/ENCFF809ZZN/,/files/ENCFF047FKA/,/files/ENCFF625GHU/,/files/ENCFF427BXE/,/files/ENCFF847UIM/,/files/ENCFF499PSS/,/files/ENCFF755UDK/,/files/ENCFF760PIW/		ENCBS263JSQ,ENCBS172GGA	1,2	1	ENCAB697XQW	Homo sapiens	adult	30 years										/organisms/human/		/replicates/5a2d8fce-80ae-4b72-b135-693208b9fab7/,/replicates/667868e9-1da1-4b40-9c48-3cb63137e01a/				
/experiments/ENCSR804OBA/	ENCSR804OBA	ChIP-seq	TF ChIP-seq	cell line	/targets/JUN-human/	JUN	JUN	Homo sapiens WTC11 genetically modified (insertion) using CRISPR targeting H. sapiens JUN	WTC11	GEO:GSE231009	ChIP-Seq on WTC11	Richard Myers, HAIB	ENCODE	released	/files/ENCFF737ALK/,/files/ENCFF411ZTS/,/files/ENCFF475YWT/,/files/ENCFF904YQY/,/files/ENCFF172UDA/,/files/ENCFF754ZCE/,/files/ENCFF120XOC/,/files/ENCFF260EFE/,/files/ENCFF991BSL/,/files/ENCFF281HJL/,/files/ENCFF926EPH/,/files/ENCFF981JFA/,/files/ENCFF246CAF/,/files/ENCFF306KNY/,/files/ENCFF361QLH/,/files/ENCFF040QGO/,/files/ENCFF584DJA/,/files/ENCFF207SZF/,/files/ENCFF459NUP/,/files/ENCFF353RWX/,/files/ENCFF335LPR/,/files/ENCFF932RPV/,/files/ENCFF319VEB/,/files/ENCFF775BCH/		ENCBS035FHS,ENCBS742ISR	1,2	1	ENCAB697XQW	Homo sapiens	adult	30 years										/organisms/human/		/replicates/7d6e9d1f-e6c3-4c99-98e4-88b2f03291cf/,/replicates/6490acfe-eebc-4f55-9a6d-10817c486345/				
/experiments/ENCSR110QIL/	ENCSR110QIL	ChIP-seq	TF ChIP-seq	cell line	/targets/RORB-human/	RORB	RORB	Homo sapiens WTC11 genetically modified (insertion) using CRISPR targeting H. sapiens RORB	WTC11	GEO:GSE187382	eGFP-RORB ChIP-seq on human WTC11	Michael Snyder, Stanford	ENCODE	released	/files/ENCFF761PKE/,/files/ENCFF285XEJ/,/files/ENCFF271SWP/,/files/ENCFF583EPZ/,/files/ENCFF303HBG/,/files/ENCFF567YNZ/,/files/ENCFF588QSA/,/files/ENCFF913QGW/,/files/ENCFF666WJE/,/files/ENCFF155MME/,/files/ENCFF116YGC/,/files/ENCFF336JWN/,/files/ENCFF690DCC/,/files/ENCFF869UMC/,/files/ENCFF819UNC/,/files/ENCFF530NZR/,/files/ENCFF989FMK/,/files/ENCFF614GFO/,/files/ENCFF444ARW/,/files/ENCFF836AVV/,/files/ENCFF054KPG/,/files/ENCFF638NYF/,/files/ENCFF614QWO/,/files/ENCFF916YVA/,/files/ENCFF675YRX/,/files/ENCFF152OXS/,/files/ENCFF121MXE/,/files/ENCFF615NCB/,/files/ENCFF593BJY/,/files/ENCFF826QXZ/		ENCBS510ARK,ENCBS563AAL	1,2	1	ENCAB728YTO	Homo sapiens	adult	30 years										/organisms/human/		/replicates/2cbf12c3-7054-41a0-a0ab-d3935b62f5c7/,/replicates/b5b5fdc2-6b74-4c7d-9f1e-a28749039f2e/				
/experiments/ENCSR963CCJ/	ENCSR963CCJ	ChIP-seq	TF ChIP-seq	cell line	/targets/ARID4B-human/	ARID4B	ARID4B	Homo sapiens WTC11 genetically modified (insertion) using CRISPR targeting H. sapiens ARID4B	WTC11	GEO:GSE231278	ChIP-Seq on WTC11	Richard Myers, HAIB	ENCODE	released	/files/ENCFF180XNJ/,/files/ENCFF338WGV/,/files/ENCFF999OTR/,/files/ENCFF857XDG/,/files/ENCFF581SQQ/,/files/ENCFF843URG/,/files/ENCFF069JJZ/,/files/ENCFF448ACV/,/files/ENCFF334UUA/,/files/ENCFF854CGX/,/files/ENCFF105CNO/,/files/ENCFF154TWJ/,/files/ENCFF218YSC/,/files/ENCFF152ZHF/,/files/ENCFF166WAD/,/files/ENCFF079MDP/,/files/ENCFF708PXG/,/files/ENCFF491QIO/,/files/ENCFF394EQB/,/files/ENCFF431PGU/,/files/ENCFF413VSG/,/files/ENCFF204FAE/,/files/ENCFF441HDK/,/files/ENCFF896WUH/		ENCBS609KFP,ENCBS045WGX	1,2	1	ENCAB697XQW	Homo sapiens	adult	30 years										/organisms/human/		/replicates/bd80315f-6781-49b8-8cdc-21120f6b8689/,/replicates/c0a93a22-5ca9-4210-9163-551b56993bf2/				
/experiments/ENCSR096OUP/	ENCSR096OUP	ChIP-seq	TF ChIP-seq	cell line	/targets/NFATC4-human/	NFATC4	NFATC4	Homo sapiens WTC11 genetically modified (insertion) using CRISPR targeting H. sapiens NFATC4	WTC11	GEO:GSE208522	eGFP-NFATC4 ChIP-seq on human WTC11	Michael Snyder, Stanford	ENCODE	released	/files/ENCFF461YEI/,/files/ENCFF025KSC/,/files/ENCFF289OMX/,/files/ENCFF278YIU/,/files/ENCFF185XMX/,/files/ENCFF183SCQ/,/files/ENCFF271CKX/,/files/ENCFF018DFF/,/files/ENCFF326QCQ/,/files/ENCFF290MVS/,/files/ENCFF944GUI/,/files/ENCFF461WTP/,/files/ENCFF734ZVG/,/files/ENCFF704OUI/,/files/ENCFF906JZN/,/files/ENCFF670AXU/,/files/ENCFF531JMS/,/files/ENCFF863FIT/,/files/ENCFF184JPU/,/files/ENCFF049JMQ/,/files/ENCFF230EPT/,/files/ENCFF686KOE/,/files/ENCFF744MZI/,/files/ENCFF558DUY/,/files/ENCFF472NQJ/,/files/ENCFF262VYU/		ENCBS777SQN,ENCBS216HTR	1,2	1	ENCAB728YTO	Homo sapiens	adult	30 years										/organisms/human/		/replicates/49508c33-04c2-4e1c-af25-c1fd85414114/,/replicates/9c6957b5-0943-4e7c-9b67-6def0473fea1/				
/experiments/ENCSR592ZQB/	ENCSR592ZQB	ChIP-seq	TF ChIP-seq	cell line	/targets/IRF2-human/	IRF2	IRF2	Homo sapiens WTC11 genetically modified (insertion) using CRISPR targeting H. sapiens IRF2	WTC11	GEO:GSE230992	ChIP-Seq on WTC11	Richard Myers, HAIB	ENCODE	released	/files/ENCFF100OQZ/,/files/ENCFF499PJK/,/files/ENCFF894LBZ/,/files/ENCFF192AZT/,/files/ENCFF262ZGL/,/files/ENCFF541FQZ/,/files/ENCFF250ZLK/,/files/ENCFF252SRN/,/files/ENCFF534TJT/,/files/ENCFF078IJQ/,/files/ENCFF397ZMN/,/files/ENCFF710ZDJ/,/files/ENCFF168YVH/,/files/ENCFF044GTW/,/files/ENCFF321ZCR/,/files/ENCFF769LOH/,/files/ENCFF771ORT/,/files/ENCFF469OMP/,/files/ENCFF569DBX/,/files/ENCFF357LHZ/,/files/ENCFF148GMV/,/files/ENCFF461YTO/,/files/ENCFF150PLC/,/files/ENCFF591FTP/		ENCBS069BLK,ENCBS104TUU	1,2	1	ENCAB697XQW	Homo sapiens	adult	30 years										/organisms/human/		/replicates/f776c968-12b8-4efd-b7f8-d7e660949ac0/,/replicates/3246bb20-5134-4102-b9b9-d69b5b90136f/				
/experiments/ENCSR943MQH/	ENCSR943MQH	ChIP-seq	TF ChIP-seq	cell line	/targets/ZBTB33-human/	ZBTB33	ZBTB33	Homo sapiens WTC11 genetically modified (insertion) using CRISPR targeting H. sapiens ZBTB33	WTC11	GEO:GSE231249	ChIP-Seq on WTC11	Richard Myers, HAIB	ENCODE	released	/files/ENCFF948POG/,/files/ENCFF057FNJ/,/files/ENCFF440KUU/,/files/ENCFF845PMY/,/files/ENCFF006YFG/,/files/ENCFF452KGW/,/files/ENCFF094GPD/,/files/ENCFF390UCT/,/files/ENCFF050ZXM/,/files/ENCFF832CGR/,/files/ENCFF630UOU/,/files/ENCFF306HDB/,/files/ENCFF829AZA/,/files/ENCFF030KSD/,/files/ENCFF048CFR/,/files/ENCFF561SZF/,/files/ENCFF812NLR/,/files/ENCFF309KNX/,/files/ENCFF891TFC/,/files/ENCFF887MLK/,/files/ENCFF313FDY/,/files/ENCFF662WHN/,/files/ENCFF231XIJ/,/files/ENCFF079UGL/		ENCBS754MZN,ENCBS181KYB	1,2	1	ENCAB697XQW	Homo sapiens	adult	30 years										/organisms/human/		/replicates/9ce11f67-41e6-4112-9942-b140185cc389/,/replicates/68e18756-5226-4017-b1f6-9f67fd69e41f/				
/experiments/ENCSR029OPK/	ENCSR029OPK	ChIP-seq	TF ChIP-seq	cell line	/targets/ESRRA-human/	ESRRA	ESRRA	Homo sapiens WTC11 genetically modified (insertion) using CRISPR targeting H. sapiens ESRRA	WTC11	GEO:GSE230930	ChIP-Seq on WTC11	Richard Myers, HAIB	ENCODE	released	/files/ENCFF596MQW/,/files/ENCFF237VBD/,/files/ENCFF184DFN/,/files/ENCFF367HOP/,/files/ENCFF826TAK/,/files/ENCFF081CNK/,/files/ENCFF067NPO/,/files/ENCFF893SBZ/,/files/ENCFF148KSM/,/files/ENCFF805ZDN/,/files/ENCFF908MWO/,/files/ENCFF483OAU/,/files/ENCFF052JIW/,/files/ENCFF723TGQ/,/files/ENCFF258HYD/,/files/ENCFF155PKK/,/files/ENCFF918CQJ/,/files/ENCFF233TNH/,/files/ENCFF384WDO/,/files/ENCFF823RWZ/,/files/ENCFF720VUS/,/files/ENCFF303BSQ/,/files/ENCFF591YCA/,/files/ENCFF974MZT/		ENCBS614PLT,ENCBS551RFU	1,2	1	ENCAB697XQW	Homo sapiens	adult	30 years										/organisms/human/		/replicates/eecf2ca2-df26-46b2-9b16-7be65a7f41c4/,/replicates/091184f8-4d70-433e-9f05-86916fe0aa15/				
/experiments/ENCSR440UPD/	ENCSR440UPD	ChIP-seq	TF ChIP-seq	cell line	/targets/EMX1-human/	EMX1	EMX1	Homo sapiens WTC11 genetically modified (insertion) using CRISPR targeting H. sapiens EMX1	WTC11	GEO:GSE209332	EMX1 ChIP-seq on human WTC11	Michael Snyder, Stanford	ENCODE	released	/files/ENCFF365WJY/,/files/ENCFF790OYI/,/files/ENCFF711KNV/,/files/ENCFF146PPB/,/files/ENCFF919KFS/,/files/ENCFF548IVG/,/files/ENCFF078XCR/,/files/ENCFF034BCZ/,/files/ENCFF793GOD/,/files/ENCFF556AUI/,/files/ENCFF975KXH/,/files/ENCFF070ATS/,/files/ENCFF765JPK/,/files/ENCFF556ILN/,/files/ENCFF643YFT/,/files/ENCFF657VFS/,/files/ENCFF377JAS/,/files/ENCFF344DND/,/files/ENCFF287HYD/,/files/ENCFF324DOD/,/files/ENCFF248WJV/,/files/ENCFF148NHF/,/files/ENCFF149LMA/,/files/ENCFF240NTH/,/files/ENCFF692RZJ/,/files/ENCFF043XOD/		ENCBS886NNV,ENCBS208WTG	1,2	1	ENCAB728YTO	Homo sapiens	adult	30 years										/organisms/human/		/replicates/da8c5448-9571-431d-8aed-4f59d5ecfb15/,/replicates/2175e01e-bd69-402f-a973-bd55b598467e/				
/experiments/ENCSR762LIP/	ENCSR762LIP	ChIP-seq	TF ChIP-seq	cell line	/targets/AR-human/	AR	AR	Homo sapiens WTC11 genetically modified (insertion) using CRISPR targeting H. sapiens AR	WTC11	GEO:GSE209047	eGFP-AR ChIP-seq on human WTC11	Michael Snyder, Stanford	ENCODE	released	/files/ENCFF581ZHE/,/files/ENCFF661ZAE/,/files/ENCFF791DAH/,/files/ENCFF177JRD/,/files/ENCFF469TWS/,/files/ENCFF199AFT/,/files/ENCFF491KTB/,/files/ENCFF406BYQ/,/files/ENCFF289ARA/,/files/ENCFF347YOC/,/files/ENCFF189SZU/,/files/ENCFF962PVZ/,/files/ENCFF970UUU/,/files/ENCFF267GQJ/,/files/ENCFF572SDX/,/files/ENCFF312ILH/,/files/ENCFF378KHY/,/files/ENCFF849VHP/,/files/ENCFF414STO/,/files/ENCFF765TML/,/files/ENCFF336RRI/,/files/ENCFF691FGU/,/files/ENCFF040OSD/,/files/ENCFF208OKH/,/files/ENCFF309AZP/,/files/ENCFF902RAS/		ENCBS126ZXI,ENCBS921ATP	1,2	1	ENCAB728YTO	Homo sapiens	adult	30 years										/organisms/human/		/replicates/96cac723-a589-43ee-af1c-2893db4c9dcf/,/replicates/cd981a79-0ca7-4da8-b2bf-7ec92fbe5688/				
/experiments/ENCSR989LMJ/	ENCSR989LMJ	ChIP-seq	TF ChIP-seq	cell line	/targets/RELA-human/	RELA	RELA	Homo sapiens WTC11 genetically modified (insertion) using CRISPR targeting H. sapiens RELA	WTC11	GEO:GSE231297	ChIP-Seq on WTC11	Richard Myers, HAIB	ENCODE	released	/files/ENCFF827SUF/,/files/ENCFF515SSF/,/files/ENCFF457RAZ/,/files/ENCFF005QST/,/files/ENCFF041SNO/,/files/ENCFF083YPT/,/files/ENCFF815WEP/,/files/ENCFF206GWO/,/files/ENCFF833LFU/,/files/ENCFF365BXE/,/files/ENCFF938DOJ/,/files/ENCFF386HWB/,/files/ENCFF646PDP/,/files/ENCFF774LET/,/files/ENCFF735EJZ/,/files/ENCFF599OZW/,/files/ENCFF509XNJ/,/files/ENCFF427CRE/,/files/ENCFF892FPZ/,/files/ENCFF249QQH/,/files/ENCFF095PJP/,/files/ENCFF099SWE/,/files/ENCFF874IIP/,/files/ENCFF156GTL/		ENCBS840CLJ,ENCBS520SIL	1,2	1	ENCAB697XQW	Homo sapiens	adult	30 years										/organisms/human/		/replicates/003f1753-b1d6-4fe8-a100-3251bdffaf15/,/replicates/e7b389a0-0035-463c-b43f-1d96ea0bdee4/				
/experiments/ENCSR866VOW/	ENCSR866VOW	ChIP-seq	TF ChIP-seq	cell line	/targets/CBFB-human/	CBFB	CBFB	Homo sapiens WTC11 genetically modified (insertion) using CRISPR targeting H. sapiens CBFB	WTC11	GEO:GSE231119	ChIP-Seq on WTC11	Richard Myers, HAIB	ENCODE	released	/files/ENCFF654EMW/,/files/ENCFF037YWJ/,/files/ENCFF251COH/,/files/ENCFF026DVQ/,/files/ENCFF961YUB/,/files/ENCFF196FFB/,/files/ENCFF029GMV/,/files/ENCFF224WZF/,/files/ENCFF705TJI/,/files/ENCFF888OPC/,/files/ENCFF697LSW/,/files/ENCFF352MZU/,/files/ENCFF299RUY/,/files/ENCFF366MQS/,/files/ENCFF160UIW/,/files/ENCFF174CID/,/files/ENCFF338CQR/,/files/ENCFF341OPF/,/files/ENCFF448UAM/,/files/ENCFF448MHG/,/files/ENCFF113HIY/,/files/ENCFF554XFI/,/files/ENCFF017PIK/,/files/ENCFF480ZYO/		ENCBS977FDC,ENCBS938HRD	1,2	1	ENCAB697XQW	Homo sapiens	adult	30 years										/organisms/human/		/replicates/47a4665f-e44a-4d44-ab71-2ce57b4b75f3/,/replicates/f0a9d167-3b91-4d38-badf-4c773731a42b/				
/experiments/ENCSR713KVZ/	ENCSR713KVZ	ChIP-seq	TF ChIP-seq	cell line	/targets/HMGXB4-human/	HMGXB4	HMGXB4	Homo sapiens WTC11 genetically modified (insertion) using CRISPR targeting H. sapiens HMGXB4	WTC11	GEO:GSE231162	ChIP-Seq on WTC11	Richard Myers, HAIB	ENCODE	released	/files/ENCFF185YPF/,/files/ENCFF578KQW/,/files/ENCFF315VBT/,/files/ENCFF423ATO/,/files/ENCFF532EJO/,/files/ENCFF514SMH/,/files/ENCFF465QBP/,/files/ENCFF703IWP/,/files/ENCFF038NXA/,/files/ENCFF279PYW/,/files/ENCFF571GQU/,/files/ENCFF478NBB/,/files/ENCFF415OHR/,/files/ENCFF602MVW/,/files/ENCFF853DTK/,/files/ENCFF251SZO/,/files/ENCFF636QPF/,/files/ENCFF760GCW/,/files/ENCFF717CXX/,/files/ENCFF988EBA/,/files/ENCFF014AEJ/,/files/ENCFF864MVV/,/files/ENCFF962POR/,/files/ENCFF165HXX/		ENCBS617FSB,ENCBS092FQF	1,2	1	ENCAB697XQW	Homo sapiens	adult	30 years										/organisms/human/		/replicates/0d85beb2-219e-4814-8ded-553f31c99a6e/,/replicates/4a582b13-724b-4ef3-97e0-419359c7721c/				
/experiments/ENCSR199PXS/	ENCSR199PXS	ChIP-seq	TF ChIP-seq	cell line	/targets/ZBTB43-human/	ZBTB43	ZBTB43	Homo sapiens WTC11 genetically modified (insertion) using CRISPR targeting H. sapiens ZBTB43	WTC11	GEO:GSE231216	ChIP-Seq on WTC11	Richard Myers, HAIB	ENCODE	released	/files/ENCFF424GZI/,/files/ENCFF975TRC/,/files/ENCFF104OBW/,/files/ENCFF293DMC/,/files/ENCFF112BRS/,/files/ENCFF768LAO/,/files/ENCFF640LCY/,/files/ENCFF998RQB/,/files/ENCFF780CAV/,/files/ENCFF869YBR/,/files/ENCFF326CZF/,/files/ENCFF442MEU/,/files/ENCFF830KWI/,/files/ENCFF495SIZ/,/files/ENCFF058ZDU/,/files/ENCFF087MTG/,/files/ENCFF910VID/,/files/ENCFF817XBO/,/files/ENCFF046HLM/,/files/ENCFF053QFP/,/files/ENCFF823BSE/,/files/ENCFF208YLD/,/files/ENCFF317AFE/,/files/ENCFF058JUB/		ENCBS875YCW,ENCBS778PXQ	1,2	1	ENCAB697XQW	Homo sapiens	adult	30 years										/organisms/human/		/replicates/29479aa1-eb65-4ca6-9281-265e8a759049/,/replicates/cbe74296-4766-426e-b0f4-56ce906f7145/				
/experiments/ENCSR444BFV/	ENCSR444BFV	ChIP-seq	TF ChIP-seq	cell line	/targets/ZNF532-human/	ZNF532	ZNF532	Homo sapiens WTC11 genetically modified (insertion) using CRISPR targeting H. sapiens ZNF532	WTC11	GEO:GSE209341	eGFP-ZNF532 ChIP-seq on human WTC11	Michael Snyder, Stanford	ENCODE	released	/files/ENCFF272ETP/,/files/ENCFF630ABP/,/files/ENCFF864JAV/,/files/ENCFF142TYD/,/files/ENCFF933PWN/,/files/ENCFF081CEK/,/files/ENCFF222VQU/,/files/ENCFF491FIM/,/files/ENCFF256YVT/,/files/ENCFF880EVQ/,/files/ENCFF870JQT/,/files/ENCFF676LCP/,/files/ENCFF204REI/,/files/ENCFF373VBX/,/files/ENCFF596NZF/,/files/ENCFF817ORJ/,/files/ENCFF515ISF/,/files/ENCFF167GHO/,/files/ENCFF981XMN/,/files/ENCFF950XSM/,/files/ENCFF033HLO/,/files/ENCFF751OOH/,/files/ENCFF501FNR/,/files/ENCFF539RUV/,/files/ENCFF713UAI/,/files/ENCFF795EGN/		ENCBS526KKV,ENCBS480ZVW	1,2	1	ENCAB728YTO	Homo sapiens	adult	30 years										/organisms/human/		/replicates/dd2d58f5-a10d-4092-bc76-120809a7931c/,/replicates/7a106a60-aec4-48f0-aaa3-b7c0ef49be6a/				
/experiments/ENCSR281VWZ/	ENCSR281VWZ	ChIP-seq	TF ChIP-seq	cell line	/targets/GTF2I-human/	GTF2I	GTF2I	Homo sapiens WTC11 genetically modified (insertion) using CRISPR targeting H. sapiens GTF2I	WTC11	GEO:GSE176987	eGFP-GTF2I ChIP-seq on human WTC11	Michael Snyder, Stanford	ENCODE	released	/files/ENCFF459KZL/,/files/ENCFF782KLH/,/files/ENCFF679LCF/,/files/ENCFF052LSJ/,/files/ENCFF365GGC/,/files/ENCFF688CAI/,/files/ENCFF219DIT/,/files/ENCFF266TRD/,/files/ENCFF751NJV/,/files/ENCFF715ELZ/,/files/ENCFF682YCX/,/files/ENCFF780MKP/,/files/ENCFF848ADM/,/files/ENCFF625GCV/,/files/ENCFF394DOL/,/files/ENCFF819YRE/,/files/ENCFF255XXZ/,/files/ENCFF398NBJ/,/files/ENCFF656XZC/,/files/ENCFF293RAW/,/files/ENCFF803UGR/,/files/ENCFF072IMV/,/files/ENCFF489TTM/,/files/ENCFF539IZM/,/files/ENCFF013OOX/,/files/ENCFF660CGJ/		ENCBS771ODO,ENCBS496TRA	1,2	1	ENCAB728YTO	Homo sapiens	adult	30 years										/organisms/human/		/replicates/30857bc2-d801-439d-9573-9c33053aa732/,/replicates/130889af-92a8-4f73-8ee6-99b87e4ed136/				
/experiments/ENCSR092DCD/	ENCSR092DCD	ChIP-seq	TF ChIP-seq	cell line	/targets/PRDM15-human/	PRDM15	PRDM15	Homo sapiens WTC11 genetically modified (insertion) using CRISPR targeting H. sapiens PRDM15	WTC11	GEO:GSE231065	ChIP-Seq on WTC11	Richard Myers, HAIB	ENCODE	released	/files/ENCFF380FCZ/,/files/ENCFF970XGE/,/files/ENCFF038LNR/,/files/ENCFF584XCI/,/files/ENCFF592QZU/,/files/ENCFF967NNG/,/files/ENCFF668MTL/,/files/ENCFF567KSD/,/files/ENCFF492UPG/,/files/ENCFF175IWI/,/files/ENCFF612SYO/,/files/ENCFF568BJT/,/files/ENCFF456TZE/,/files/ENCFF877BGQ/,/files/ENCFF010DEJ/,/files/ENCFF071PQM/,/files/ENCFF140QTC/,/files/ENCFF363YZD/,/files/ENCFF701VEZ/,/files/ENCFF208ICE/,/files/ENCFF446EOR/,/files/ENCFF003OAO/,/files/ENCFF515KPK/,/files/ENCFF108TMF/		ENCBS085IER,ENCBS416MKC	1,2	1	ENCAB697XQW	Homo sapiens	adult	30 years										/organisms/human/		/replicates/d058407b-9a83-4043-a3a9-0561c7cf2103/,/replicates/d817e949-ca70-4753-89ae-9636717ae7c5/				
/experiments/ENCSR640STN/	ENCSR640STN	ChIP-seq	TF ChIP-seq	cell line	/targets/ZNF184-human/	ZNF184	ZNF184	Homo sapiens WTC11 genetically modified (insertion) using CRISPR targeting H. sapiens ZNF184	WTC11	GEO:GSE231057	ChIP-Seq on WTC11	Richard Myers, HAIB	ENCODE	released	/files/ENCFF688OZO/,/files/ENCFF301PSK/,/files/ENCFF568THD/,/files/ENCFF084YXB/,/files/ENCFF057STB/,/files/ENCFF727OTV/,/files/ENCFF457BNX/,/files/ENCFF212MXA/,/files/ENCFF484MJL/,/files/ENCFF832VQA/,/files/ENCFF678PHA/,/files/ENCFF977PGR/,/files/ENCFF742CKS/,/files/ENCFF726JEI/,/files/ENCFF907NQB/,/files/ENCFF799BID/,/files/ENCFF600HLM/,/files/ENCFF122AFS/,/files/ENCFF064BVT/,/files/ENCFF115ZMM/,/files/ENCFF503MBT/,/files/ENCFF972NRI/,/files/ENCFF352POG/,/files/ENCFF285VZY/		ENCBS452DLY,ENCBS664MGL	1,2	1	ENCAB697XQW	Homo sapiens	adult	30 years										/organisms/human/		/replicates/488e0602-7411-4da2-8d00-ed2fcf0b2065/,/replicates/5dd52c4e-4047-412f-80e1-c8f34cc6e511/				
/experiments/ENCSR260GQA/	ENCSR260GQA	ChIP-seq	TF ChIP-seq	cell line	/targets/ZNF671-human/	ZNF671	ZNF671	Homo sapiens WTC11 genetically modified (insertion) using CRISPR targeting H. sapiens ZNF671	WTC11	GEO:GSE209375	eGFP-ZNF671 ChIP-seq on human WTC11	Michael Snyder, Stanford	ENCODE	released	/files/ENCFF717XPA/,/files/ENCFF683IJC/,/files/ENCFF792KED/,/files/ENCFF382SBQ/,/files/ENCFF688BJA/,/files/ENCFF432KDP/,/files/ENCFF118JHI/,/files/ENCFF037QXM/,/files/ENCFF483LLJ/,/files/ENCFF654WHZ/,/files/ENCFF778JNF/,/files/ENCFF588JXS/,/files/ENCFF816MSO/,/files/ENCFF400IOZ/,/files/ENCFF533VIN/,/files/ENCFF053HBV/,/files/ENCFF929EIA/,/files/ENCFF803HQI/,/files/ENCFF994ATZ/,/files/ENCFF489LOF/,/files/ENCFF746ZTQ/,/files/ENCFF099MJU/,/files/ENCFF202ZNQ/,/files/ENCFF300TKM/,/files/ENCFF702NHJ/,/files/ENCFF932LRK/		ENCBS262DYC,ENCBS749ATC	1,2	1	ENCAB728YTO	Homo sapiens	adult	30 years										/organisms/human/		/replicates/6dda852b-4cb3-46c1-b18d-66cf7cdc5834/,/replicates/97e4ad86-760a-42b3-a987-31a0780ffb23/				
/experiments/ENCSR579RFH/	ENCSR579RFH	ChIP-seq	TF ChIP-seq	cell line	/targets/SMAD3-human/	SMAD3	SMAD3	Homo sapiens WTC11 genetically modified (insertion) using CRISPR targeting H. sapiens SMAD3	WTC11	GEO:GSE230960	ChIP-Seq on WTC11	Richard Myers, HAIB	ENCODE	released	/files/ENCFF755NXS/,/files/ENCFF602BMY/,/files/ENCFF317KGD/,/files/ENCFF069YZB/,/files/ENCFF331PMP/,/files/ENCFF719VZD/,/files/ENCFF672YQS/,/files/ENCFF215MVN/,/files/ENCFF370DHS/,/files/ENCFF844NPX/,/files/ENCFF770SCA/,/files/ENCFF318JBV/,/files/ENCFF795CHV/,/files/ENCFF868WSN/,/files/ENCFF291XCB/,/files/ENCFF474EOH/,/files/ENCFF933NCD/,/files/ENCFF585XEH/,/files/ENCFF602JXB/,/files/ENCFF242ROC/,/files/ENCFF537ZPZ/,/files/ENCFF056PSX/,/files/ENCFF580MYL/,/files/ENCFF815YYQ/		ENCBS960OIM,ENCBS377MPK	1,2	1	ENCAB697XQW	Homo sapiens	adult	30 years										/organisms/human/		/replicates/5192c46b-6f81-480d-aa06-74f330952cdc/,/replicates/6f09eb9d-560b-4772-b685-b7771ff0700e/				
/experiments/ENCSR742DAU/	ENCSR742DAU	ChIP-seq	TF ChIP-seq	cell line	/targets/HMGA2-human/	HMGA2	HMGA2	Homo sapiens WTC11 genetically modified (insertion) using CRISPR targeting H. sapiens HMGA2	WTC11	GEO:GSE188040	eGFP-HMGA2 ChIP-seq on human WTC11	Michael Snyder, Stanford	ENCODE	released	/files/ENCFF862LUM/,/files/ENCFF602TQI/,/files/ENCFF288HOA/,/files/ENCFF711FHC/,/files/ENCFF888GXK/,/files/ENCFF234MJP/,/files/ENCFF288AYF/,/files/ENCFF026SNS/,/files/ENCFF405GFC/,/files/ENCFF575IIR/,/files/ENCFF288LLL/,/files/ENCFF784CRY/,/files/ENCFF614IHQ/,/files/ENCFF546HDQ/,/files/ENCFF301GXP/,/files/ENCFF494OUK/,/files/ENCFF195OIO/,/files/ENCFF128UHC/,/files/ENCFF599VMH/,/files/ENCFF661DYG/,/files/ENCFF942YFH/,/files/ENCFF895WXV/,/files/ENCFF281EPZ/,/files/ENCFF203JLD/,/files/ENCFF401IYN/,/files/ENCFF535JLP/		ENCBS079WAC,ENCBS892MRW	1,2	1	ENCAB728YTO	Homo sapiens	adult	30 years										/organisms/human/		/replicates/02caa820-7831-4bed-bbcd-a338bdf89b9e/,/replicates/e5239972-fd22-42e5-b06e-3359d3de2680/				
/experiments/ENCSR248QBT/	ENCSR248QBT	ChIP-seq	TF ChIP-seq	cell line	/targets/USF1-human/	USF1	USF1	Homo sapiens WTC11 genetically modified (insertion) using CRISPR targeting H. sapiens USF1	WTC11	GEO:GSE230898	ChIP-Seq on WTC11	Richard Myers, HAIB	ENCODE	released	/files/ENCFF086YYA/,/files/ENCFF320KUD/,/files/ENCFF114UGJ/,/files/ENCFF250BVB/,/files/ENCFF130XMQ/,/files/ENCFF821KSF/,/files/ENCFF096YPR/,/files/ENCFF279DTW/,/files/ENCFF026WCT/,/files/ENCFF920AWE/,/files/ENCFF254GEZ/,/files/ENCFF933JNE/,/files/ENCFF920EHE/,/files/ENCFF617EBV/,/files/ENCFF241CTQ/,/files/ENCFF325RXH/,/files/ENCFF427ENG/,/files/ENCFF623GJT/,/files/ENCFF832NKN/,/files/ENCFF949NAK/,/files/ENCFF698EVN/,/files/ENCFF251LMA/,/files/ENCFF152MNN/,/files/ENCFF699QGS/		ENCBS703IJJ,ENCBS083HVN	1,2	1	ENCAB697XQW	Homo sapiens	adult	30 years										/organisms/human/		/replicates/92d6f4a9-6252-482d-ac30-c7af9c5d471c/,/replicates/1c5edb29-7e57-4642-a5f9-256576f4bf9a/				
/experiments/ENCSR836SPL/	ENCSR836SPL	ChIP-seq	TF ChIP-seq	cell line	/targets/E2F1-human/	E2F1	E2F1	Homo sapiens WTC11 genetically modified (insertion) using CRISPR targeting H. sapiens E2F1	WTC11	GEO:GSE231046	ChIP-Seq on WTC11	Richard Myers, HAIB	ENCODE	released	/files/ENCFF094WLF/,/files/ENCFF516CCU/,/files/ENCFF779OJH/,/files/ENCFF077HGN/,/files/ENCFF775PUB/,/files/ENCFF706BJR/,/files/ENCFF542TXW/,/files/ENCFF548QOU/,/files/ENCFF346OIU/,/files/ENCFF165QSJ/,/files/ENCFF318BWV/,/files/ENCFF632EQK/,/files/ENCFF741KXS/,/files/ENCFF768TUK/,/files/ENCFF141GYX/,/files/ENCFF678RRI/,/files/ENCFF063GME/,/files/ENCFF708XAG/,/files/ENCFF512UGU/,/files/ENCFF251FOY/,/files/ENCFF469WFT/,/files/ENCFF377UFM/,/files/ENCFF389LJU/,/files/ENCFF994SXO/		ENCBS766UAG,ENCBS951EMG	1,2	1	ENCAB697XQW	Homo sapiens	adult	30 years										/organisms/human/		/replicates/05d260fa-1a90-4c7b-b2af-a516af9911a9/,/replicates/b503f3dc-c15d-436a-86bf-e1b37d0e258b/				
/experiments/ENCSR284SMX/	ENCSR284SMX	ChIP-seq	TF ChIP-seq	cell line	/targets/PREB-human/	PREB	PREB	Homo sapiens WTC11 genetically modified (insertion) using CRISPR targeting H. sapiens PREB	WTC11	GEO:GSE230961	ChIP-Seq on WTC11	Richard Myers, HAIB	ENCODE	released	/files/ENCFF847AHY/,/files/ENCFF121VHE/,/files/ENCFF439ODJ/,/files/ENCFF553FAP/,/files/ENCFF820ARC/,/files/ENCFF875IWE/,/files/ENCFF809LDW/,/files/ENCFF509YME/,/files/ENCFF103GSJ/,/files/ENCFF885UWS/,/files/ENCFF312EUT/,/files/ENCFF871ROR/,/files/ENCFF261HGG/,/files/ENCFF560PKR/,/files/ENCFF365TGJ/,/files/ENCFF176FYQ/,/files/ENCFF390KFP/,/files/ENCFF173QKP/,/files/ENCFF758GEF/,/files/ENCFF769TST/,/files/ENCFF656VKT/,/files/ENCFF322GZL/,/files/ENCFF948MZR/,/files/ENCFF567VIN/		ENCBS926AQQ,ENCBS647OQR	1,2	1	ENCAB697XQW	Homo sapiens	adult	30 years										/organisms/human/		/replicates/9f7dbf4b-25c8-4e58-bfd2-2fbfc8f386f8/,/replicates/135ea169-2433-416a-9056-e7f0007fe8d9/				
/experiments/ENCSR508NBY/	ENCSR508NBY	ChIP-seq	TF ChIP-seq	cell line	/targets/TOX4-human/	TOX4	TOX4	Homo sapiens WTC11 genetically modified (insertion) using CRISPR targeting H. sapiens TOX4, (insertion) using TALEN inserting M. musculus Neurog2	WTC11	GEO:GSE231248	eGFP-TOX4 ChIP-seq on human WTC11	Michael Snyder, Stanford	ENCODE	released	/files/ENCFF122ZYQ/,/files/ENCFF041FPL/,/files/ENCFF395ANX/,/files/ENCFF528FHD/,/files/ENCFF929UJC/,/files/ENCFF608KIW/,/files/ENCFF356HYL/,/files/ENCFF151HYT/,/files/ENCFF147MNY/,/files/ENCFF781MVP/,/files/ENCFF753HON/,/files/ENCFF029SMN/,/files/ENCFF898SSU/,/files/ENCFF541WAL/,/files/ENCFF865WIJ/,/files/ENCFF438OYZ/,/files/ENCFF057AWH/,/files/ENCFF805NEI/,/files/ENCFF866MGV/,/files/ENCFF311OMI/,/files/ENCFF384CBC/,/files/ENCFF540JYN/,/files/ENCFF365ADE/,/files/ENCFF452QDL/,/files/ENCFF143ZUV/,/files/ENCFF693RHU/		ENCBS643NIT,ENCBS662DKH	1,2	1	ENCAB728YTO	Homo sapiens	adult	30 years										/organisms/human/	/organisms/mouse/	/replicates/a8a35754-e19f-4a87-a48e-1e701e19c59c/,/replicates/49d8a62e-32a3-41b4-b5da-3ae1cbe0ec99/				
/experiments/ENCSR048PPE/	ENCSR048PPE	ChIP-seq	TF ChIP-seq	cell line	/targets/STAT6-human/	STAT6	STAT6	Homo sapiens WTC11 genetically modified (insertion) using CRISPR targeting H. sapiens STAT6	WTC11	GEO:GSE230976	ChIP-Seq on WTC11	Richard Myers, HAIB	ENCODE	released	/files/ENCFF552FTE/,/files/ENCFF595UDZ/,/files/ENCFF290BUB/,/files/ENCFF879LIL/,/files/ENCFF082VJS/,/files/ENCFF636AVK/,/files/ENCFF371TEM/,/files/ENCFF109RNX/,/files/ENCFF456EGT/,/files/ENCFF920OAJ/,/files/ENCFF527OQZ/,/files/ENCFF635CJS/,/files/ENCFF908HGP/,/files/ENCFF363MRZ/,/files/ENCFF953OAS/,/files/ENCFF863KUT/,/files/ENCFF753BDD/,/files/ENCFF989YRL/,/files/ENCFF172OCS/,/files/ENCFF391UZB/,/files/ENCFF431FRO/,/files/ENCFF763DEK/,/files/ENCFF251JLA/,/files/ENCFF271RMR/		ENCBS250JQW,ENCBS762CXN	1,2	1	ENCAB697XQW	Homo sapiens	adult	30 years										/organisms/human/		/replicates/378870fc-2e4b-4624-9934-db616bf9e927/,/replicates/9d8e7909-dc4d-407b-a686-6e6e58dd8727/				
/experiments/ENCSR034IND/	ENCSR034IND	ChIP-seq	TF ChIP-seq	cell line	/targets/ZNF232-human/	ZNF232	ZNF232	Homo sapiens WTC11 genetically modified (insertion) using CRISPR targeting H. sapiens ZNF232	WTC11	GEO:GSE230953	ChIP-Seq on WTC11	Richard Myers, HAIB	ENCODE	released	/files/ENCFF491OCZ/,/files/ENCFF862DRU/,/files/ENCFF995RPK/,/files/ENCFF561UMM/,/files/ENCFF606LQO/,/files/ENCFF901BGD/,/files/ENCFF393UBL/,/files/ENCFF275SVG/,/files/ENCFF347QEY/,/files/ENCFF697FPX/,/files/ENCFF692SYJ/,/files/ENCFF281BHQ/,/files/ENCFF325PTW/,/files/ENCFF816KBN/,/files/ENCFF561IIN/,/files/ENCFF455NTC/,/files/ENCFF882VKY/,/files/ENCFF713TUI/,/files/ENCFF719ZUR/,/files/ENCFF929SRX/,/files/ENCFF823ULX/,/files/ENCFF641XDM/,/files/ENCFF078MGC/,/files/ENCFF873EYT/		ENCBS958IHR,ENCBS324BDN	1,2	1	ENCAB697XQW	Homo sapiens	adult	30 years										/organisms/human/		/replicates/3f81d185-f3f8-4c51-b4a4-d3158f8a9251/,/replicates/cf7fbf90-6c52-4b3e-a7ac-a43df98d4879/				
/experiments/ENCSR561YGS/	ENCSR561YGS	ChIP-seq	TF ChIP-seq	cell line	/targets/GABPB1-human/	GABPB1	GABPB1	Homo sapiens WTC11 genetically modified (insertion) using CRISPR targeting H. sapiens GABPB1	WTC11	GEO:GSE230916	ChIP-Seq on WTC11	Richard Myers, HAIB	ENCODE	released	/files/ENCFF747QMC/,/files/ENCFF975KWI/,/files/ENCFF702CYZ/,/files/ENCFF210LGI/,/files/ENCFF445RDL/,/files/ENCFF280WDV/,/files/ENCFF555XSP/,/files/ENCFF253YGI/,/files/ENCFF655DVT/,/files/ENCFF152QVC/,/files/ENCFF377CIO/,/files/ENCFF390MAO/,/files/ENCFF902MJT/,/files/ENCFF350PFA/,/files/ENCFF997PYT/,/files/ENCFF098OKQ/,/files/ENCFF878YSE/,/files/ENCFF024GMY/,/files/ENCFF783DPP/,/files/ENCFF407BYV/,/files/ENCFF793CZO/,/files/ENCFF826PXP/,/files/ENCFF987ZGR/,/files/ENCFF166QKI/		ENCBS417DMF,ENCBS102CRG	1,2	1	ENCAB697XQW	Homo sapiens	adult	30 years										/organisms/human/		/replicates/3e3ff51a-8248-4023-abdd-b07de78ad5e3/,/replicates/7248008c-aeae-4257-9adc-d5dce8a28425/				
/experiments/ENCSR547WSB/	ENCSR547WSB	ChIP-seq	TF ChIP-seq	cell line	/targets/TRERF1-human/	TRERF1	TRERF1	Homo sapiens WTC11 genetically modified (insertion) using CRISPR targeting H. sapiens TRERF1	WTC11	GEO:GSE174892	eGFP-TRERF1 ChIP-seq on human WTC11	Michael Snyder, Stanford	ENCODE	released	/files/ENCFF384WVQ/,/files/ENCFF498RSF/,/files/ENCFF852YJM/,/files/ENCFF217YBE/,/files/ENCFF521YME/,/files/ENCFF022JBE/,/files/ENCFF271YPL/,/files/ENCFF224SWE/,/files/ENCFF953MRX/,/files/ENCFF303XMQ/,/files/ENCFF723QRS/,/files/ENCFF699VYX/,/files/ENCFF123DGT/,/files/ENCFF370IPP/,/files/ENCFF979NOV/,/files/ENCFF710OIX/,/files/ENCFF919ZUT/,/files/ENCFF420GOL/,/files/ENCFF561KSY/,/files/ENCFF555HTT/,/files/ENCFF151PYP/,/files/ENCFF752MWG/,/files/ENCFF728SPK/,/files/ENCFF038JLG/,/files/ENCFF808AGK/,/files/ENCFF113BUM/		ENCBS717QHI,ENCBS706GIE	1,2	1	ENCAB728YTO	Homo sapiens	adult	30 years										/organisms/human/		/replicates/7c7fb53f-b327-48bd-96eb-590dc68d525b/,/replicates/c9cc30b1-fde4-440b-ace0-57371771bc5a/				
/experiments/ENCSR127NBZ/	ENCSR127NBZ	ChIP-seq	TF ChIP-seq	cell line	/targets/ERG-human/	ERG	ERG	Homo sapiens WTC11 genetically modified (insertion) using CRISPR targeting H. sapiens ERG	WTC11	GEO:GSE209559	eGFP-ERG ChIP-seq on human WTC11	Michael Snyder, Stanford	ENCODE	released	/files/ENCFF535LJN/,/files/ENCFF736NWL/,/files/ENCFF273TUW/,/files/ENCFF120RFF/,/files/ENCFF916OKK/,/files/ENCFF063DBR/,/files/ENCFF581OLW/,/files/ENCFF018XLM/,/files/ENCFF966HMI/,/files/ENCFF590EIX/,/files/ENCFF946AVU/,/files/ENCFF718MEN/,/files/ENCFF687RHZ/,/files/ENCFF934JHT/,/files/ENCFF911KAD/,/files/ENCFF642JFF/,/files/ENCFF098YWC/,/files/ENCFF197YJO/,/files/ENCFF011YUL/,/files/ENCFF555HXA/,/files/ENCFF393XSG/,/files/ENCFF879VUL/,/files/ENCFF910CYH/,/files/ENCFF426QRU/,/files/ENCFF087NFS/,/files/ENCFF636DFD/		ENCBS868NKT,ENCBS631AHS	1,2	1	ENCAB728YTO	Homo sapiens	adult	30 years										/organisms/human/		/replicates/82978958-330a-4028-80be-8b7bd1930eaf/,/replicates/30af48e4-b825-4866-b569-17084b91fb05/				
/experiments/ENCSR349FYX/	ENCSR349FYX	ChIP-seq	TF ChIP-seq	cell line	/targets/MAX-human/	MAX	MAX	Homo sapiens WTC11 genetically modified (insertion) using CRISPR targeting H. sapiens MAX	WTC11	GEO:GSE231018	ChIP-Seq on WTC11	Richard Myers, HAIB	ENCODE	released	/files/ENCFF529DGL/,/files/ENCFF760XVT/,/files/ENCFF979PQA/,/files/ENCFF760NBK/,/files/ENCFF155FRH/,/files/ENCFF094ORQ/,/files/ENCFF951ZVL/,/files/ENCFF359SRU/,/files/ENCFF787DSW/,/files/ENCFF183QAS/,/files/ENCFF734UQL/,/files/ENCFF353XDG/,/files/ENCFF661SCN/,/files/ENCFF887NBY/,/files/ENCFF200URB/,/files/ENCFF836HAK/,/files/ENCFF118MCL/,/files/ENCFF197IBQ/,/files/ENCFF596RQQ/,/files/ENCFF223QFY/,/files/ENCFF124WNF/,/files/ENCFF117UHA/,/files/ENCFF662HYL/,/files/ENCFF798VMF/		ENCBS439OEX,ENCBS456GIT	1,2	1	ENCAB697XQW	Homo sapiens	adult	30 years										/organisms/human/		/replicates/27fdcc34-65f6-4166-aba7-9ac8eef837db/,/replicates/9f98a58c-a7c4-4c6f-9383-362fd1ac0bfb/				
/experiments/ENCSR760GZL/	ENCSR760GZL	ChIP-seq	TF ChIP-seq	cell line	/targets/TP53-human/	TP53	TP53	Homo sapiens WTC11 genetically modified (insertion) using CRISPR targeting H. sapiens TP53	WTC11	GEO:GSE230950	ChIP-Seq on WTC11	Richard Myers, HAIB	ENCODE	released	/files/ENCFF038LBK/,/files/ENCFF004KWJ/,/files/ENCFF924YJP/,/files/ENCFF804MGI/,/files/ENCFF034NEL/,/files/ENCFF639FRP/,/files/ENCFF424ZSU/,/files/ENCFF877LNP/,/files/ENCFF380JXC/,/files/ENCFF085KEX/,/files/ENCFF229TYS/,/files/ENCFF518OZM/,/files/ENCFF728WOV/,/files/ENCFF757DHH/,/files/ENCFF073MNJ/,/files/ENCFF854YMM/,/files/ENCFF403HEQ/,/files/ENCFF836OCV/,/files/ENCFF716JRR/,/files/ENCFF280RDQ/,/files/ENCFF967KBG/,/files/ENCFF628NGH/,/files/ENCFF359JCU/,/files/ENCFF919SFL/		ENCBS648OTZ,ENCBS742MSK	1,2	1	ENCAB697XQW	Homo sapiens	adult	30 years										/organisms/human/		/replicates/ba323177-be59-4323-a8eb-8d3066cec6f1/,/replicates/0ec27c68-ea48-4202-9851-82427c3f8b90/				
/experiments/ENCSR879YNX/	ENCSR879YNX	ChIP-seq	TF ChIP-seq	cell line	/targets/ATF3-human/	ATF3	ATF3	Homo sapiens WTC11 genetically modified (insertion) using CRISPR targeting H. sapiens ATF3	WTC11	GEO:GSE231139	ChIP-Seq on WTC11	Richard Myers, HAIB	ENCODE	released	/files/ENCFF166XCW/,/files/ENCFF103FSH/,/files/ENCFF776HYU/,/files/ENCFF045FTE/,/files/ENCFF199TBM/,/files/ENCFF018XFI/,/files/ENCFF362NBL/,/files/ENCFF867DHX/,/files/ENCFF253YMG/,/files/ENCFF764PBT/,/files/ENCFF341RJA/,/files/ENCFF750UWT/,/files/ENCFF077LCP/,/files/ENCFF911IWA/,/files/ENCFF591TSL/,/files/ENCFF016WQQ/,/files/ENCFF239WOH/,/files/ENCFF046YER/,/files/ENCFF960ARL/,/files/ENCFF519QFH/,/files/ENCFF631ENQ/,/files/ENCFF977HVY/,/files/ENCFF057SSO/,/files/ENCFF887NWU/		ENCBS382EPH,ENCBS854JHR	1,2	1	ENCAB697XQW	Homo sapiens	adult	30 years										/organisms/human/		/replicates/f9480173-eff8-4eeb-8a01-0fa41e5c1ac4/,/replicates/bdcbf509-eccd-4dfe-9d7a-1aa68de33cfc/				
/experiments/ENCSR264OKN/	ENCSR264OKN	ChIP-seq	TF ChIP-seq	cell line	/targets/E2F4-human/	E2F4	E2F4	Homo sapiens WTC11 genetically modified (insertion) using CRISPR targeting H. sapiens E2F4	WTC11	GEO:GSE230931	ChIP-Seq on WTC11	Richard Myers, HAIB	ENCODE	released	/files/ENCFF357RFV/,/files/ENCFF128OSI/,/files/ENCFF296LTC/,/files/ENCFF245TCD/,/files/ENCFF661EKK/,/files/ENCFF290YTT/,/files/ENCFF506KBC/,/files/ENCFF051EWM/,/files/ENCFF322NMN/,/files/ENCFF571TMG/,/files/ENCFF044SWR/,/files/ENCFF775ZDR/,/files/ENCFF061BOG/,/files/ENCFF465RMF/,/files/ENCFF592JBT/,/files/ENCFF812GUL/,/files/ENCFF474AHY/,/files/ENCFF562PHC/,/files/ENCFF574OKJ/,/files/ENCFF504OCA/,/files/ENCFF832IVC/,/files/ENCFF388XGR/,/files/ENCFF657ZTD/,/files/ENCFF630TVS/		ENCBS479PDF,ENCBS132OAY	1,2	1	ENCAB697XQW	Homo sapiens	adult	30 years										/organisms/human/		/replicates/cacebbe8-cd17-48a3-92d2-ebec2f50d67b/,/replicates/e8ecc845-7c41-4c2b-98e4-23ccd741da6d/				
/experiments/ENCSR962BEI/	ENCSR962BEI	ChIP-seq	TF ChIP-seq	cell line	/targets/ZBTB21-human/	ZBTB21	ZBTB21	Homo sapiens WTC11 genetically modified (insertion) using CRISPR targeting H. sapiens ZBTB21	WTC11	GEO:GSE231275	ChIP-Seq on WTC11	Richard Myers, HAIB	ENCODE	released	/files/ENCFF761ABF/,/files/ENCFF727HBT/,/files/ENCFF935UBF/,/files/ENCFF243MQJ/,/files/ENCFF942ZUN/,/files/ENCFF678YDL/,/files/ENCFF374VXN/,/files/ENCFF326OVP/,/files/ENCFF283KBI/,/files/ENCFF715BAP/,/files/ENCFF935ZQC/,/files/ENCFF677ZYY/,/files/ENCFF073ZUP/,/files/ENCFF485MTI/,/files/ENCFF158NKH/,/files/ENCFF555DIC/,/files/ENCFF059NQB/,/files/ENCFF555YWA/,/files/ENCFF248QLP/,/files/ENCFF064UDI/,/files/ENCFF823LYC/,/files/ENCFF827DXZ/,/files/ENCFF165KOI/,/files/ENCFF212DVE/		ENCBS292RSQ,ENCBS692SFB	1,2	1	ENCAB697XQW	Homo sapiens	adult	30 years										/organisms/human/		/replicates/f70a9048-924f-4e20-bcff-96dcfc4d7e73/,/replicates/ecb7e791-d92f-4025-b91c-4d94638781f2/				
/experiments/ENCSR150LGS/	ENCSR150LGS	ChIP-seq	TF ChIP-seq	cell line	/targets/E2F5-human/	E2F5	E2F5	Homo sapiens WTC11 genetically modified (insertion) using CRISPR targeting H. sapiens E2F5	WTC11	GEO:GSE231159	ChIP-Seq on WTC11	Richard Myers, HAIB	ENCODE	released	/files/ENCFF242UYW/,/files/ENCFF724ZAN/,/files/ENCFF087FPU/,/files/ENCFF746QNQ/,/files/ENCFF831UZC/,/files/ENCFF274QFR/,/files/ENCFF776ECI/,/files/ENCFF875QKE/,/files/ENCFF148ZPR/,/files/ENCFF826WUD/,/files/ENCFF495SJE/,/files/ENCFF583KAD/,/files/ENCFF010CIY/,/files/ENCFF620XYU/,/files/ENCFF568UFG/,/files/ENCFF905GYS/,/files/ENCFF558JOH/,/files/ENCFF428TZW/,/files/ENCFF890ZPX/,/files/ENCFF874MGV/,/files/ENCFF688OLF/,/files/ENCFF257EFY/,/files/ENCFF449LLF/,/files/ENCFF404YCP/		ENCBS106IVY,ENCBS852PXN	1,2	1	ENCAB697XQW	Homo sapiens	adult	30 years										/organisms/human/		/replicates/2a5cf35c-88ce-4f12-af7e-13ed504af68f/,/replicates/046d633e-1aa0-403d-9a14-1d6db45a07ac/				
/experiments/ENCSR231CZR/	ENCSR231CZR	ChIP-seq	TF ChIP-seq	cell line	/targets/SOX15-human/	SOX15	SOX15	Homo sapiens WTC11 genetically modified (insertion) using CRISPR targeting H. sapiens SOX15	WTC11	GEO:GSE187144	eGFP-SOX15 ChIP-seq on human WTC11	Michael Snyder, Stanford	ENCODE	released	/files/ENCFF371PHP/,/files/ENCFF568AVH/,/files/ENCFF360RSZ/,/files/ENCFF187DRA/,/files/ENCFF617LFT/,/files/ENCFF669EUU/,/files/ENCFF412HGR/,/files/ENCFF058NNO/,/files/ENCFF009JBX/,/files/ENCFF294QPK/,/files/ENCFF546BWS/,/files/ENCFF613LON/,/files/ENCFF812XUO/,/files/ENCFF856RYO/,/files/ENCFF318JLT/,/files/ENCFF458LKU/,/files/ENCFF101EAF/,/files/ENCFF213EZX/,/files/ENCFF491XNI/,/files/ENCFF231YUD/,/files/ENCFF322KBZ/,/files/ENCFF088UIR/,/files/ENCFF815TZZ/,/files/ENCFF302SVH/,/files/ENCFF606BSZ/,/files/ENCFF512NCN/,/files/ENCFF286XSK/,/files/ENCFF906XOV/,/files/ENCFF424HZC/,/files/ENCFF688SFN/		ENCBS787LWW,ENCBS683JWW	1,2	1	ENCAB728YTO	Homo sapiens	adult	30 years										/organisms/human/		/replicates/42d154f8-20c7-4dd3-9084-7a9449d7334b/,/replicates/8cf1a814-4d9a-4dc4-be62-66aa3591cd53/				
/experiments/ENCSR987FPY/	ENCSR987FPY	ChIP-seq	TF ChIP-seq	cell line	/targets/ATF6-human/	ATF6	ATF6	Homo sapiens WTC11 genetically modified (insertion) using CRISPR targeting H. sapiens ATF6	WTC11	GEO:GSE231295	ChIP-Seq on WTC11	Richard Myers, HAIB	ENCODE	released	/files/ENCFF556GUJ/,/files/ENCFF495YOQ/,/files/ENCFF861ZOR/,/files/ENCFF636UKO/,/files/ENCFF655HAA/,/files/ENCFF079SXR/,/files/ENCFF400OST/,/files/ENCFF926UJC/,/files/ENCFF359KUV/,/files/ENCFF631QQM/,/files/ENCFF157NBT/,/files/ENCFF264QMT/,/files/ENCFF896AVF/,/files/ENCFF806UOE/,/files/ENCFF607AFL/,/files/ENCFF070NEU/,/files/ENCFF418ICV/,/files/ENCFF953GZH/,/files/ENCFF858QQK/,/files/ENCFF201UUE/,/files/ENCFF694CEJ/,/files/ENCFF387JLY/,/files/ENCFF844DBH/,/files/ENCFF864VUA/		ENCBS209CRY,ENCBS162EXV	2,1	1	ENCAB697XQW	Homo sapiens	adult	30 years										/organisms/human/		/replicates/7a1b33bd-c0be-4672-81d5-10ebf0435d34/,/replicates/51821126-5ad8-45a4-ba2a-620c4f62f85d/				
/experiments/ENCSR023IPQ/	ENCSR023IPQ	ChIP-seq	TF ChIP-seq	cell line	/targets/PRRX2-human/	PRRX2	PRRX2	Homo sapiens WTC11 genetically modified (insertion) using CRISPR targeting H. sapiens PRRX2	WTC11	GEO:GSE208469	eGFP-PRRX2 ChIP-seq on human WTC11	Michael Snyder, Stanford	ENCODE	released	/files/ENCFF867DJE/,/files/ENCFF931SSV/,/files/ENCFF122NEO/,/files/ENCFF134EJQ/,/files/ENCFF462KFV/,/files/ENCFF970GLW/,/files/ENCFF968YLK/,/files/ENCFF955BOS/,/files/ENCFF376VSC/,/files/ENCFF623EHJ/,/files/ENCFF437INR/,/files/ENCFF111BZB/,/files/ENCFF595NTR/,/files/ENCFF955KBE/,/files/ENCFF986NYV/,/files/ENCFF816XOP/,/files/ENCFF728JNA/,/files/ENCFF270OAY/,/files/ENCFF944SPS/,/files/ENCFF459RFA/,/files/ENCFF221RPA/,/files/ENCFF435LHJ/,/files/ENCFF107JGJ/,/files/ENCFF933CMF/,/files/ENCFF531HJB/,/files/ENCFF899FXH/		ENCBS497WYL,ENCBS806BOS	1,2	1	ENCAB728YTO	Homo sapiens	adult	30 years										/organisms/human/		/replicates/c11dc08c-b835-4b54-9b70-aafdf8292b22/,/replicates/4179256a-a3f9-413a-9322-b63ca753e396/				
/experiments/ENCSR910UQX/	ENCSR910UQX	ChIP-seq	TF ChIP-seq	cell line	/targets/TGIF2-human/	TGIF2	TGIF2	Homo sapiens WTC11 genetically modified (insertion) using CRISPR targeting H. sapiens TGIF2	WTC11	GEO:GSE231182	ChIP-Seq on WTC11	Richard Myers, HAIB	ENCODE	released	/files/ENCFF651JWE/,/files/ENCFF697QYM/,/files/ENCFF606MUI/,/files/ENCFF241WZQ/,/files/ENCFF462JQF/,/files/ENCFF136RBS/,/files/ENCFF315WAD/,/files/ENCFF058KZY/,/files/ENCFF045MLD/,/files/ENCFF175PGU/,/files/ENCFF254THU/,/files/ENCFF731MVS/,/files/ENCFF133TMX/,/files/ENCFF947CJX/,/files/ENCFF242FZR/,/files/ENCFF992KXT/,/files/ENCFF356KKO/,/files/ENCFF067YDS/,/files/ENCFF564QPA/,/files/ENCFF219OPP/,/files/ENCFF372BTB/,/files/ENCFF982SOD/,/files/ENCFF999YWX/,/files/ENCFF649SHI/		ENCBS954SHW,ENCBS465DBG	1,2	1	ENCAB697XQW	Homo sapiens	adult	30 years										/organisms/human/		/replicates/0a0e4edd-d9e4-4506-89b7-aed0b9fe9e81/,/replicates/d1edcfda-3037-46c1-998d-8110ba55fd17/				
/experiments/ENCSR181ELQ/	ENCSR181ELQ	ChIP-seq	TF ChIP-seq	cell line	/targets/OVOL2-human/	OVOL2	OVOL2	Homo sapiens WTC11 genetically modified (insertion) using CRISPR targeting H. sapiens OVOL2	WTC11	GEO:GSE187232	eGFP-OVOL2 ChIP-seq on human WTC11	Michael Snyder, Stanford	ENCODE	released	/files/ENCFF987MBB/,/files/ENCFF790UZO/,/files/ENCFF579ISJ/,/files/ENCFF062HBU/,/files/ENCFF161VUE/,/files/ENCFF524DOL/,/files/ENCFF164PRN/,/files/ENCFF334FQM/,/files/ENCFF716BGF/,/files/ENCFF392TIR/,/files/ENCFF381DEJ/,/files/ENCFF966CHR/,/files/ENCFF220GDG/,/files/ENCFF728QVE/,/files/ENCFF049BEW/,/files/ENCFF679ORL/,/files/ENCFF581WFU/,/files/ENCFF780XKS/,/files/ENCFF196NZU/,/files/ENCFF291XLA/,/files/ENCFF668AQS/,/files/ENCFF051NVX/,/files/ENCFF863SFO/,/files/ENCFF270HXQ/,/files/ENCFF957FXI/,/files/ENCFF823CYU/,/files/ENCFF952ZPN/,/files/ENCFF180VAA/,/files/ENCFF163USE/,/files/ENCFF350GEB/		ENCBS549LXL,ENCBS838QPG	1,2	1	ENCAB728YTO	Homo sapiens	adult	30 years										/organisms/human/		/replicates/b8656924-e685-4f7d-b004-351bbbb3888a/,/replicates/3a71dc0f-a824-45ad-b8ce-0d691a11cdd7/				
/experiments/ENCSR288NNJ/	ENCSR288NNJ	ChIP-seq	TF ChIP-seq	cell line	/targets/ZNF416-human/	ZNF416	ZNF416	Homo sapiens WTC11 genetically modified (insertion) using CRISPR targeting H. sapiens ZNF416	WTC11	GEO:GSE187350	eGFP-ZNF416 ChIP-seq on human WTC11	Michael Snyder, Stanford	ENCODE	released	/files/ENCFF203CPG/,/files/ENCFF052FWY/,/files/ENCFF560IQI/,/files/ENCFF314BRX/,/files/ENCFF955BCO/,/files/ENCFF176IXL/,/files/ENCFF308MMQ/,/files/ENCFF328VBJ/,/files/ENCFF319USX/,/files/ENCFF587IMV/,/files/ENCFF430TGT/,/files/ENCFF525LKQ/,/files/ENCFF339WLS/,/files/ENCFF999NVV/,/files/ENCFF310OZJ/,/files/ENCFF943DPR/,/files/ENCFF761SOL/,/files/ENCFF279GXS/,/files/ENCFF343QBA/,/files/ENCFF588PAD/,/files/ENCFF863FDE/,/files/ENCFF122XFZ/,/files/ENCFF454GLR/,/files/ENCFF717CPE/,/files/ENCFF754GCP/,/files/ENCFF407TAZ/		ENCBS366VMA,ENCBS501IGG	2,1	2	ENCAB728YTO	Homo sapiens	adult	30 years										/organisms/human/		/replicates/5caa8d51-3115-460f-bf5a-571cb1bac88d/,/replicates/cd592bf9-c486-4735-b0b7-6d7887313fe1/				
/experiments/ENCSR373KKV/	ENCSR373KKV	ChIP-seq	TF ChIP-seq	cell line	/targets/ZNF138-human/	ZNF138	ZNF138	Homo sapiens WTC11 genetically modified (insertion) using CRISPR targeting H. sapiens ZNF138	WTC11	GEO:GSE231068	ChIP-Seq on WTC11	Richard Myers, HAIB	ENCODE	released	/files/ENCFF106RDE/,/files/ENCFF841DTL/,/files/ENCFF529XII/,/files/ENCFF688UVN/,/files/ENCFF024FUS/,/files/ENCFF122UXQ/,/files/ENCFF949EJK/,/files/ENCFF674LCU/,/files/ENCFF561YWD/,/files/ENCFF050SJZ/,/files/ENCFF859DQU/,/files/ENCFF752MDH/,/files/ENCFF271EBZ/,/files/ENCFF725YKC/,/files/ENCFF507GNO/,/files/ENCFF780GWI/,/files/ENCFF349IRP/,/files/ENCFF884PYP/,/files/ENCFF239RKP/,/files/ENCFF262TWW/,/files/ENCFF679PUI/,/files/ENCFF270TFX/,/files/ENCFF189SMF/,/files/ENCFF800FUU/		ENCBS594GCS,ENCBS069NPK	1,2	1	ENCAB697XQW	Homo sapiens	adult	30 years										/organisms/human/		/replicates/50e6f0a1-00ad-449a-96b5-4be2459fc079/,/replicates/3fa29a2e-1f95-4f3b-b8bf-eab80a1ef538/				
/experiments/ENCSR887VJM/	ENCSR887VJM	ChIP-seq	TF ChIP-seq	cell line	/targets/ATF1-human/	ATF1	ATF1	Homo sapiens WTC11 genetically modified (insertion) using CRISPR targeting H. sapiens ATF1	WTC11	GEO:GSE231144	ChIP-Seq on WTC11	Richard Myers, HAIB	ENCODE	released	/files/ENCFF496HHZ/,/files/ENCFF170FME/,/files/ENCFF022KLG/,/files/ENCFF809RBG/,/files/ENCFF839ZKO/,/files/ENCFF837VPJ/,/files/ENCFF629LKH/,/files/ENCFF094UYC/,/files/ENCFF277KMM/,/files/ENCFF551AYB/,/files/ENCFF150KVX/,/files/ENCFF329XUP/,/files/ENCFF826HSZ/,/files/ENCFF837OBV/,/files/ENCFF366NAZ/,/files/ENCFF607YDJ/,/files/ENCFF320HZF/,/files/ENCFF393QPE/,/files/ENCFF395OJF/,/files/ENCFF860BLP/,/files/ENCFF372TSI/,/files/ENCFF792UEK/,/files/ENCFF354DFT/,/files/ENCFF563OAK/		ENCBS355ACU,ENCBS396DBK	1,2	1	ENCAB697XQW	Homo sapiens	adult	30 years										/organisms/human/		/replicates/6c393608-f20e-4ff8-ac66-c38ad47d4d42/,/replicates/2a5fbddf-a932-486b-bd9d-5d020076e1c0/				
/experiments/ENCSR934WOF/	ENCSR934WOF	ChIP-seq	TF ChIP-seq	cell line	/targets/TEAD1-human/	TEAD1	TEAD1	Homo sapiens WTC11 genetically modified (insertion) using CRISPR targeting H. sapiens TEAD1	WTC11	GEO:GSE231223	ChIP-Seq on WTC11	Richard Myers, HAIB	ENCODE	released	/files/ENCFF144BNT/,/files/ENCFF021WXQ/,/files/ENCFF070RES/,/files/ENCFF662CAG/,/files/ENCFF140BPL/,/files/ENCFF340JRD/,/files/ENCFF189UUA/,/files/ENCFF871AYV/,/files/ENCFF842NIH/,/files/ENCFF780LCV/,/files/ENCFF562OBD/,/files/ENCFF770HJV/,/files/ENCFF391FQI/,/files/ENCFF464BVI/,/files/ENCFF136DDM/,/files/ENCFF587DAO/,/files/ENCFF479GXQ/,/files/ENCFF978NZK/,/files/ENCFF191LDX/,/files/ENCFF852EUI/,/files/ENCFF123NED/,/files/ENCFF502QUV/,/files/ENCFF716WUD/,/files/ENCFF040BWK/		ENCBS964PBG,ENCBS635SQP	1,2	1	ENCAB697XQW	Homo sapiens	adult	30 years										/organisms/human/		/replicates/9825918c-edba-47dd-a65a-816c2f45d08f/,/replicates/14a085ab-e851-4f70-af8e-b59cdadc8f8e/				
/experiments/ENCSR115QIT/	ENCSR115QIT	ChIP-seq	TF ChIP-seq	cell line	/targets/ZKSCAN8-human/	ZKSCAN8	ZKSCAN8	Homo sapiens WTC11 genetically modified (insertion) using CRISPR targeting H. sapiens ZKSCAN8	WTC11	GEO:GSE231092	ChIP-Seq on WTC11	Richard Myers, HAIB	ENCODE	released	/files/ENCFF068UVW/,/files/ENCFF703GGX/,/files/ENCFF732KVA/,/files/ENCFF315HKZ/,/files/ENCFF289TCZ/,/files/ENCFF574SWE/,/files/ENCFF098QAX/,/files/ENCFF981RMZ/,/files/ENCFF376PWJ/,/files/ENCFF473FXU/,/files/ENCFF458KRD/,/files/ENCFF956OVB/,/files/ENCFF083PRF/,/files/ENCFF008USN/,/files/ENCFF728RQD/,/files/ENCFF308HTB/,/files/ENCFF156IIP/,/files/ENCFF840JMU/,/files/ENCFF926AOF/,/files/ENCFF091YWO/,/files/ENCFF416MZE/,/files/ENCFF837WUG/,/files/ENCFF304PSJ/,/files/ENCFF666HNJ/		ENCBS004YQC,ENCBS067ROZ	1,2	1	ENCAB697XQW	Homo sapiens	adult	30 years										/organisms/human/		/replicates/54f89bbb-d428-42dd-9971-43dc906fdf1f/,/replicates/422cfcdd-1465-4a89-bae2-e3a7e1dbcb4c/				
