gene	gene_symbol	genomic_element	n_guides
ENSG00000275700	AATF	promoter	6
ENSG00000101126	ADNP	promoter	6
ENSG00000101544	ADNP2	promoter	6
ENSG00000106624	AEBP1	promoter	6
ENSG00000139154	AEBP2	promoter	6
ENSG00000172493	AFF1	promoter	6
ENSG00000155966	AFF2	promoter	6
ENSG00000144218	AFF3	promoter	6
ENSG00000072364	AFF4	promoter	6
ENSG00000153207	AHCTF1	promoter	6
ENSG00000101444	AHCY	promoter	6
ENSG00000126705	AHDC1	promoter	6
ENSG00000106546	AHR	promoter	6
ENSG00000063438	AHRR	promoter	6
ENSG00000160224	AIRE	promoter	6
ENSG00000105127	AKAP8	promoter	6
ENSG00000011243	AKAP8L	promoter	6
ENSG00000106948	AKNA	promoter	12
ENSG00000180318	ALX1	promoter	6
ENSG00000156150	ALX3	promoter	6
ENSG00000052850	ALX4	promoter	6
ENSG00000183684	ALYREF	promoter	6
ENSG00000227059	ANHX	promoter	6
ENSG00000148677	ANKRD1	promoter	6
ENSG00000148513	ANKRD30A	promoter	6
ENSG00000163516	ANKZF1	promoter	6
ENSG00000175279	APITD1	promoter	6
ENSG00000169083	AR	promoter	6
ENSG00000186103	ARGFX	promoter	6
ENSG00000160007	ARHGAP35	promoter	6
ENSG00000117713	ARID1A	promoter	6
ENSG00000049618	ARID1B	promoter	12
ENSG00000189079	ARID2	promoter	6
ENSG00000116017	ARID3A	promoter	6
ENSG00000179361	ARID3B	promoter	6
ENSG00000205143	ARID3C	promoter	6
ENSG00000032219	ARID4A	promoter	6
ENSG00000054267	ARID4B	promoter	6
ENSG00000196843	ARID5A	promoter	6
ENSG00000150347	ARID5B	promoter	6
ENSG00000143437	ARNT	promoter	6
ENSG00000172379	ARNT2	promoter	6
ENSG00000133794	ARNTL	promoter	6
ENSG00000029153	ARNTL2	promoter	6
ENSG00000004848	ARX	promoter	12
ENSG00000139352	ASCL1	promoter	6
ENSG00000183734	ASCL2	promoter	6
ENSG00000176009	ASCL3	promoter	6
ENSG00000187855	ASCL4	promoter	6
ENSG00000232237	ASCL5	promoter	6
ENSG00000116539	ASH1L	promoter	6
ENSG00000123268	ATF1	promoter	6
ENSG00000115966	ATF2	promoter	6
ENSG00000162772	ATF3	promoter	6
ENSG00000128272	ATF4	promoter	6
ENSG00000169136	ATF5	promoter	6
ENSG00000118217	ATF6	promoter	6
ENSG00000213676	ATF6B	promoter	6
ENSG00000170653	ATF7	promoter	6
ENSG00000166454	ATMIN	promoter	6
ENSG00000111676	ATN1	promoter	6
ENSG00000172238	ATOH1	promoter	6
ENSG00000179774	ATOH7	promoter	6
ENSG00000168874	ATOH8	promoter	6
ENSG00000163635	ATXN7	promoter	12
ENSG00000156273	BACH1	promoter	6
ENSG00000112182	BACH2	promoter	6
ENSG00000125492	BARHL1	promoter	6
ENSG00000143032	BARHL2	promoter	6
ENSG00000131668	BARX1	promoter	6
ENSG00000043039	BARX2	promoter	6
ENSG00000156127	BATF	promoter	6
ENSG00000168062	BATF2	promoter	6
ENSG00000123685	BATF3	promoter	6
ENSG00000009954	BAZ1B	promoter	6
ENSG00000076108	BAZ2A	promoter	12
ENSG00000123636	BAZ2B	promoter	6
ENSG00000114439	BBX	promoter	6
ENSG00000119866	BCL11A	promoter	6
ENSG00000127152	BCL11B	promoter	6
ENSG00000069399	BCL3	promoter	6
ENSG00000113916	BCL6	promoter	6
ENSG00000161940	BCL6B	promoter	6
ENSG00000029363	BCLAF1	promoter	6
ENSG00000145734	BDP1	promoter	6
ENSG00000180535	BHLHA15	promoter	6
ENSG00000205899	BHLHA9	promoter	6
ENSG00000198908	BHLHB9	promoter	6
ENSG00000180828	BHLHE22	promoter	6
ENSG00000125533	BHLHE23	promoter	6
ENSG00000134107	BHLHE40	promoter	6
ENSG00000123095	BHLHE41	promoter	6
ENSG00000015475	BID	promoter	6
ENSG00000117475	BLZF1	promoter	6
ENSG00000125845	BMP2	promoter	12
ENSG00000169594	BNC1	promoter	6
ENSG00000173068	BNC2	promoter	6
ENSG00000178096	BOLA1	promoter	12
ENSG00000163170	BOLA3	promoter	6
ENSG00000171634	BPTF	promoter	6
ENSG00000104221	BRF2	promoter	6
ENSG00000136492	BRIP1	promoter	6
ENSG00000156983	BRPF1	promoter	6
ENSG00000188909	BSX	promoter	6
ENSG00000188070	C11ORF95	promoter	6
ENSG00000198715	C1ORF85	promoter	12
ENSG00000171735	CAMTA1	promoter	6
ENSG00000108509	CAMTA2	promoter	6
ENSG00000103326	CAPN15	promoter	6
ENSG00000138380	CARF	promoter	6
ENSG00000153048	CARHSP1	promoter	6
ENSG00000130940	CASZ1	promoter	6
ENSG00000078699	CBFA2T2	promoter	6
ENSG00000129993	CBFA2T3	promoter	12
ENSG00000067955	CBFB	promoter	6
ENSG00000110395	CBL	promoter	6
ENSG00000173894	CBX2	promoter	6
ENSG00000132024	CC2D1A	promoter	6
ENSG00000250709	CCDC169SOHLH2	promoter	6
ENSG00000159588	CCDC17	promoter	6
ENSG00000249961	CCDC79	promoter	6
ENSG00000082258	CCNT2	promoter	6
ENSG00000096401	CDC5L	promoter	6
ENSG00000164649	CDCA7L	promoter	6
ENSG00000089486	CDIP1	promoter	6
ENSG00000170312	CDK1	promoter	6
ENSG00000123374	CDK2	promoter	6
ENSG00000134058	CDK7	promoter	6
ENSG00000136807	CDK9	promoter	6
ENSG00000113722	CDX1	promoter	6
ENSG00000165556	CDX2	promoter	6
ENSG00000131264	CDX4	promoter	6
ENSG00000245848	CEBPA	promoter	6
ENSG00000172216	CEBPB	promoter	6
ENSG00000221869	CEBPD	promoter	6
ENSG00000092067	CEBPE	promoter	6
ENSG00000153879	CEBPG	promoter	6
ENSG00000115816	CEBPZ	promoter	6
ENSG00000115163	CENPA	promoter	12
ENSG00000125817	CENPB	promoter	6
ENSG00000177946	CENPBD1	promoter	6
ENSG00000102901	CENPT	promoter	6
ENSG00000163320	CGGBP1	promoter	12
ENSG00000198824	CHAMP1	promoter	6
ENSG00000106554	CHCHD3	promoter	6
ENSG00000171316	CHD7	promoter	6
ENSG00000130724	CHMP2A	promoter	6
ENSG00000079432	CIC	promoter	6
ENSG00000138433	CIR1	promoter	6
ENSG00000148337	CIZ1	promoter	6
ENSG00000134852	CLOCK	promoter	6
ENSG00000169714	CNBP	promoter	6
ENSG00000198791	CNOT7	promoter	6
ENSG00000155508	CNOT8	promoter	6
ENSG00000203667	COX20	promoter	6
ENSG00000214575	CPEB1	promoter	12
ENSG00000147183	CPXCR1	promoter	6
ENSG00000007545	CRAMP1L	promoter	12
ENSG00000118260	CREB1	promoter	6
ENSG00000107175	CREB3	promoter	6
ENSG00000157613	CREB3L1	promoter	6
ENSG00000182158	CREB3L2	promoter	6
ENSG00000060566	CREB3L3	promoter	6
ENSG00000143578	CREB3L4	promoter	6
ENSG00000146592	CREB5	promoter	12
ENSG00000005339	CREBBP	promoter	6
ENSG00000111269	CREBL2	promoter	6
ENSG00000164463	CREBRF	promoter	12
ENSG00000137504	CREBZF	promoter	6
ENSG00000095794	CREM	promoter	6
ENSG00000105662	CRTC1	promoter	6
ENSG00000160741	CRTC2	promoter	6
ENSG00000140577	CRTC3	promoter	6
ENSG00000105392	CRX	promoter	6
ENSG00000101266	CSNK2A1	promoter	6
ENSG00000144655	CSRNP1	promoter	6
ENSG00000110925	CSRNP2	promoter	6
ENSG00000178662	CSRNP3	promoter	12
ENSG00000159692	CTBP1	promoter	6
ENSG00000175029	CTBP2	promoter	6
ENSG00000102974	CTCF	promoter	6
ENSG00000124092	CTCFL	promoter	6
ENSG00000168036	CTNNB1	promoter	6
ENSG00000257923	CUX1	promoter	6
ENSG00000111249	CUX2	promoter	6
ENSG00000154832	CXXC1	promoter	6
ENSG00000168772	CXXC4	promoter	6
ENSG00000171604	CXXC5	promoter	6
ENSG00000276644	DACH1	promoter	6
ENSG00000126733	DACH2	promoter	6
ENSG00000204209	DAXX	promoter	12
ENSG00000105516	DBP	promoter	6
ENSG00000109851	DBX1	promoter	6
ENSG00000185610	DBX2	promoter	6
ENSG00000272886	DCP1A	promoter	6
ENSG00000167986	DDB1	promoter	12
ENSG00000134574	DDB2	promoter	6
ENSG00000175197	DDIT3	promoter	6
ENSG00000177030	DEAF1	promoter	6
ENSG00000124795	DEK	promoter	6
ENSG00000174485	DENND4A	promoter	6
ENSG00000135829	DHX9	promoter	6
ENSG00000144355	DLX1	promoter	6
ENSG00000115844	DLX2	promoter	6
ENSG00000064195	DLX3	promoter	6
ENSG00000108813	DLX4	promoter	6
ENSG00000105880	DLX5	promoter	6
ENSG00000006377	DLX6	promoter	6
ENSG00000178028	DMAP1	promoter	6
ENSG00000197587	DMBX1	promoter	6
ENSG00000137090	DMRT1	promoter	6
ENSG00000173253	DMRT2	promoter	6
ENSG00000064218	DMRT3	promoter	6
ENSG00000176399	DMRTA1	promoter	6
ENSG00000142700	DMRTA2	promoter	6
ENSG00000143006	DMRTB1	promoter	6
ENSG00000142025	DMRTC2	promoter	6
ENSG00000135164	DMTF1	promoter	6
ENSG00000136770	DNAJC1	promoter	6
ENSG00000105821	DNAJC2	promoter	6
ENSG00000168724	DNAJC21	promoter	6
ENSG00000130816	DNMT1	promoter	6
ENSG00000101457	DNTTIP1	promoter	6
ENSG00000104885	DOT1L	promoter	6
ENSG00000011332	DPF1	promoter	12
ENSG00000133884	DPF2	promoter	12
ENSG00000205683	DPF3	promoter	6
ENSG00000204595	DPRX	promoter	6
ENSG00000117505	DR1	promoter	6
ENSG00000175550	DRAP1	promoter	6
ENSG00000165606	DRGX	promoter	6
ENSG00000258873	DUXA	promoter	6
ENSG00000134874	DZIP1	promoter	6
ENSG00000101412	E2F1	promoter	6
ENSG00000007968	E2F2	promoter	6
ENSG00000112242	E2F3	promoter	12
ENSG00000205250	E2F4	promoter	6
ENSG00000133740	E2F5	promoter	6
ENSG00000169016	E2F6	promoter	6
ENSG00000165891	E2F7	promoter	6
ENSG00000129173	E2F8	promoter	6
ENSG00000167967	E4F1	promoter	6
ENSG00000164330	EBF1	promoter	6
ENSG00000221818	EBF2	promoter	6
ENSG00000108001	EBF3	promoter	6
ENSG00000088881	EBF4	promoter	6
ENSG00000102189	EEA1	promoter	6
ENSG00000120738	EGR1	promoter	12
ENSG00000122877	EGR2	promoter	6
ENSG00000179388	EGR3	promoter	6
ENSG00000135625	EGR4	promoter	6
ENSG00000135373	EHF	promoter	6
ENSG00000120690	ELF1	promoter	6
ENSG00000109381	ELF2	promoter	6
ENSG00000163435	ELF3	promoter	6
ENSG00000102034	ELF4	promoter	6
ENSG00000135374	ELF5	promoter	6
ENSG00000126767	ELK1	promoter	6
ENSG00000111145	ELK3	promoter	6
ENSG00000158711	ELK4	promoter	6
ENSG00000156030	ELMSAN1	promoter	12
ENSG00000134014	ELP3	promoter	6
ENSG00000135638	EMX1	promoter	12
ENSG00000170370	EMX2	promoter	6
ENSG00000163064	EN1	promoter	6
ENSG00000164778	EN2	promoter	6
ENSG00000074800	ENO1	promoter	6
ENSG00000163508	EOMES	promoter	6
ENSG00000100393	EP300	promoter	6
ENSG00000183495	EP400	promoter	6
ENSG00000116016	EPAS1	promoter	6
ENSG00000104884	ERCC2	promoter	6
ENSG00000163161	ERCC3	promoter	6
ENSG00000225830	ERCC6	promoter	6
ENSG00000049167	ERCC8	promoter	6
ENSG00000105722	ERF	promoter	6
ENSG00000157554	ERG	promoter	12
ENSG00000091831	ESR1	promoter	12
ENSG00000140009	ESR2	promoter	6
ENSG00000173153	ESRRA	promoter	6
ENSG00000119715	ESRRB	promoter	6
ENSG00000196482	ESRRG	promoter	30
ENSG00000123576	ESX1	promoter	6
ENSG00000120705	ETF1	promoter	6
ENSG00000134954	ETS1	promoter	6
ENSG00000157557	ETS2	promoter	6
ENSG00000006468	ETV1	promoter	6
ENSG00000105672	ETV2	promoter	6
ENSG00000117036	ETV3	promoter	6
ENSG00000253831	ETV3L	promoter	6
ENSG00000175832	ETV4	promoter	6
ENSG00000244405	ETV5	promoter	6
ENSG00000139083	ETV6	promoter	6
ENSG00000010030	ETV7	promoter	6
ENSG00000106038	EVX1	promoter	6
ENSG00000174279	EVX2	promoter	6
ENSG00000182944	EWSR1	promoter	6
ENSG00000108799	EZH1	promoter	6
ENSG00000106462	EZH2	promoter	6
ENSG00000164334	FAM170A	promoter	6
ENSG00000237765	FAM200B	promoter	6
ENSG00000099364	FBXL19	promoter	6
ENSG00000214050	FBXO16	promoter	6
ENSG00000146618	FERD3L	promoter	6
ENSG00000163497	FEV	promoter	6
ENSG00000128610	FEZF1	promoter	6
ENSG00000153266	FEZF2	promoter	6
ENSG00000186895	FGF3	promoter	6
ENSG00000183733	FIGLA	promoter	6
ENSG00000179943	FIZ1	promoter	6
ENSG00000151702	FLI1	promoter	6
ENSG00000059122	FLYWCH1	promoter	6
ENSG00000170345	FOS	promoter	12
ENSG00000125740	FOSB	promoter	12
ENSG00000175592	FOSL1	promoter	6
ENSG00000075426	FOSL2	promoter	6
ENSG00000129514	FOXA1	promoter	6
ENSG00000125798	FOXA2	promoter	6
ENSG00000170608	FOXA3	promoter	6
ENSG00000171956	FOXB1	promoter	6
ENSG00000204612	FOXB2	promoter	6
ENSG00000054598	FOXC1	promoter	6
ENSG00000176692	FOXC2	promoter	6
ENSG00000251493	FOXD1	promoter	6
ENSG00000186564	FOXD2	promoter	6
ENSG00000187140	FOXD3	promoter	12
ENSG00000184492	FOXD4L1	promoter	6
ENSG00000178919	FOXE1	promoter	6
ENSG00000186790	FOXE3	promoter	6
ENSG00000103241	FOXF1	promoter	6
ENSG00000137273	FOXF2	promoter	6
ENSG00000176165	FOXG1	promoter	6
ENSG00000160973	FOXH1	promoter	6
ENSG00000168269	FOXI1	promoter	6
ENSG00000186766	FOXI2	promoter	6
ENSG00000214336	FOXI3	promoter	6
ENSG00000129654	FOXJ1	promoter	6
ENSG00000065970	FOXJ2	promoter	6
ENSG00000198815	FOXJ3	promoter	6
ENSG00000164916	FOXK1	promoter	6
ENSG00000141568	FOXK2	promoter	6
ENSG00000176678	FOXL1	promoter	6
ENSG00000183770	FOXL2	promoter	6
ENSG00000111206	FOXM1	promoter	6
ENSG00000109101	FOXN1	promoter	6
ENSG00000170802	FOXN2	promoter	6
ENSG00000053254	FOXN3	promoter	12
ENSG00000139445	FOXN4	promoter	6
ENSG00000150907	FOXO1	promoter	6
ENSG00000118689	FOXO3	promoter	12
ENSG00000184481	FOXO4	promoter	6
ENSG00000204060	FOXO6	promoter	6
ENSG00000114861	FOXP1	promoter	18
ENSG00000128573	FOXP2	promoter	12
ENSG00000049768	FOXP3	promoter	6
ENSG00000137166	FOXP4	promoter	6
ENSG00000164379	FOXQ1	promoter	6
ENSG00000176302	FOXR1	promoter	6
ENSG00000189299	FOXR2	promoter	6
ENSG00000179772	FOXS1	promoter	6
ENSG00000162613	FUBP1	promoter	6
ENSG00000107164	FUBP3	promoter	6
ENSG00000165060	FXN	promoter	6
ENSG00000154727	GABPA	promoter	6
ENSG00000104064	GABPB1	promoter	6
ENSG00000007237	GAS7	promoter	6
ENSG00000102145	GATA1	promoter	6
ENSG00000179348	GATA2	promoter	12
ENSG00000107485	GATA3	promoter	6
ENSG00000136574	GATA4	promoter	6
ENSG00000130700	GATA5	promoter	6
ENSG00000141448	GATA6	promoter	6
ENSG00000157259	GATAD1	promoter	6
ENSG00000167491	GATAD2A	promoter	12
ENSG00000143614	GATAD2B	promoter	6
ENSG00000164900	GBX1	promoter	12
ENSG00000168505	GBX2	promoter	6
ENSG00000005436	GCFC2	promoter	6
ENSG00000137270	GCM1	promoter	6
ENSG00000124827	GCM2	promoter	6
ENSG00000162676	GFI1	promoter	12
ENSG00000165702	GFI1B	promoter	6
ENSG00000111087	GLI1	promoter	6
ENSG00000074047	GLI2	promoter	12
ENSG00000106571	GLI3	promoter	6
ENSG00000250571	GLI4	promoter	6
ENSG00000174332	GLIS1	promoter	6
ENSG00000126603	GLIS2	promoter	6
ENSG00000107249	GLIS3	promoter	6
ENSG00000140632	GLYR1	promoter	6
ENSG00000162419	GMEB1	promoter	6
ENSG00000101216	GMEB2	promoter	6
ENSG00000116580	GON4L	promoter	12
ENSG00000062194	GPBP1	promoter	6
ENSG00000159592	GPBP1L1	promoter	6
ENSG00000134317	GRHL1	promoter	6
ENSG00000083307	GRHL2	promoter	6
ENSG00000158055	GRHL3	promoter	6
ENSG00000133937	GSC	promoter	5
ENSG00000063515	GSC2	promoter	6
ENSG00000169840	GSX1	promoter	6
ENSG00000180613	GSX2	promoter	6
ENSG00000165417	GTF2A1	promoter	6
ENSG00000242441	GTF2A1L	promoter	6
ENSG00000140307	GTF2A2	promoter	6
ENSG00000137947	GTF2B	promoter	6
ENSG00000153767	GTF2E1	promoter	6
ENSG00000125651	GTF2F1	promoter	6
ENSG00000188342	GTF2F2	promoter	6
ENSG00000110768	GTF2H1	promoter	6
ENSG00000111358	GTF2H3	promoter	6
ENSG00000263001	GTF2I	promoter	6
ENSG00000006704	GTF2IRD1	promoter	6
ENSG00000122034	GTF3A	promoter	6
ENSG00000119041	GTF3C3	promoter	6
ENSG00000125812	GZF1	promoter	6
ENSG00000113196	HAND1	promoter	6
ENSG00000164107	HAND2	promoter	12
ENSG00000105856	HBP1	promoter	6
ENSG00000172534	HCFC1	promoter	6
ENSG00000180353	HCLS1	promoter	6
ENSG00000116478	HDAC1	promoter	6
ENSG00000171720	HDAC3	promoter	6
ENSG00000068024	HDAC4	promoter	6
ENSG00000108840	HDAC5	promoter	6
ENSG00000143321	HDGF	promoter	6
ENSG00000165259	HDX	promoter	6
ENSG00000187821	HELT	promoter	6
ENSG00000130589	HELZ2	promoter	12
ENSG00000114315	HES1	promoter	6
ENSG00000069812	HES2	promoter	12
ENSG00000173673	HES3	promoter	6
ENSG00000188290	HES4	promoter	6
ENSG00000197921	HES5	promoter	6
ENSG00000144485	HES6	promoter	6
ENSG00000179111	HES7	promoter	6
ENSG00000163666	HESX1	promoter	12
ENSG00000164683	HEY1	promoter	6
ENSG00000135547	HEY2	promoter	6
ENSG00000163909	HEYL	promoter	6
ENSG00000152804	HHEX	promoter	6
ENSG00000177374	HIC1	promoter	6
ENSG00000100644	HIF1A	promoter	6
ENSG00000124440	HIF3A	promoter	12
ENSG00000172273	HINFP	promoter	6
ENSG00000100084	HIRA	promoter	12
ENSG00000095951	HIVEP1	promoter	6
ENSG00000010818	HIVEP2	promoter	6
ENSG00000127124	HIVEP3	promoter	14
ENSG00000181666	HKR1	promoter	12
ENSG00000108924	HLF	promoter	12
ENSG00000071794	HLTF	promoter	6
ENSG00000136630	HLX	promoter	6
ENSG00000147421	HMBOX1	promoter	6
ENSG00000140382	HMG20A	promoter	6
ENSG00000064961	HMG20B	promoter	12
ENSG00000137309	HMGA1	promoter	6
ENSG00000149948	HMGA2	promoter	6
ENSG00000189403	HMGB1	promoter	12
ENSG00000164104	HMGB2	promoter	6
ENSG00000029993	HMGB3	promoter	6
ENSG00000176256	HMGB4	promoter	6
ENSG00000198830	HMGN2	promoter	6
ENSG00000118418	HMGN3	promoter	6
ENSG00000113716	HMGXB3	promoter	6
ENSG00000100281	HMGXB4	promoter	6
ENSG00000215612	HMX1	promoter	6
ENSG00000188816	HMX2	promoter	6
ENSG00000188620	HMX3	promoter	6
ENSG00000135100	HNF1A	promoter	6
ENSG00000275410	HNF1B	promoter	6
ENSG00000101076	HNF4A	promoter	6
ENSG00000164749	HNF4G	promoter	12
ENSG00000165119	HNRNPK	promoter	6
ENSG00000153187	HNRNPU	promoter	6
ENSG00000290292	HOMEZ	promoter	6
ENSG00000171476	HOPX	promoter	12
ENSG00000105991	HOXA1	promoter	6
ENSG00000253293	HOXA10	promoter	6
ENSG00000005073	HOXA11	promoter	6
ENSG00000106031	HOXA13	promoter	6
ENSG00000105996	HOXA2	promoter	6
ENSG00000105997	HOXA3	promoter	12
ENSG00000197576	HOXA4	promoter	6
ENSG00000106004	HOXA5	promoter	6
ENSG00000106006	HOXA6	promoter	6
ENSG00000122592	HOXA7	promoter	6
ENSG00000078399	HOXA9	promoter	6
ENSG00000120094	HOXB1	promoter	6
ENSG00000159184	HOXB13	promoter	6
ENSG00000173917	HOXB2	promoter	6
ENSG00000120093	HOXB3	promoter	6
ENSG00000182742	HOXB4	promoter	6
ENSG00000120075	HOXB5	promoter	6
ENSG00000108511	HOXB6	promoter	12
ENSG00000260027	HOXB7	promoter	6
ENSG00000120068	HOXB8	promoter	12
ENSG00000170689	HOXB9	promoter	6
ENSG00000180818	HOXC10	promoter	6
ENSG00000123388	HOXC11	promoter	6
ENSG00000123407	HOXC12	promoter	6
ENSG00000123364	HOXC13	promoter	6
ENSG00000198353	HOXC4	promoter	6
ENSG00000172789	HOXC5	promoter	2
ENSG00000197757	HOXC6	promoter	2
ENSG00000037965	HOXC8	promoter	6
ENSG00000180806	HOXC9	promoter	6
ENSG00000128645	HOXD1	promoter	6
ENSG00000128710	HOXD10	promoter	12
ENSG00000128713	HOXD11	promoter	6
ENSG00000170178	HOXD12	promoter	6
ENSG00000128714	HOXD13	promoter	6
ENSG00000128652	HOXD3	promoter	6
ENSG00000170166	HOXD4	promoter	6
ENSG00000175879	HOXD8	promoter	6
ENSG00000128709	HOXD9	promoter	6
ENSG00000168453	HR	promoter	12
ENSG00000185122	HSF1	promoter	6
ENSG00000025156	HSF2	promoter	6
ENSG00000102878	HSF4	promoter	6
ENSG00000176160	HSF5	promoter	6
ENSG00000125968	ID1	promoter	6
ENSG00000115738	ID2	promoter	12
ENSG00000117318	ID3	promoter	6
ENSG00000172201	ID4	promoter	6
ENSG00000163565	IFI16	promoter	6
ENSG00000146678	IGFBP1	promoter	6
ENSG00000132740	IGHMBP2	promoter	6
ENSG00000185811	IKZF1	promoter	6
ENSG00000030419	IKZF2	promoter	12
ENSG00000161405	IKZF3	promoter	6
ENSG00000123411	IKZF4	promoter	12
ENSG00000095574	IKZF5	promoter	6
ENSG00000143621	ILF2	promoter	6
ENSG00000129351	ILF3	promoter	6
ENSG00000153487	ING1	promoter	12
ENSG00000111653	ING4	promoter	6
ENSG00000173404	INSM1	promoter	6
ENSG00000168348	INSM2	promoter	6
ENSG00000125347	IRF1	promoter	6
ENSG00000168310	IRF2	promoter	6
ENSG00000126456	IRF3	promoter	6
ENSG00000137265	IRF4	promoter	12
ENSG00000128604	IRF5	promoter	12
ENSG00000117595	IRF6	promoter	6
ENSG00000185507	IRF7	promoter	6
ENSG00000140968	IRF8	promoter	6
ENSG00000213928	IRF9	promoter	6
ENSG00000170549	IRX1	promoter	6
ENSG00000170561	IRX2	promoter	6
ENSG00000177508	IRX3	promoter	6
ENSG00000113430	IRX4	promoter	6
ENSG00000176842	IRX5	promoter	6
ENSG00000159387	IRX6	promoter	6
ENSG00000016082	ISL1	promoter	12
ENSG00000159556	ISL2	promoter	6
ENSG00000175329	ISX	promoter	6
ENSG00000153814	JAZF1	promoter	6
ENSG00000140044	JDP2	promoter	6
ENSG00000234616	JRK	promoter	12
ENSG00000183340	JRKL	promoter	6
ENSG00000177606	JUN	promoter	6
ENSG00000171223	JUNB	promoter	6
ENSG00000130522	JUND	promoter	6
ENSG00000173801	JUP	promoter	6
ENSG00000108773	KAT2A	promoter	6
ENSG00000136504	KAT7	promoter	6
ENSG00000176407	KCMF1	promoter	6
ENSG00000115041	KCNIP3	promoter	6
ENSG00000173120	KDM2A	promoter	6
ENSG00000089094	KDM2B	promoter	12
ENSG00000107077	KDM4C	promoter	6
ENSG00000235268	KDM4E	promoter	6
ENSG00000117139	KDM5B	promoter	6
ENSG00000126012	KDM5C	promoter	6
ENSG00000122778	KIAA1549	promoter	6
ENSG00000176542	KIAA2018	promoter	6
ENSG00000151657	KIN	promoter	6
ENSG00000105610	KLF1	promoter	6
ENSG00000155090	KLF10	promoter	12
ENSG00000172059	KLF11	promoter	6
ENSG00000118922	KLF12	promoter	6
ENSG00000169926	KLF13	promoter	6
ENSG00000266265	KLF14	promoter	5
ENSG00000163884	KLF15	promoter	6
ENSG00000129911	KLF16	promoter	6
ENSG00000171872	KLF17	promoter	6
ENSG00000127528	KLF2	promoter	6
ENSG00000109787	KLF3	promoter	6
ENSG00000136826	KLF4	promoter	12
ENSG00000102554	KLF5	promoter	6
ENSG00000067082	KLF6	promoter	6
ENSG00000118263	KLF7	promoter	6
ENSG00000102349	KLF8	promoter	6
ENSG00000119138	KLF9	promoter	6
ENSG00000139187	KLRG1	promoter	6
ENSG00000118058	KMT2A	promoter	6
ENSG00000272333	KMT2B	promoter	12
ENSG00000185513	L3MBTL1	promoter	12
ENSG00000198945	L3MBTL3	promoter	6
ENSG00000154655	L3MBTL4	promoter	6
ENSG00000138136	LBX1	promoter	6
ENSG00000179528	LBX2	promoter	6
ENSG00000196233	LCOR	promoter	6
ENSG00000178177	LCORL	promoter	6
ENSG00000198728	LDB1	promoter	12
ENSG00000169744	LDB2	promoter	6
ENSG00000138795	LEF1	promoter	12
ENSG00000213921	LEUTX	promoter	6
ENSG00000273706	LHX1	promoter	6
ENSG00000106689	LHX2	promoter	6
ENSG00000107187	LHX3	promoter	12
ENSG00000121454	LHX4	promoter	6
ENSG00000089116	LHX5	promoter	6
ENSG00000106852	LHX6	promoter	12
ENSG00000162624	LHX8	promoter	6
ENSG00000143355	LHX9	promoter	6
ENSG00000131914	LIN28A	promoter	6
ENSG00000187772	LIN28B	promoter	6
ENSG00000189308	LIN54	promoter	12
ENSG00000183814	LIN9	promoter	6
ENSG00000189067	LITAF	promoter	6
ENSG00000166407	LMO1	promoter	12
ENSG00000048540	LMO3	promoter	12
ENSG00000143013	LMO4	promoter	6
ENSG00000162761	LMX1A	promoter	6
ENSG00000136944	LMX1B	promoter	6
ENSG00000138095	LRPPRC	promoter	6
ENSG00000124831	LRRFIP1	promoter	6
ENSG00000012223	LTF	promoter	6
ENSG00000104903	LYL1	promoter	6
ENSG00000099949	LZTR1	promoter	6
ENSG00000061337	LZTS1	promoter	6
ENSG00000143194	MAEL	promoter	6
ENSG00000178573	MAF	promoter	6
ENSG00000182759	MAFA	promoter	6
ENSG00000204103	MAFB	promoter	6
ENSG00000185022	MAFF	promoter	6
ENSG00000197063	MAFG	promoter	6
ENSG00000198517	MAFK	promoter	6
ENSG00000135341	MAP3K7	promoter	6
ENSG00000121653	MAPK8IP1	promoter	12
ENSG00000166986	MARS	promoter	6
ENSG00000125952	MAX	promoter	6
ENSG00000103495	MAZ	promoter	6
ENSG00000141644	MBD1	promoter	6
ENSG00000134046	MBD2	promoter	6
ENSG00000071655	MBD3	promoter	6
ENSG00000129071	MBD4	promoter	6
ENSG00000166987	MBD6	promoter	6
ENSG00000139793	MBNL2	promoter	6
ENSG00000076770	MBNL3	promoter	6
ENSG00000085276	MECOM	promoter	6
ENSG00000169057	MECP2	promoter	6
ENSG00000124641	MED20	promoter	6
ENSG00000159479	MED8	promoter	6
ENSG00000068305	MEF2A	promoter	6
ENSG00000213999	MEF2B	promoter	6
ENSG00000081189	MEF2C	promoter	6
ENSG00000116604	MEF2D	promoter	6
ENSG00000143995	MEIS1	promoter	6
ENSG00000134138	MEIS2	promoter	6
ENSG00000105419	MEIS3	promoter	12
ENSG00000005102	MEOX1	promoter	6
ENSG00000106511	MEOX2	promoter	6
ENSG00000166823	MESP1	promoter	6
ENSG00000188095	MESP2	promoter	6
ENSG00000174197	MGA	promoter	6
ENSG00000198160	MIER1	promoter	12
ENSG00000105556	MIER2	promoter	6
ENSG00000155545	MIER3	promoter	6
ENSG00000129534	MIS18BP1	promoter	6
ENSG00000187098	MITF	promoter	12
ENSG00000185155	MIXL1	promoter	6
ENSG00000150051	MKX	promoter	12
ENSG00000130382	MLLT1	promoter	6
ENSG00000078403	MLLT10	promoter	6
ENSG00000171843	MLLT3	promoter	6
ENSG00000108788	MLX	promoter	6
ENSG00000175727	MLXIP	promoter	6
ENSG00000009950	MLXIPL	promoter	6
ENSG00000149968	MMP3	promoter	6
ENSG00000020426	MNAT1	promoter	6
ENSG00000070444	MNT	promoter	6
ENSG00000130675	MNX1	promoter	6
ENSG00000188981	MSANTD1	promoter	6
ENSG00000066697	MSANTD3	promoter	6
ENSG00000170903	MSANTD4	promoter	6
ENSG00000178860	MSC	promoter	6
ENSG00000151379	MSGN1	promoter	6
ENSG00000102854	MSLN	promoter	6
ENSG00000163132	MSX1	promoter	6
ENSG00000120149	MSX2	promoter	6
ENSG00000182979	MTA1	promoter	6
ENSG00000149480	MTA2	promoter	6
ENSG00000057935	MTA3	promoter	6
ENSG00000127989	MTERF	promoter	6
ENSG00000156469	MTERFD1	promoter	6
ENSG00000122085	MTERFD2	promoter	6
ENSG00000120832	MTERFD3	promoter	6
ENSG00000188786	MTF1	promoter	6
ENSG00000143033	MTF2	promoter	6
ENSG00000059728	MXD1	promoter	6
ENSG00000213347	MXD3	promoter	6
ENSG00000123933	MXD4	promoter	6
ENSG00000119950	MXI1	promoter	12
ENSG00000118513	MYB	promoter	6
ENSG00000132382	MYBBP1A	promoter	6
ENSG00000185697	MYBL1	promoter	6
ENSG00000101057	MYBL2	promoter	6
ENSG00000136997	MYC	promoter	6
ENSG00000214114	MYCBP	promoter	6
ENSG00000116990	MYCL	promoter	6
ENSG00000134323	MYCN	promoter	12
ENSG00000104177	MYEF2	promoter	6
ENSG00000111049	MYF5	promoter	6
ENSG00000111046	MYF6	promoter	6
ENSG00000085274	MYNN	promoter	6
ENSG00000141052	MYOCD	promoter	6
ENSG00000129152	MYOD1	promoter	6
ENSG00000122180	MYOG	promoter	6
ENSG00000176182	MYPOP	promoter	6
ENSG00000124920	MYRF	promoter	12
ENSG00000166268	MYRFL	promoter	6
ENSG00000162601	MYSM1	promoter	6
ENSG00000196132	MYT1	promoter	6
ENSG00000186487	MYT1L	promoter	6
ENSG00000099326	MZF1	promoter	6
ENSG00000148411	NACC2	promoter	6
ENSG00000171169	NAIF1	promoter	6
ENSG00000111704	NANOG	promoter	6
ENSG00000205857	NANOGNB	promoter	6
ENSG00000115053	NCL	promoter	12
ENSG00000084676	NCOA1	promoter	6
ENSG00000140396	NCOA2	promoter	6
ENSG00000124151	NCOA3	promoter	6
ENSG00000198646	NCOA6	promoter	6
ENSG00000141027	NCOR1	promoter	6
ENSG00000196498	NCOR2	promoter	12
ENSG00000204356	NELFE	promoter	6
ENSG00000162992	NEUROD1	promoter	6
ENSG00000171532	NEUROD2	promoter	6
ENSG00000123307	NEUROD4	promoter	6
ENSG00000164600	NEUROD6	promoter	6
ENSG00000181965	NEUROG1	promoter	6
ENSG00000178403	NEUROG2	promoter	6
ENSG00000122859	NEUROG3	promoter	6
ENSG00000196712	NF1	promoter	6
ENSG00000102908	NFAT5	promoter	6
ENSG00000131196	NFATC1	promoter	12
ENSG00000101096	NFATC2	promoter	12
ENSG00000072736	NFATC3	promoter	6
ENSG00000100968	NFATC4	promoter	6
ENSG00000123405	NFE2	promoter	6
ENSG00000082641	NFE2L1	promoter	6
ENSG00000116044	NFE2L2	promoter	12
ENSG00000050344	NFE2L3	promoter	6
ENSG00000230257	NFE4	promoter	6
ENSG00000162599	NFIA	promoter	6
ENSG00000147862	NFIB	promoter	6
ENSG00000141905	NFIC	promoter	12
ENSG00000165030	NFIL3	promoter	6
ENSG00000008441	NFIX	promoter	12
ENSG00000109320	NFKB1	promoter	6
ENSG00000077150	NFKB2	promoter	6
ENSG00000100906	NFKBIA	promoter	12
ENSG00000104825	NFKBIB	promoter	6
ENSG00000167604	NFKBID	promoter	12
ENSG00000146232	NFKBIE	promoter	6
ENSG00000204498	NFKBIL1	promoter	6
ENSG00000144802	NFKBIZ	promoter	12
ENSG00000170322	NFRKB	promoter	6
ENSG00000086102	NFX1	promoter	6
ENSG00000170448	NFXL1	promoter	6
ENSG00000001167	NFYA	promoter	6
ENSG00000120837	NFYB	promoter	6
ENSG00000066136	NFYC	promoter	6
ENSG00000171786	NHLH1	promoter	6
ENSG00000177551	NHLH2	promoter	6
ENSG00000145912	NHP2	promoter	6
ENSG00000186416	NKRF	promoter	6
ENSG00000235608	NKX11	promoter	6
ENSG00000229544	NKX12	promoter	6
ENSG00000136352	NKX21	promoter	6
ENSG00000125820	NKX22	promoter	6
ENSG00000119919	NKX23	promoter	6
ENSG00000125816	NKX24	promoter	6
ENSG00000183072	NKX25	promoter	6
ENSG00000180053	NKX26	promoter	6
ENSG00000136327	NKX28	promoter	6
ENSG00000167034	NKX31	promoter	6
ENSG00000109705	NKX32	promoter	6
ENSG00000163623	NKX61	promoter	6
ENSG00000148826	NKX62	promoter	6
ENSG00000165066	NKX63	promoter	6
ENSG00000011052	NME1NME2	promoter	6
ENSG00000123609	NMI	promoter	6
ENSG00000106410	NOBOX	promoter	12
ENSG00000173145	NOC3L	promoter	6
ENSG00000147140	NONO	promoter	6
ENSG00000148400	NOTCH1	promoter	12
ENSG00000214513	NOTO	promoter	6
ENSG00000114554	NOV	promoter	6
ENSG00000130751	NPAS1	promoter	6
ENSG00000170485	NPAS2	promoter	6
ENSG00000151322	NPAS3	promoter	6
ENSG00000174576	NPAS4	promoter	6
ENSG00000169297	NR0B1	promoter	6
ENSG00000131910	NR0B2	promoter	6
ENSG00000126368	NR1D1	promoter	6
ENSG00000174738	NR1D2	promoter	6
ENSG00000131408	NR1H2	promoter	6
ENSG00000025434	NR1H3	promoter	12
ENSG00000012504	NR1H4	promoter	6
ENSG00000144852	NR1I2	promoter	6
ENSG00000143257	NR1I3	promoter	6
ENSG00000120798	NR2C1	promoter	6
ENSG00000177463	NR2C2	promoter	6
ENSG00000112333	NR2E1	promoter	6
ENSG00000278570	NR2E3	promoter	6
ENSG00000175745	NR2F1	promoter	6
ENSG00000185551	NR2F2	promoter	6
ENSG00000160113	NR2F6	promoter	6
ENSG00000113580	NR3C1	promoter	6
ENSG00000151623	NR3C2	promoter	6
ENSG00000123358	NR4A1	promoter	6
ENSG00000153234	NR4A2	promoter	12
ENSG00000119508	NR4A3	promoter	6
ENSG00000136931	NR5A1	promoter	6
ENSG00000116833	NR5A2	promoter	12
ENSG00000148200	NR6A1	promoter	6
ENSG00000106459	NRF1	promoter	6
ENSG00000129535	NRL	promoter	12
ENSG00000184221	OLIG1	promoter	6
ENSG00000205927	OLIG2	promoter	6
ENSG00000177468	OLIG3	promoter	6
ENSG00000169856	ONECUT1	promoter	6
ENSG00000119547	ONECUT2	promoter	6
ENSG00000205922	ONECUT3	promoter	6
ENSG00000143867	OSR1	promoter	6
ENSG00000164920	OSR2	promoter	6
ENSG00000171540	OTP	promoter	6
ENSG00000115507	OTX1	promoter	6
ENSG00000165588	OTX2	promoter	6
ENSG00000172818	OVOL1	promoter	6
ENSG00000125850	OVOL2	promoter	6
ENSG00000105261	OVOL3	promoter	6
ENSG00000172939	OXSR1	promoter	6
ENSG00000170515	PA2G4	promoter	6
ENSG00000143799	PARP1	promoter	6
ENSG00000100105	PATZ1	promoter	12
ENSG00000177425	PAWR	promoter	6
ENSG00000125813	PAX1	promoter	6
ENSG00000075891	PAX2	promoter	6
ENSG00000135903	PAX3	promoter	6
ENSG00000106331	PAX4	promoter	6
ENSG00000196092	PAX5	promoter	6
ENSG00000007372	PAX6	promoter	6
ENSG00000009709	PAX7	promoter	6
ENSG00000198807	PAX9	promoter	12
ENSG00000159086	PAXBP1	promoter	6
ENSG00000163939	PBRM1	promoter	6
ENSG00000185630	PBX1	promoter	6
ENSG00000204304	PBX2	promoter	6
ENSG00000167081	PBX3	promoter	6
ENSG00000105717	PBX4	promoter	6
ENSG00000277258	PCGF2	promoter	12
ENSG00000156374	PCGF6	promoter	6
ENSG00000139515	PDX1	promoter	6
ENSG00000198300	PEG3	promoter	3
ENSG00000123349	PFDN5	promoter	6
ENSG00000137338	PGBD1	promoter	6
ENSG00000082175	PGR	promoter	6
ENSG00000215021	PHB2	promoter	6
ENSG00000112511	PHF1	promoter	6
ENSG00000119403	PHF19	promoter	6
ENSG00000197724	PHF2	promoter	6
ENSG00000025293	PHF20	promoter	6
ENSG00000135365	PHF21A	promoter	6
ENSG00000165462	PHOX2A	promoter	6
ENSG00000109132	PHOX2B	promoter	6
ENSG00000116793	PHTF1	promoter	6
ENSG00000131788	PIAS3	promoter	6
ENSG00000105229	PIAS4	promoter	6
ENSG00000127445	PIN1	promoter	6
ENSG00000069011	PITX1	promoter	6
ENSG00000164093	PITX2	promoter	12
ENSG00000107859	PITX3	promoter	6
ENSG00000160199	PKNOX1	promoter	6
ENSG00000165495	PKNOX2	promoter	6
ENSG00000181690	PLAG1	promoter	6
ENSG00000118495	PLAGL1	promoter	12
ENSG00000126003	PLAGL2	promoter	6
ENSG00000115956	PLEK	promoter	6
ENSG00000052126	PLEKHA5	promoter	6
ENSG00000188313	PLSCR1	promoter	6
ENSG00000143157	POGK	promoter	6
ENSG00000186141	POLR3C	promoter	6
ENSG00000161980	POLR3K	promoter	6
ENSG00000064835	POU1F1	promoter	6
ENSG00000110777	POU2AF1	promoter	6
ENSG00000143190	POU2F1	promoter	12
ENSG00000028277	POU2F2	promoter	6
ENSG00000137709	POU2F3	promoter	12
ENSG00000185668	POU3F1	promoter	6
ENSG00000184486	POU3F2	promoter	6
ENSG00000198914	POU3F3	promoter	6
ENSG00000196767	POU3F4	promoter	6
ENSG00000152192	POU4F1	promoter	6
ENSG00000151615	POU4F2	promoter	6
ENSG00000091010	POU4F3	promoter	6
ENSG00000204531	POU5F1	promoter	12
ENSG00000212993	POU5F1B	promoter	6
ENSG00000248483	POU5F2	promoter	6
ENSG00000184271	POU6F1	promoter	6
ENSG00000106536	POU6F2	promoter	6
ENSG00000186951	PPARA	promoter	6
ENSG00000112033	PPARD	promoter	6
ENSG00000132170	PPARG	promoter	12
ENSG00000131013	PPIL4	promoter	6
ENSG00000213639	PPP1CB	promoter	6
ENSG00000104881	PPP1R13L	promoter	12
ENSG00000057657	PRDM1	promoter	6
ENSG00000170325	PRDM10	promoter	6
ENSG00000019485	PRDM11	promoter	12
ENSG00000130711	PRDM12	promoter	6
ENSG00000112238	PRDM13	promoter	6
ENSG00000147596	PRDM14	promoter	6
ENSG00000141956	PRDM15	promoter	6
ENSG00000142611	PRDM16	promoter	6
ENSG00000116731	PRDM2	promoter	6
ENSG00000110851	PRDM4	promoter	6
ENSG00000138738	PRDM5	promoter	6
ENSG00000061455	PRDM6	promoter	6
ENSG00000126856	PRDM7	promoter	6
ENSG00000152784	PRDM8	promoter	12
ENSG00000164256	PRDM9	promoter	6
ENSG00000138073	PREB	promoter	6
ENSG00000128563	PRKRIP1	promoter	12
ENSG00000137492	PRKRIR	promoter	6
ENSG00000185238	PRMT3	promoter	6
ENSG00000175325	PROP1	promoter	6
ENSG00000117707	PROX1	promoter	6
ENSG00000119608	PROX2	promoter	6
ENSG00000126464	PRR12	promoter	6
ENSG00000116132	PRRX1	promoter	12
ENSG00000167157	PRRX2	promoter	6
ENSG00000164985	PSIP1	promoter	6
ENSG00000129084	PSMA1	promoter	6
ENSG00000008018	PSMB1	promoter	6
ENSG00000159377	PSMB4	promoter	6
ENSG00000165916	PSMC3	promoter	6
ENSG00000168267	PTF1A	promoter	6
ENSG00000164611	PTTG1	promoter	6
ENSG00000179950	PUF60	promoter	6
ENSG00000185129	PURA	promoter	12
ENSG00000146676	PURB	promoter	6
ENSG00000172733	PURG	promoter	6
ENSG00000166349	RAG1	promoter	6
ENSG00000131759	RARA	promoter	12
ENSG00000077092	RARB	promoter	6
ENSG00000172819	RARG	promoter	12
ENSG00000134438	RAX	promoter	6
ENSG00000173976	RAX2	promoter	6
ENSG00000139687	RB1	promoter	6
ENSG00000023287	RB1CC1	promoter	12
ENSG00000146587	RBAK	promoter	12
ENSG00000125826	RBCK1	promoter	6
ENSG00000103479	RBL2	promoter	12
ENSG00000153250	RBMS1	promoter	6
ENSG00000168214	RBPJ	promoter	6
ENSG00000124232	RBPJL	promoter	6
ENSG00000056586	RC3H2	promoter	6
ENSG00000159200	RCAN1	promoter	6
ENSG00000089902	RCOR1	promoter	6
ENSG00000167771	RCOR2	promoter	6
ENSG00000117625	RCOR3	promoter	6
ENSG00000162924	REL	promoter	6
ENSG00000173039	RELA	promoter	6
ENSG00000104856	RELB	promoter	6
ENSG00000214022	REPIN1	promoter	6
ENSG00000142599	RERE	promoter	6
ENSG00000084093	REST	promoter	12
ENSG00000148300	REXO4	promoter	6
ENSG00000132005	RFX1	promoter	6
ENSG00000087903	RFX2	promoter	6
ENSG00000080298	RFX3	promoter	6
ENSG00000111783	RFX4	promoter	6
ENSG00000143390	RFX5	promoter	6
ENSG00000185002	RFX6	promoter	6
ENSG00000181827	RFX7	promoter	6
ENSG00000196460	RFX8	promoter	6
ENSG00000064490	RFXANK	promoter	6
ENSG00000133111	RFXAP	promoter	6
ENSG00000101883	RHOXF1	promoter	6
ENSG00000117000	RLF	promoter	6
ENSG00000110315	RNF141	promoter	6
ENSG00000121481	RNF2	promoter	6
ENSG00000063978	RNF4	promoter	6
ENSG00000069667	RORA	promoter	6
ENSG00000198963	RORB	promoter	6
ENSG00000143365	RORC	promoter	12
ENSG00000106399	RPA3	promoter	6
ENSG00000117133	RPF1	promoter	6
ENSG00000198034	RPS4X	promoter	6
ENSG00000124782	RREB1	promoter	6
ENSG00000159216	RUNX1	promoter	6
ENSG00000079102	RUNX1T1	promoter	12
ENSG00000124813	RUNX2	promoter	12
ENSG00000020633	RUNX3	promoter	12
ENSG00000175792	RUVBL1	promoter	6
ENSG00000186350	RXRA	promoter	6
ENSG00000204231	RXRB	promoter	6
ENSG00000143171	RXRG	promoter	6
ENSG00000211456	SACM1L	promoter	6
ENSG00000160633	SAFB	promoter	6
ENSG00000130254	SAFB2	promoter	6
ENSG00000103449	SALL1	promoter	6
ENSG00000165821	SALL2	promoter	6
ENSG00000256463	SALL3	promoter	6
ENSG00000101115	SALL4	promoter	6
ENSG00000182568	SATB1	promoter	12
ENSG00000119042	SATB2	promoter	6
ENSG00000248496	SCAND3	promoter	6
ENSG00000140386	SCAPER	promoter	6
ENSG00000010803	SCMH1	promoter	12
ENSG00000146285	SCML4	promoter	6
ENSG00000261678	SCRT1	promoter	6
ENSG00000215397	SCRT2	promoter	6
ENSG00000260428	SCXA	promoter	5
ENSG00000260428	SCXB	promoter	5
ENSG00000274529	SEBOX	promoter	6
ENSG00000152217	SETBP1	promoter	6
ENSG00000099381	SETD1A	promoter	6
ENSG00000143379	SETDB1	promoter	6
ENSG00000136169	SETDB2	promoter	6
ENSG00000141258	SGSM2	promoter	6
ENSG00000109686	SH3D19	promoter	12
ENSG00000185960	SHOX	promoter	6
ENSG00000168779	SHOX2	promoter	6
ENSG00000112246	SIM1	promoter	6
ENSG00000159263	SIM2	promoter	6
ENSG00000169375	SIN3A	promoter	12
ENSG00000077463	SIRT6	promoter	6
ENSG00000126778	SIX1	promoter	6
ENSG00000170577	SIX2	promoter	6
ENSG00000138083	SIX3	promoter	6
ENSG00000100625	SIX4	promoter	6
ENSG00000177045	SIX5	promoter	6
ENSG00000184302	SIX6	promoter	6
ENSG00000157933	SKI	promoter	6
ENSG00000136603	SKIL	promoter	6
ENSG00000188779	SKOR1	promoter	6
ENSG00000215474	SKOR2	promoter	6
ENSG00000175003	SLC22A1	promoter	6
ENSG00000125520	SLC2A4RG	promoter	6
ENSG00000014824	SLC30A9	promoter	6
ENSG00000170365	SMAD1	promoter	6
ENSG00000175387	SMAD2	promoter	6
ENSG00000166949	SMAD3	promoter	6
ENSG00000141646	SMAD4	promoter	6
ENSG00000113658	SMAD5	promoter	6
ENSG00000137834	SMAD6	promoter	6
ENSG00000101665	SMAD7	promoter	6
ENSG00000120693	SMAD9	promoter	6
ENSG00000102038	SMARCA1	promoter	6
ENSG00000080503	SMARCA2	promoter	6
ENSG00000127616	SMARCA4	promoter	6
ENSG00000153147	SMARCA5	promoter	6
ENSG00000099956	SMARCB1	promoter	12
ENSG00000173473	SMARCC1	promoter	6
ENSG00000139613	SMARCC2	promoter	6
ENSG00000143499	SMYD2	promoter	6
ENSG00000185420	SMYD3	promoter	6
ENSG00000124216	SNAI1	promoter	6
ENSG00000019549	SNAI2	promoter	6
ENSG00000185669	SNAI3	promoter	6
ENSG00000023608	SNAPC1	promoter	6
ENSG00000104976	SNAPC2	promoter	6
ENSG00000164975	SNAPC3	promoter	6
ENSG00000165684	SNAPC4	promoter	6
ENSG00000174446	SNAPC5	promoter	6
ENSG00000165643	SOHLH1	promoter	6
ENSG00000120669	SOHLH2	promoter	6
ENSG00000159140	SON	promoter	12
ENSG00000182968	SOX1	promoter	6
ENSG00000100146	SOX10	promoter	6
ENSG00000176887	SOX11	promoter	6
ENSG00000177732	SOX12	promoter	6
ENSG00000143842	SOX13	promoter	6
ENSG00000168875	SOX14	promoter	6
ENSG00000129194	SOX15	promoter	6
ENSG00000164736	SOX17	promoter	6
ENSG00000203883	SOX18	promoter	6
ENSG00000181449	SOX2	promoter	6
ENSG00000125285	SOX21	promoter	6
ENSG00000134595	SOX3	promoter	6
ENSG00000039600	SOX30	promoter	12
ENSG00000124766	SOX4	promoter	12
ENSG00000134532	SOX5	promoter	12
ENSG00000110693	SOX6	promoter	18
ENSG00000171056	SOX7	promoter	6
ENSG00000005513	SOX8	promoter	6
ENSG00000125398	SOX9	promoter	6
ENSG00000185591	SP1	promoter	6
ENSG00000067066	SP100	promoter	6
ENSG00000135899	SP110	promoter	6
ENSG00000079263	SP140	promoter	6
ENSG00000185404	SP140L	promoter	6
ENSG00000167182	SP2	promoter	6
ENSG00000172845	SP3	promoter	6
ENSG00000105866	SP4	promoter	6
ENSG00000204335	SP5	promoter	6
ENSG00000189120	SP6	promoter	6
ENSG00000170374	SP7	promoter	6
ENSG00000164651	SP8	promoter	6
ENSG00000217236	SP9	promoter	6
ENSG00000124664	SPDEF	promoter	6
ENSG00000065526	SPEN	promoter	6
ENSG00000066336	SPI1	promoter	6
ENSG00000269404	SPIB	promoter	6
ENSG00000166211	SPIC	promoter	6
ENSG00000164299	SPZ1	promoter	6
ENSG00000080603	SRCAP	promoter	6
ENSG00000072310	SREBF1	promoter	12
ENSG00000198911	SREBF2	promoter	6
ENSG00000112658	SRF	promoter	6
ENSG00000184895	SRY	promoter	6
ENSG00000141380	SS18	promoter	6
ENSG00000149136	SSRP1	promoter	6
ENSG00000147488	ST18	promoter	6
ENSG00000115415	STAT1	promoter	6
ENSG00000170581	STAT2	promoter	6
ENSG00000168610	STAT3	promoter	6
ENSG00000138378	STAT4	promoter	6
ENSG00000126561	STAT5A	promoter	6
ENSG00000173757	STAT5B	promoter	6
ENSG00000166888	STAT6	promoter	6
ENSG00000173320	STOX2	promoter	12
ENSG00000169689	STRA13	promoter	6
ENSG00000023734	STRAP	promoter	6
ENSG00000113387	SUB1	promoter	12
ENSG00000105398	SULT2A1	promoter	6
ENSG00000213246	SUPT4H1	promoter	6
ENSG00000196235	SUPT5H	promoter	6
ENSG00000178691	SUZ12	promoter	6
ENSG00000276234	TADA2A	promoter	6
ENSG00000173011	TADA2B	promoter	6
ENSG00000171148	TADA3	promoter	6
ENSG00000147133	TAF1	promoter	6
ENSG00000166337	TAF10	promoter	6
ENSG00000064995	TAF11	promoter	6
ENSG00000120656	TAF12	promoter	6
ENSG00000197780	TAF13	promoter	6
ENSG00000143498	TAF1A	promoter	6
ENSG00000115750	TAF1B	promoter	6
ENSG00000130699	TAF4	promoter	6
ENSG00000141384	TAF4B	promoter	6
ENSG00000148835	TAF5	promoter	6
ENSG00000135801	TAF5L	promoter	6
ENSG00000106290	TAF6	promoter	6
ENSG00000178913	TAF7	promoter	6
ENSG00000273841	TAF9	promoter	6
ENSG00000162367	TAL1	promoter	12
ENSG00000186051	TAL2	promoter	6
ENSG00000120948	TARDBP	promoter	6
ENSG00000102125	TAZ	promoter	6
ENSG00000112592	TBP	promoter	6
ENSG00000028839	TBPL1	promoter	6
ENSG00000182521	TBPL2	promoter	6
ENSG00000136535	TBR1	promoter	6
ENSG00000184058	TBX1	promoter	6
ENSG00000167800	TBX10	promoter	6
ENSG00000092607	TBX15	promoter	6
ENSG00000112837	TBX18	promoter	12
ENSG00000143178	TBX19	promoter	6
ENSG00000121068	TBX2	promoter	6
ENSG00000164532	TBX20	promoter	6
ENSG00000073861	TBX21	promoter	6
ENSG00000122145	TBX22	promoter	6
ENSG00000135111	TBX3	promoter	6
ENSG00000121075	TBX4	promoter	12
ENSG00000089225	TBX5	promoter	12
ENSG00000149922	TBX6	promoter	6
ENSG00000164458	TBXT	promoter	6
ENSG00000154582	TCEB1	promoter	6
ENSG00000103363	TCEB2	promoter	6
ENSG00000011007	TCEB3	promoter	6
ENSG00000113649	TCERG1	promoter	6
ENSG00000140262	TCF12	promoter	12
ENSG00000125878	TCF15	promoter	6
ENSG00000137310	TCF19	promoter	12
ENSG00000100207	TCF20	promoter	6
ENSG00000118526	TCF21	promoter	6
ENSG00000163792	TCF23	promoter	6
ENSG00000261787	TCF24	promoter	6
ENSG00000141002	TCF25	promoter	6
ENSG00000071564	TCF3	promoter	6
ENSG00000196628	TCF4	promoter	6
ENSG00000081059	TCF7	promoter	6
ENSG00000152284	TCF7L1	promoter	6
ENSG00000148737	TCF7L2	promoter	6
ENSG00000101190	TCFL5	promoter	6
ENSG00000187079	TEAD1	promoter	6
ENSG00000074219	TEAD2	promoter	6
ENSG00000007866	TEAD3	promoter	6
ENSG00000197905	TEAD4	promoter	6
ENSG00000167074	TEF	promoter	12
ENSG00000147601	TERF1	promoter	6
ENSG00000132604	TERF2	promoter	6
ENSG00000138336	TET1	promoter	6
ENSG00000168769	TET2	promoter	6
ENSG00000187605	TET3	promoter	6
ENSG00000108064	TFAM	promoter	6
ENSG00000137203	TFAP2A	promoter	12
ENSG00000008196	TFAP2B	promoter	6
ENSG00000087510	TFAP2C	promoter	6
ENSG00000008197	TFAP2D	promoter	6
ENSG00000116819	TFAP2E	promoter	6
ENSG00000090447	TFAP4	promoter	6
ENSG00000135457	TFCP2	promoter	6
ENSG00000115112	TFCP2L1	promoter	6
ENSG00000198176	TFDP1	promoter	6
ENSG00000114126	TFDP2	promoter	12
ENSG00000183434	TFDP3	promoter	6
ENSG00000112561	TFEB	promoter	12
ENSG00000105967	TFEC	promoter	6
ENSG00000140682	TGFB1I1	promoter	6
ENSG00000177426	TGIF1	promoter	6
ENSG00000118707	TGIF2	promoter	6
ENSG00000153779	TGIF2LX	promoter	4
ENSG00000176679	TGIF2LY	promoter	4
ENSG00000131931	THAP1	promoter	6
ENSG00000129028	THAP10	promoter	6
ENSG00000168286	THAP11	promoter	6
ENSG00000173451	THAP2	promoter	12
ENSG00000041988	THAP3	promoter	6
ENSG00000176946	THAP4	promoter	6
ENSG00000177683	THAP5	promoter	6
ENSG00000174796	THAP6	promoter	6
ENSG00000184436	THAP7	promoter	6
ENSG00000161277	THAP8	promoter	6
ENSG00000168152	THAP9	promoter	6
ENSG00000126351	THRA	promoter	6
ENSG00000151090	THRB	promoter	6
ENSG00000151500	THYN1	promoter	6
ENSG00000221944	TIGD1	promoter	6
ENSG00000180346	TIGD2	promoter	6
ENSG00000173825	TIGD3	promoter	6
ENSG00000169989	TIGD4	promoter	6
ENSG00000179886	TIGD5	promoter	6
ENSG00000164296	TIGD6	promoter	6
ENSG00000140993	TIGD7	promoter	6
ENSG00000107807	TLX1	promoter	6
ENSG00000115297	TLX2	promoter	6
ENSG00000164438	TLX3	promoter	6
ENSG00000144747	TMF1	promoter	6
ENSG00000168477	TNXB	promoter	6
ENSG00000197579	TOPORS	promoter	6
ENSG00000198846	TOX	promoter	6
ENSG00000124191	TOX2	promoter	6
ENSG00000103460	TOX3	promoter	6
ENSG00000092203	TOX4	promoter	6
ENSG00000141510	TP53	promoter	6
ENSG00000067369	TP53BP1	promoter	12
ENSG00000143514	TP53BP2	promoter	6
ENSG00000073282	TP63	promoter	6
ENSG00000078900	TP73	promoter	6
ENSG00000111669	TPI1	promoter	6
ENSG00000178928	TPRX1	promoter	6
ENSG00000135148	TRAFD1	promoter	6
ENSG00000124496	TRERF1	promoter	6
ENSG00000132274	TRIM22	promoter	6
ENSG00000121060	TRIM25	promoter	6
ENSG00000204713	TRIM27	promoter	6
ENSG00000130726	TRIM28	promoter	6
ENSG00000137699	TRIM29	promoter	12
ENSG00000104447	TRPS1	promoter	6
ENSG00000102804	TSC22D1	promoter	6
ENSG00000196428	TSC22D2	promoter	6
ENSG00000157514	TSC22D3	promoter	6
ENSG00000166925	TSC22D4	promoter	6
ENSG00000179981	TSHZ1	promoter	6
ENSG00000182463	TSHZ2	promoter	5
ENSG00000121297	TSHZ3	promoter	6
ENSG00000125482	TTF1	promoter	6
ENSG00000166402	TUB	promoter	6
ENSG00000112041	TULP1	promoter	6
ENSG00000104804	TULP2	promoter	6
ENSG00000078246	TULP3	promoter	12
ENSG00000130338	TULP4	promoter	6
ENSG00000122691	TWIST1	promoter	6
ENSG00000233608	TWIST2	promoter	6
ENSG00000118900	UBN1	promoter	6
ENSG00000153560	UBP1	promoter	6
ENSG00000164853	UNCX	promoter	6
ENSG00000059145	UNKL	promoter	6
ENSG00000158773	USF1	promoter	6
ENSG00000105698	USF2	promoter	6
ENSG00000141968	VAV1	promoter	6
ENSG00000148704	VAX1	promoter	6
ENSG00000116035	VAX2	promoter	6
ENSG00000111424	VDR	promoter	6
ENSG00000151650	VENTX	promoter	6
ENSG00000136451	VEZF1	promoter	6
ENSG00000163159	VPS72	promoter	6
ENSG00000100987	VSX1	promoter	6
ENSG00000119614	VSX2	promoter	6
ENSG00000198554	WDHD1	promoter	6
ENSG00000164091	WDR82	promoter	6
ENSG00000109685	WHSC1	promoter	6
ENSG00000011451	WIZ	promoter	6
ENSG00000060237	WNK1	promoter	6
ENSG00000184937	WT1	promoter	6
ENSG00000100219	XBP1	promoter	6
ENSG00000136936	XPA	promoter	6
ENSG00000079246	XRCC5	promoter	6
ENSG00000196419	XRCC6	promoter	6
ENSG00000015153	YAF2	promoter	6
ENSG00000137693	YAP1	promoter	6
ENSG00000065978	YBX1	promoter	6
ENSG00000006047	YBX2	promoter	6
ENSG00000060138	YBX3	promoter	6
ENSG00000163872	YEATS2	promoter	6
ENSG00000108953	YWHAE	promoter	6
ENSG00000164924	YWHAZ	promoter	6
ENSG00000100811	YY1	promoter	6
ENSG00000230797	YY2	promoter	5
ENSG00000214717	ZBED1	promoter	6
ENSG00000177494	ZBED2	promoter	6
ENSG00000132846	ZBED3	promoter	6
ENSG00000100426	ZBED4	promoter	6
ENSG00000236287	ZBED5	promoter	6
ENSG00000257315	ZBED6	promoter	4
ENSG00000126804	ZBTB1	promoter	6
ENSG00000205189	ZBTB10	promoter	6
ENSG00000066422	ZBTB11	promoter	6
ENSG00000204366	ZBTB12	promoter	6
ENSG00000198081	ZBTB14	promoter	6
ENSG00000109906	ZBTB16	promoter	6
ENSG00000116809	ZBTB17	promoter	6
ENSG00000179456	ZBTB18	promoter	6
ENSG00000181472	ZBTB2	promoter	6
ENSG00000181722	ZBTB20	promoter	12
ENSG00000173276	ZBTB21	promoter	6
ENSG00000236104	ZBTB22	promoter	6
ENSG00000112365	ZBTB24	promoter	6
ENSG00000089775	ZBTB25	promoter	6
ENSG00000171448	ZBTB26	promoter	6
ENSG00000185670	ZBTB3	promoter	6
ENSG00000011590	ZBTB32	promoter	6
ENSG00000177485	ZBTB33	promoter	6
ENSG00000177125	ZBTB34	promoter	6
ENSG00000185278	ZBTB37	promoter	6
ENSG00000177311	ZBTB38	promoter	12
ENSG00000166860	ZBTB39	promoter	6
ENSG00000174282	ZBTB4	promoter	12
ENSG00000184677	ZBTB40	promoter	6
ENSG00000177888	ZBTB41	promoter	6
ENSG00000179627	ZBTB42	promoter	6
ENSG00000169155	ZBTB43	promoter	6
ENSG00000196323	ZBTB44	promoter	6
ENSG00000119574	ZBTB45	promoter	6
ENSG00000130584	ZBTB46	promoter	6
ENSG00000114853	ZBTB47	promoter	6
ENSG00000204859	ZBTB48	promoter	6
ENSG00000168826	ZBTB49	promoter	6
ENSG00000168795	ZBTB5	promoter	6
ENSG00000186130	ZBTB6	promoter	6
ENSG00000178951	ZBTB7A	promoter	12
ENSG00000160685	ZBTB7B	promoter	6
ENSG00000184828	ZBTB7C	promoter	12
ENSG00000160062	ZBTB8A	promoter	6
ENSG00000273274	ZBTB8B	promoter	6
ENSG00000213588	ZBTB9	promoter	6
ENSG00000058673	ZC3H11A	promoter	4
ENSG00000065548	ZC3H15	promoter	6
ENSG00000014164	ZC3H3	promoter	6
ENSG00000144161	ZC3H8	promoter	6
ENSG00000134744	ZCCHC11	promoter	6
ENSG00000083223	ZCCHC6	promoter	6
ENSG00000148516	ZEB1	promoter	12
ENSG00000169554	ZEB2	promoter	12
ENSG00000066827	ZFAT	promoter	12
ENSG00000136367	ZFHX2	promoter	12
ENSG00000140836	ZFHX3	promoter	6
ENSG00000091656	ZFHX4	promoter	6
ENSG00000184517	ZFP1	promoter	6
ENSG00000142065	ZFP14	promoter	6
ENSG00000198939	ZFP2	promoter	6
ENSG00000196867	ZFP28	promoter	6
ENSG00000180787	ZFP3	promoter	6
ENSG00000120784	ZFP30	promoter	6
ENSG00000185650	ZFP36L1	promoter	12
ENSG00000152518	ZFP36L2	promoter	6
ENSG00000136866	ZFP37	promoter	6
ENSG00000181638	ZFP41	promoter	6
ENSG00000179059	ZFP42	promoter	12
ENSG00000204644	ZFP57	promoter	6
ENSG00000196670	ZFP62	promoter	6
ENSG00000020256	ZFP64	promoter	6
ENSG00000187815	ZFP69	promoter	6
ENSG00000187801	ZFP69B	promoter	6
ENSG00000181007	ZFP82	promoter	6
ENSG00000184939	ZFP90	promoter	12
ENSG00000186660	ZFP91	promoter	6
ENSG00000189420	ZFP92	promoter	6
ENSG00000179588	ZFPM1	promoter	6
ENSG00000169946	ZFPM2	promoter	6
ENSG00000005889	ZFX	promoter	6
ENSG00000067646	ZFY	promoter	6
ENSG00000131381	ZFYVE20	promoter	6
ENSG00000072121	ZFYVE26	promoter	6
ENSG00000220201	ZGLP1	promoter	6
ENSG00000197114	ZGPAT	promoter	6
ENSG00000165156	ZHX1	promoter	6
ENSG00000178764	ZHX2	promoter	6
ENSG00000174306	ZHX3	promoter	6
ENSG00000152977	ZIC1	promoter	6
ENSG00000043355	ZIC2	promoter	6
ENSG00000156925	ZIC3	promoter	6
ENSG00000174963	ZIC4	promoter	12
ENSG00000139800	ZIC5	promoter	6
ENSG00000171649	ZIK1	promoter	6
ENSG00000269699	ZIM2	promoter	3
ENSG00000141946	ZIM3	promoter	6
ENSG00000106261	ZKSCAN1	promoter	6
ENSG00000155592	ZKSCAN2	promoter	6
ENSG00000189298	ZKSCAN3	promoter	6
ENSG00000187626	ZKSCAN4	promoter	6
ENSG00000196652	ZKSCAN5	promoter	6
ENSG00000196345	ZKSCAN7	promoter	6
ENSG00000198315	ZKSCAN8	promoter	6
ENSG00000166432	ZMAT1	promoter	6
ENSG00000146007	ZMAT2	promoter	12
ENSG00000172667	ZMAT3	promoter	6
ENSG00000165061	ZMAT4	promoter	6
ENSG00000256223	ZNF10	promoter	6
ENSG00000197020	ZNF100	promoter	6
ENSG00000181896	ZNF101	promoter	6
ENSG00000196247	ZNF107	promoter	6
ENSG00000062370	ZNF112	promoter	6
ENSG00000178150	ZNF114	promoter	6
ENSG00000152926	ZNF117	promoter	6
ENSG00000164631	ZNF12	promoter	6
ENSG00000197961	ZNF121	promoter	6
ENSG00000196418	ZNF124	promoter	6
ENSG00000172262	ZNF131	promoter	6
ENSG00000131849	ZNF132	promoter	6
ENSG00000125846	ZNF133	promoter	6
ENSG00000213762	ZNF134	promoter	6
ENSG00000176293	ZNF135	promoter	6
ENSG00000196646	ZNF136	promoter	6
ENSG00000197008	ZNF138	promoter	6
ENSG00000105708	ZNF14	promoter	6
ENSG00000196387	ZNF140	promoter	6
ENSG00000131127	ZNF141	promoter	6
ENSG00000115568	ZNF142	promoter	6
ENSG00000166478	ZNF143	promoter	6
ENSG00000167635	ZNF146	promoter	6
ENSG00000163848	ZNF148	promoter	6
ENSG00000179909	ZNF154	promoter	6
ENSG00000204920	ZNF155	promoter	6
ENSG00000147117	ZNF157	promoter	6
ENSG00000170631	ZNF16	promoter	6
ENSG00000170949	ZNF160	promoter	6
ENSG00000197279	ZNF165	promoter	6
ENSG00000175787	ZNF169	promoter	6
ENSG00000186272	ZNF17	promoter	6
ENSG00000103343	ZNF174	promoter	6
ENSG00000105497	ZNF175	promoter	6
ENSG00000188629	ZNF177	promoter	10
ENSG00000154957	ZNF18	promoter	6
ENSG00000167384	ZNF180	promoter	6
ENSG00000197841	ZNF181	promoter	6
ENSG00000147118	ZNF182	promoter	6
ENSG00000096654	ZNF184	promoter	6
ENSG00000136870	ZNF189	promoter	6
ENSG00000157429	ZNF19	promoter	6
ENSG00000005801	ZNF195	promoter	6
ENSG00000186448	ZNF197	promoter	6
ENSG00000275111	ZNF2	promoter	6
ENSG00000132010	ZNF20	promoter	7
ENSG00000010539	ZNF200	promoter	6
ENSG00000166261	ZNF202	promoter	6
ENSG00000122386	ZNF205	promoter	6
ENSG00000010244	ZNF207	promoter	12
ENSG00000121417	ZNF211	promoter	6
ENSG00000170260	ZNF212	promoter	6
ENSG00000085644	ZNF213	promoter	6
ENSG00000149050	ZNF214	promoter	6
ENSG00000149054	ZNF215	promoter	6
ENSG00000171940	ZNF217	promoter	12
ENSG00000165804	ZNF219	promoter	5
ENSG00000165512	ZNF22	promoter	6
ENSG00000159905	ZNF221	promoter	6
ENSG00000159885	ZNF222	promoter	6
ENSG00000178386	ZNF223	promoter	6
ENSG00000267680	ZNF224	promoter	6
ENSG00000256294	ZNF225	promoter	6
ENSG00000167380	ZNF226	promoter	12
ENSG00000131115	ZNF227	promoter	6
ENSG00000278318	ZNF229	promoter	6
ENSG00000167377	ZNF23	promoter	12
ENSG00000159882	ZNF230	promoter	6
ENSG00000167840	ZNF232	promoter	12
ENSG00000159915	ZNF233	promoter	6
ENSG00000159917	ZNF235	promoter	6
ENSG00000130856	ZNF236	promoter	6
ENSG00000196793	ZNF239	promoter	6
ENSG00000172466	ZNF24	promoter	6
ENSG00000198105	ZNF248	promoter	6
ENSG00000175395	ZNF25	promoter	6
ENSG00000196150	ZNF250	promoter	6
ENSG00000198169	ZNF251	promoter	6
ENSG00000256771	ZNF253	promoter	6
ENSG00000213096	ZNF254	promoter	6
ENSG00000152454	ZNF256	promoter	6
ENSG00000197134	ZNF257	promoter	6
ENSG00000198393	ZNF26	promoter	6
ENSG00000254004	ZNF260	promoter	6
ENSG00000006194	ZNF263	promoter	12
ENSG00000083844	ZNF264	promoter	6
ENSG00000174652	ZNF266	promoter	6
ENSG00000185947	ZNF267	promoter	12
ENSG00000090612	ZNF268	promoter	6
ENSG00000198039	ZNF273	promoter	12
ENSG00000171606	ZNF274	promoter	6
ENSG00000063587	ZNF275	promoter	6
ENSG00000158805	ZNF276	promoter	6
ENSG00000198839	ZNF277	promoter	6
ENSG00000198538	ZNF28	promoter	6
ENSG00000275004	ZNF280B	promoter	6
ENSG00000056277	ZNF280C	promoter	6
ENSG00000137871	ZNF280D	promoter	6
ENSG00000162702	ZNF281	promoter	6
ENSG00000170265	ZNF282	promoter	6
ENSG00000167637	ZNF283	promoter	6
ENSG00000186026	ZNF284	promoter	6
ENSG00000267508	ZNF285	promoter	6
ENSG00000187607	ZNF286A	promoter	6
ENSG00000290687	ZNF286B	promoter	6
ENSG00000141040	ZNF287	promoter	6
ENSG00000188994	ZNF292	promoter	6
ENSG00000170684	ZNF296	promoter	6
ENSG00000166526	ZNF3	promoter	6
ENSG00000168661	ZNF30	promoter	6
ENSG00000145908	ZNF300	promoter	6
ENSG00000089335	ZNF302	promoter	6
ENSG00000131845	ZNF304	promoter	6
ENSG00000197935	ZNF311	promoter	6
ENSG00000130803	ZNF317	promoter	6
ENSG00000171467	ZNF318	promoter	6
ENSG00000166188	ZNF319	promoter	12
ENSG00000169740	ZNF32	promoter	6
ENSG00000182986	ZNF320	promoter	6
ENSG00000181315	ZNF322	promoter	6
ENSG00000083812	ZNF324	promoter	6
ENSG00000249471	ZNF324B	promoter	6
ENSG00000162664	ZNF326	promoter	6
ENSG00000181894	ZNF329	promoter	12
ENSG00000109445	ZNF330	promoter	6
ENSG00000130844	ZNF331	promoter	12
ENSG00000160961	ZNF333	promoter	6
ENSG00000198185	ZNF334	promoter	6
ENSG00000198026	ZNF335	promoter	6
ENSG00000130684	ZNF337	promoter	6
ENSG00000189180	ZNF33A	promoter	6
ENSG00000196693	ZNF33B	promoter	6
ENSG00000196378	ZNF34	promoter	6
ENSG00000131061	ZNF341	promoter	12
ENSG00000088876	ZNF343	promoter	6
ENSG00000251247	ZNF345	promoter	6
ENSG00000113761	ZNF346	promoter	6
ENSG00000197937	ZNF347	promoter	6
ENSG00000169981	ZNF35	promoter	6
ENSG00000256683	ZNF350	promoter	6
ENSG00000169131	ZNF354A	promoter	6
ENSG00000178338	ZNF354B	promoter	6
ENSG00000177932	ZNF354C	promoter	6
ENSG00000198816	ZNF358	promoter	12
ENSG00000160094	ZNF362	promoter	6
ENSG00000138311	ZNF365	promoter	6
ENSG00000178175	ZNF366	promoter	6
ENSG00000165244	ZNF367	promoter	6
ENSG00000075407	ZNF37A	promoter	6
ENSG00000161298	ZNF382	promoter	6
ENSG00000188283	ZNF383	promoter	6
ENSG00000126746	ZNF384	promoter	6
ENSG00000161642	ZNF385A	promoter	12
ENSG00000144331	ZNF385B	promoter	6
ENSG00000187595	ZNF385C	promoter	6
ENSG00000151789	ZNF385D	promoter	6
ENSG00000124613	ZNF391	promoter	6
ENSG00000160908	ZNF394	promoter	6
ENSG00000186918	ZNF395	promoter	6
ENSG00000186496	ZNF396	promoter	6
ENSG00000186812	ZNF397	promoter	6
ENSG00000197024	ZNF398	promoter	6
ENSG00000215421	ZNF407	promoter	6
ENSG00000175213	ZNF408	promoter	6
ENSG00000147124	ZNF41	promoter	6
ENSG00000119725	ZNF410	promoter	6
ENSG00000133250	ZNF414	promoter	6
ENSG00000170954	ZNF415	promoter	6
ENSG00000083817	ZNF416	promoter	6
ENSG00000173480	ZNF417	promoter	5
ENSG00000196724	ZNF418	promoter	6
ENSG00000105136	ZNF419	promoter	6
ENSG00000197050	ZNF420	promoter	6
ENSG00000102935	ZNF423	promoter	12
ENSG00000204947	ZNF425	promoter	6
ENSG00000130818	ZNF426	promoter	6
ENSG00000131116	ZNF428	promoter	6
ENSG00000197013	ZNF429	promoter	6
ENSG00000198521	ZNF43	promoter	12
ENSG00000118620	ZNF430	promoter	6
ENSG00000196705	ZNF431	promoter	6
ENSG00000256087	ZNF432	promoter	6
ENSG00000197647	ZNF433	promoter	6
ENSG00000125945	ZNF436	promoter	12
ENSG00000183621	ZNF438	promoter	12
ENSG00000171291	ZNF439	promoter	6
ENSG00000197857	ZNF44	promoter	6
ENSG00000171295	ZNF440	promoter	6
ENSG00000197044	ZNF441	promoter	6
ENSG00000198342	ZNF442	promoter	6
ENSG00000180855	ZNF443	promoter	6
ENSG00000167685	ZNF444	promoter	6
ENSG00000185219	ZNF445	promoter	6
ENSG00000083838	ZNF446	promoter	6
ENSG00000173275	ZNF449	promoter	6
ENSG00000124459	ZNF45	promoter	6
ENSG00000112200	ZNF451	promoter	6
ENSG00000178187	ZNF454	promoter	6
ENSG00000197714	ZNF460	promoter	6
ENSG00000197808	ZNF461	promoter	6
ENSG00000148143	ZNF462	promoter	6
ENSG00000181444	ZNF467	promoter	6
ENSG00000204604	ZNF468	promoter	6
ENSG00000225614	ZNF469	promoter	6
ENSG00000197016	ZNF470	promoter	6
ENSG00000196263	ZNF471	promoter	6
ENSG00000142528	ZNF473	promoter	6
ENSG00000164185	ZNF474	promoter	6
ENSG00000185177	ZNF479	promoter	6
ENSG00000180035	ZNF48	promoter	6
ENSG00000198464	ZNF480	promoter	6
ENSG00000173258	ZNF483	promoter	6
ENSG00000127081	ZNF484	promoter	6
ENSG00000198298	ZNF485	promoter	6
ENSG00000256229	ZNF486	promoter	6
ENSG00000265763	ZNF488	promoter	12
ENSG00000188033	ZNF490	promoter	6
ENSG00000177599	ZNF491	promoter	6
ENSG00000229676	ZNF492	promoter	6
ENSG00000196268	ZNF493	promoter	6
ENSG00000162714	ZNF496	promoter	6
ENSG00000174586	ZNF497	promoter	6
ENSG00000103199	ZNF500	promoter	6
ENSG00000186446	ZNF501	promoter	6
ENSG00000196653	ZNF502	promoter	6
ENSG00000165655	ZNF503	promoter	6
ENSG00000081665	ZNF506	promoter	6
ENSG00000168813	ZNF507	promoter	6
ENSG00000081386	ZNF510	promoter	6
ENSG00000198546	ZNF511	promoter	6
ENSG00000243943	ZNF512	promoter	6
ENSG00000196700	ZNF512B	promoter	6
ENSG00000163795	ZNF513	promoter	5
ENSG00000144026	ZNF514	promoter	12
ENSG00000101493	ZNF516	promoter	6
ENSG00000197363	ZNF517	promoter	6
ENSG00000177853	ZNF518A	promoter	6
ENSG00000178163	ZNF518B	promoter	6
ENSG00000175322	ZNF519	promoter	6
ENSG00000198795	ZNF521	promoter	6
ENSG00000171443	ZNF524	promoter	6
ENSG00000167625	ZNF526	promoter	6
ENSG00000189164	ZNF527	promoter	6
ENSG00000167555	ZNF528	promoter	6
ENSG00000186020	ZNF529	promoter	6
ENSG00000183647	ZNF530	promoter	6
ENSG00000074657	ZNF532	promoter	12
ENSG00000198633	ZNF534	promoter	6
ENSG00000198597	ZNF536	promoter	6
ENSG00000171817	ZNF540	promoter	12
ENSG00000118156	ZNF541	promoter	6
ENSG00000178229	ZNF543	promoter	6
ENSG00000198131	ZNF544	promoter	6
ENSG00000187187	ZNF546	promoter	6
ENSG00000152433	ZNF547	promoter	6
ENSG00000188785	ZNF548	promoter	6
ENSG00000121406	ZNF549	promoter	6
ENSG00000251369	ZNF550	promoter	6
ENSG00000204519	ZNF551	promoter	6
ENSG00000178935	ZNF552	promoter	6
ENSG00000172006	ZNF554	promoter	6
ENSG00000186300	ZNF555	promoter	6
ENSG00000172000	ZNF556	promoter	6
ENSG00000130544	ZNF557	promoter	6
ENSG00000167785	ZNF558	promoter	6
ENSG00000188321	ZNF559	promoter	4
ENSG00000270011	ZNF559ZNF177	promoter	3
ENSG00000198028	ZNF560	promoter	6
ENSG00000171469	ZNF561	promoter	6
ENSG00000171466	ZNF562	promoter	6
ENSG00000188868	ZNF563	promoter	6
ENSG00000249709	ZNF564	promoter	5
ENSG00000196357	ZNF565	promoter	6
ENSG00000186017	ZNF566	promoter	6
ENSG00000189042	ZNF567	promoter	6
ENSG00000198453	ZNF568	promoter	6
ENSG00000196437	ZNF569	promoter	6
ENSG00000171970	ZNF57	promoter	6
ENSG00000171827	ZNF570	promoter	12
ENSG00000180479	ZNF571	promoter	6
ENSG00000180938	ZNF572	promoter	6
ENSG00000189144	ZNF573	promoter	6
ENSG00000105732	ZNF574	promoter	12
ENSG00000176472	ZNF575	promoter	6
ENSG00000124444	ZNF576	promoter	6
ENSG00000161551	ZNF577	promoter	6
ENSG00000258405	ZNF578	promoter	6
ENSG00000218891	ZNF579	promoter	6
ENSG00000213015	ZNF580	promoter	12
ENSG00000171425	ZNF581	promoter	6
ENSG00000018869	ZNF582	promoter	6
ENSG00000198440	ZNF583	promoter	6
ENSG00000171574	ZNF584	promoter	6
ENSG00000196967	ZNF585A	promoter	6
ENSG00000245680	ZNF585B	promoter	6
ENSG00000083828	ZNF586	promoter	6
ENSG00000198466	ZNF587	promoter	6
ENSG00000269343	ZNF587B	promoter	6
ENSG00000164048	ZNF589	promoter	6
ENSG00000166716	ZNF592	promoter	6
ENSG00000142684	ZNF593	promoter	6
ENSG00000180626	ZNF594	promoter	6
ENSG00000172748	ZNF596	promoter	6
ENSG00000167981	ZNF597	promoter	6
ENSG00000167962	ZNF598	promoter	6
ENSG00000153896	ZNF599	promoter	6
ENSG00000189190	ZNF600	promoter	6
ENSG00000196458	ZNF605	promoter	6
ENSG00000166704	ZNF606	promoter	6
ENSG00000198182	ZNF607	promoter	6
ENSG00000168916	ZNF608	promoter	12
ENSG00000180357	ZNF609	promoter	6
ENSG00000167554	ZNF610	promoter	6
ENSG00000213020	ZNF611	promoter	6
ENSG00000176024	ZNF613	promoter	6
ENSG00000142556	ZNF614	promoter	6
ENSG00000197619	ZNF615	promoter	6
ENSG00000204611	ZNF616	promoter	6
ENSG00000157657	ZNF618	promoter	6
ENSG00000177873	ZNF619	promoter	6
ENSG00000177842	ZNF620	promoter	6
ENSG00000172888	ZNF621	promoter	6
ENSG00000183309	ZNF623	promoter	6
ENSG00000197566	ZNF624	promoter	6
ENSG00000257591	ZNF625	promoter	5
ENSG00000188171	ZNF626	promoter	6
ENSG00000198551	ZNF627	promoter	6
ENSG00000197483	ZNF628	promoter	6
ENSG00000102870	ZNF629	promoter	6
ENSG00000221994	ZNF630	promoter	6
ENSG00000121864	ZNF639	promoter	6
ENSG00000167528	ZNF641	promoter	6
ENSG00000122482	ZNF644	promoter	6
ENSG00000175809	ZNF645	promoter	6
ENSG00000167395	ZNF646	promoter	6
ENSG00000179930	ZNF648	promoter	6
ENSG00000198093	ZNF649	promoter	6
ENSG00000198740	ZNF652	promoter	6
ENSG00000161914	ZNF653	promoter	6
ENSG00000175105	ZNF654	promoter	6
ENSG00000197343	ZNF655	promoter	6
ENSG00000144792	ZNF660	promoter	6
ENSG00000182983	ZNF662	promoter	6
ENSG00000179195	ZNF664	promoter	6
ENSG00000197497	ZNF665	promoter	6
ENSG00000198046	ZNF667	promoter	6
ENSG00000167394	ZNF668	promoter	6
ENSG00000188295	ZNF669	promoter	6
ENSG00000277462	ZNF670	promoter	6
ENSG00000083814	ZNF671	promoter	6
ENSG00000171161	ZNF672	promoter	6
ENSG00000251192	ZNF674	promoter	6
ENSG00000197372	ZNF675	promoter	6
ENSG00000196109	ZNF676	promoter	6
ENSG00000197928	ZNF677	promoter	6
ENSG00000181450	ZNF678	promoter	6
ENSG00000197123	ZNF679	promoter	6
ENSG00000173041	ZNF680	promoter	6
ENSG00000196172	ZNF681	promoter	6
ENSG00000197124	ZNF682	promoter	6
ENSG00000176083	ZNF683	promoter	6
ENSG00000117010	ZNF684	promoter	6
ENSG00000143373	ZNF687	promoter	6
ENSG00000229809	ZNF688	promoter	6
ENSG00000156853	ZNF689	promoter	6
ENSG00000198429	ZNF69	promoter	6
ENSG00000164011	ZNF691	promoter	6
ENSG00000171163	ZNF692	promoter	6
ENSG00000197472	ZNF695	promoter	6
ENSG00000185730	ZNF696	promoter	6
ENSG00000143067	ZNF697	promoter	6
ENSG00000196110	ZNF699	promoter	12
ENSG00000147789	ZNF7	promoter	6
ENSG00000187792	ZNF70	promoter	6
ENSG00000196757	ZNF700	promoter	1
ENSG00000167562	ZNF701	promoter	6
ENSG00000183779	ZNF703	promoter	6
ENSG00000164684	ZNF704	promoter	6
ENSG00000196946	ZNF705A	promoter	6
ENSG00000120963	ZNF706	promoter	6
ENSG00000181135	ZNF707	promoter	6
ENSG00000182141	ZNF708	promoter	6
ENSG00000242852	ZNF709	promoter	1
ENSG00000197951	ZNF71	promoter	6
ENSG00000140548	ZNF710	promoter	6
ENSG00000147180	ZNF711	promoter	6
ENSG00000178665	ZNF713	promoter	6
ENSG00000160352	ZNF714	promoter	6
ENSG00000182111	ZNF716	promoter	6
ENSG00000227124	ZNF717	promoter	6
ENSG00000250312	ZNF718	promoter	6
ENSG00000197302	ZNF720	promoter	6
ENSG00000182903	ZNF721	promoter	12
ENSG00000213967	ZNF726	promoter	6
ENSG00000214652	ZNF727	promoter	6
ENSG00000196350	ZNF729	promoter	6
ENSG00000183850	ZNF730	promoter	6
ENSG00000186777	ZNF732	promoter	6
ENSG00000223614	ZNF735	promoter	6
ENSG00000234444	ZNF736	promoter	12
ENSG00000237440	ZNF737	promoter	6
ENSG00000185252	ZNF74	promoter	6
ENSG00000139651	ZNF740	promoter	6
ENSG00000181220	ZNF746	promoter	6
ENSG00000169955	ZNF747	promoter	1
ENSG00000186230	ZNF749	promoter	6
ENSG00000141579	ZNF750	promoter	6
ENSG00000162086	ZNF75A	promoter	6
ENSG00000186376	ZNF75D	promoter	6
ENSG00000065029	ZNF76	promoter	6
ENSG00000160336	ZNF761	promoter	6
ENSG00000197054	ZNF763	promoter	1
ENSG00000169951	ZNF764	promoter	6
ENSG00000196417	ZNF765	promoter	12
ENSG00000196214	ZNF766	promoter	6
ENSG00000169957	ZNF768	promoter	7
ENSG00000175691	ZNF77	promoter	6
ENSG00000198146	ZNF770	promoter	6
ENSG00000179965	ZNF771	promoter	6
ENSG00000197128	ZNF772	promoter	6
ENSG00000152439	ZNF773	promoter	6
ENSG00000196391	ZNF774	promoter	6
ENSG00000196456	ZNF775	promoter	6
ENSG00000152443	ZNF776	promoter	6
ENSG00000196453	ZNF777	promoter	6
ENSG00000170100	ZNF778	promoter	6
ENSG00000197782	ZNF780A	promoter	6
ENSG00000128000	ZNF780B	promoter	6
ENSG00000290988	ZNF781	promoter	6
ENSG00000196597	ZNF782	promoter	6
ENSG00000204946	ZNF783	promoter	6
ENSG00000179922	ZNF784	promoter	6
ENSG00000197162	ZNF785	promoter	6
ENSG00000197362	ZNF786	promoter	6
ENSG00000142409	ZNF787	promoter	6
ENSG00000198556	ZNF789	promoter	6
ENSG00000196152	ZNF79	promoter	6
ENSG00000197863	ZNF790	promoter	12
ENSG00000173875	ZNF791	promoter	6
ENSG00000180884	ZNF792	promoter	6
ENSG00000188227	ZNF793	promoter	6
ENSG00000196466	ZNF799	promoter	6
ENSG00000278129	ZNF8	promoter	6
ENSG00000174255	ZNF80	promoter	6
ENSG00000048405	ZNF800	promoter	6
ENSG00000170396	ZNF804A	promoter	6
ENSG00000182348	ZNF804B	promoter	6
ENSG00000204524	ZNF805	promoter	6
ENSG00000198482	ZNF808	promoter	6
ENSG00000197779	ZNF81	promoter	6
ENSG00000198346	ZNF813	promoter	6
ENSG00000204514	ZNF814	promoter	6
ENSG00000180257	ZNF816	promoter	12
ENSG00000102984	ZNF821	promoter	6
ENSG00000197933	ZNF823	promoter	6
ENSG00000151612	ZNF827	promoter	6
ENSG00000185869	ZNF829	promoter	6
ENSG00000167766	ZNF83	promoter	18
ENSG00000198783	ZNF830	promoter	6
ENSG00000124203	ZNF831	promoter	6
ENSG00000127903	ZNF835	promoter	6
ENSG00000196267	ZNF836	promoter	6
ENSG00000152475	ZNF837	promoter	6
ENSG00000022976	ZNF839	promoter	6
ENSG00000198040	ZNF84	promoter	6
ENSG00000197608	ZNF841	promoter	6
ENSG00000176723	ZNF843	promoter	6
ENSG00000223547	ZNF844	promoter	6
ENSG00000213799	ZNF845	promoter	6
ENSG00000196605	ZNF846	promoter	6
ENSG00000105750	ZNF85	promoter	6
ENSG00000267041	ZNF850	promoter	6
ENSG00000178917	ZNF852	promoter	6
ENSG00000236609	ZNF853	promoter	12
ENSG00000197385	ZNF860	promoter	6
ENSG00000106479	ZNF862	promoter	6
ENSG00000261221	ZNF865	promoter	6
ENSG00000257446	ZNF878	promoter	6
ENSG00000234284	ZNF879	promoter	6
ENSG00000221923	ZNF880	promoter	6
ENSG00000228623	ZNF883	promoter	6
ENSG00000213793	ZNF888	promoter	12
ENSG00000214029	ZNF891	promoter	6
ENSG00000213988	ZNF90	promoter	6
ENSG00000167232	ZNF91	promoter	6
ENSG00000146757	ZNF92	promoter	6
ENSG00000184635	ZNF93	promoter	6
ENSG00000197360	ZNF98	promoter	6
ENSG00000213973	ZNF99	promoter	6
ENSG00000124201	ZNFX1	promoter	6
ENSG00000152467	ZSCAN1	promoter	6
ENSG00000130182	ZSCAN10	promoter	6
ENSG00000158691	ZSCAN12	promoter	6
ENSG00000196812	ZSCAN16	promoter	6
ENSG00000121413	ZSCAN18	promoter	12
ENSG00000176371	ZSCAN2	promoter	6
ENSG00000121903	ZSCAN20	promoter	6
ENSG00000166529	ZSCAN21	promoter	6
ENSG00000182318	ZSCAN22	promoter	6
ENSG00000187987	ZSCAN23	promoter	6
ENSG00000197037	ZSCAN25	promoter	6
ENSG00000197062	ZSCAN26	promoter	6
ENSG00000140265	ZSCAN29	promoter	6
ENSG00000186814	ZSCAN30	promoter	6
ENSG00000235109	ZSCAN31	promoter	12
ENSG00000140987	ZSCAN32	promoter	6
ENSG00000131848	ZSCAN5A	promoter	12
ENSG00000197213	ZSCAN5B	promoter	12
ENSG00000137185	ZSCAN9	promoter	6
ENSG00000153975	ZUFSP	promoter	6
ENSG00000198205	ZXDA	promoter	6
ENSG00000198455	ZXDB	promoter	6
ENSG00000070476	ZXDC	promoter	6
ENSG00000036549	ZZZ3	promoter	6
