,n_cells_crispr,n_cells_hon,delta,abs_delta,jaccard,intersection,union
AFF4#chr5:132963540-132963558(+),105,68,37,37,0.6320754716981132,67,106
AFF4#chr5:132963567-132963585(+),320,143,177,177,0.42901234567901236,139,324
AFF4#chr5:132963570-132963588(+),154,154,0,0,0.9870967741935484,153,155
AFF4#chr5:132963573-132963591(+),89,84,5,5,0.9438202247191011,84,89
AFF4#chr5:132963579-132963597(-),75,70,5,5,0.9333333333333333,70,75
AFF4#chr5:132963620-132963638(+),84,81,3,3,0.9411764705882353,80,85
ARID1A#chr1:26696017-26696035(-),49,44,5,5,0.8979591836734694,44,49
ARID1A#chr1:26696019-26696037(+),67,59,8,8,0.8805970149253731,59,67
ARID1A#chr1:26696034-26696052(+),30,27,3,3,0.9,27,30
ARID1A#chr1:26696089-26696107(-),70,59,11,11,0.8428571428571429,59,70
ARID1A#chr1:26696255-26696273(+),48,46,2,2,0.9583333333333334,46,48
ARID1A#chr1:26696464-26696482(-),83,75,8,8,0.9036144578313253,75,83
ARID1B#chr6:156777663-156777681(+),84,79,5,5,0.9404761904761905,79,84
ARID1B#chr6:156777673-156777691(-),90,87,3,3,0.9666666666666667,87,90
ARID1B#chr6:156777838-156777856(+),60,54,6,6,0.9,54,60
ARID1B#chr6:156777964-156777982(+),63,60,3,3,0.9523809523809523,60,63
ARID1B#chr6:156777978-156777996(+),35,34,1,1,0.9166666666666666,33,36
ARID1B#chr6:156777991-156778009(+),69,63,6,6,0.9130434782608695,63,69
ARID1B#chr6:156779041-156779059(-),105,101,4,4,0.9619047619047619,101,105
ARID1B#chr6:156779148-156779166(+),78,61,17,17,0.759493670886076,60,79
ARID1B#chr6:156779151-156779169(+),81,74,7,7,0.9135802469135802,74,81
ARID1B#chr6:156779179-156779197(-),59,55,4,4,0.9322033898305084,55,59
ARID1B#chr6:156779185-156779203(-),108,85,23,23,0.7545454545454545,83,110
ARID1B#chr6:156779212-156779230(+),53,49,4,4,0.9245283018867925,49,53
ARNT#chr1:150876336-150876354(-),2,1,1,1,0.5,1,2
ARNT#chr1:150876496-150876514(-),93,87,6,6,0.9354838709677419,87,93
ARNT#chr1:150876534-150876552(-),94,93,1,1,0.9893617021276596,93,94
ARNT#chr1:150876540-150876558(-),94,90,4,4,0.9574468085106383,90,94
ARNT#chr1:150876545-150876563(-),102,97,5,5,0.9509803921568627,97,102
ARNT#chr1:150876694-150876712(+),64,58,6,6,0.90625,58,64
BATF#chr14:75522489-75522507(-),4,3,1,1,0.75,3,4
BATF#chr14:75522501-75522519(+),47,45,2,2,0.9574468085106383,45,47
BATF#chr14:75522513-75522531(+),75,73,2,2,0.9733333333333334,73,75
BATF#chr14:75522520-75522538(+),54,50,4,4,0.9259259259259259,50,54
BATF#chr14:75522535-75522553(+),49,47,2,2,0.9591836734693877,47,49
BATF#chr14:75522554-75522572(+),55,52,3,3,0.9454545454545454,52,55
BMAL1#chr11:13277791-13277809(+),59,58,1,1,0.9830508474576272,58,59
BMAL1#chr11:13277812-13277830(+),65,63,2,2,0.9692307692307692,63,65
BMAL1#chr11:13277815-13277833(+),9,9,0,0,1.0,9,9
BMAL1#chr11:13277842-13277860(-),96,71,25,25,0.67,67,100
BMAL1#chr11:13277874-13277892(-),88,83,5,5,0.9431818181818182,83,88
BMAL1#chr11:13277877-13277895(-),61,59,2,2,0.9672131147540983,59,61
CD151#strong,432,448,-16,16,0.9340659340659341,425,455
CD151#weak,604,612,-8,8,0.9029733959311425,577,639
CD55#strong,473,492,-19,19,0.9494949494949495,470,495
CD81#strong,602,622,-20,20,0.9367088607594937,592,632
CD81#weak,669,694,-25,25,0.9388335704125178,660,703
CLOCK#chr4:55546719-55546737(+),63,59,4,4,0.9365079365079365,59,63
CLOCK#chr4:55546763-55546781(+),7,5,2,2,0.7142857142857143,5,7
CLOCK#chr4:55546775-55546793(+),46,43,3,3,0.9347826086956522,43,46
CLOCK#chr4:55546778-55546796(+),87,81,6,6,0.9090909090909091,80,88
CLOCK#chr4:55546809-55546827(-),38,35,3,3,0.9210526315789473,35,38
CLOCK#chr4:55546817-55546835(-),35,32,3,3,0.9142857142857143,32,35
CREBBP#chr16:3880184-3880202(-),58,55,3,3,0.9482758620689655,55,58
CREBBP#chr16:3880190-3880208(+),104,102,2,2,0.9433962264150944,100,106
CREBBP#chr16:3880623-3880641(+),19,14,5,5,0.7368421052631579,14,19
CREBBP#chr16:3880650-3880668(-),52,47,5,5,0.9038461538461539,47,52
CREBBP#chr16:3880656-3880674(+),32,27,5,5,0.84375,27,32
CREBBP#chr16:3880675-3880693(+),67,64,3,3,0.9552238805970149,64,67
CTNNB1#chr3:41199511-41199529(-),53,47,6,6,0.8867924528301887,47,53
CTNNB1#chr3:41199513-41199531(+),53,53,0,0,1.0,53,53
CTNNB1#chr3:41199530-41199548(+),65,62,3,3,0.9538461538461539,62,65
CTNNB1#chr3:41199540-41199558(+),0,0,0,0,0.0,0,0
CTNNB1#chr3:41199687-41199705(-),62,57,5,5,0.9193548387096774,57,62
CTNNB1#chr3:41199692-41199710(-),66,65,1,1,0.9552238805970149,64,67
EED#chr11:86244776-86244794(+),60,56,4,4,0.9333333333333333,56,60
EED#chr11:86244781-86244799(+),52,50,2,2,0.9615384615384616,50,52
EED#chr11:86244792-86244810(+),60,58,2,2,0.9344262295081968,57,61
EED#chr11:86244814-86244832(+),78,71,7,7,0.9102564102564102,71,78
EED#chr11:86244821-86244839(+),37,34,3,3,0.918918918918919,34,37
EED#chr11:86245196-86245214(+),27,25,2,2,0.9259259259259259,25,27
EP300#chr22:41091729-41091747(-),49,45,4,4,0.9183673469387755,45,49
EP300#chr22:41091732-41091750(+),45,40,5,5,0.8888888888888888,40,45
EP300#chr22:41091738-41091756(+),38,34,4,4,0.8947368421052632,34,38
EP300#chr22:41091822-41091840(+),40,40,0,0,1.0,40,40
EP300#chr22:41091897-41091915(+),51,47,4,4,0.9215686274509803,47,51
EP300#chr22:41092885-41092903(-),60,52,8,8,0.8360655737704918,51,61
ESRRB#chr14:76407528-76407546(-),83,78,5,5,0.9166666666666666,77,84
ESRRB#chr14:76407545-76407563(+),75,71,4,4,0.9466666666666667,71,75
ESRRB#chr14:76407585-76407603(+),128,126,2,2,0.9689922480620154,125,129
ESRRB#chr14:76407595-76407613(+),83,82,1,1,0.9879518072289156,82,83
ESRRB#chr14:76407702-76407720(+),63,56,7,7,0.8888888888888888,56,63
ESRRB#chr14:76407814-76407832(-),95,93,2,2,0.9583333333333334,92,96
EZH2#chr7:148883770-148883788(+),110,108,2,2,0.9818181818181818,108,110
EZH2#chr7:148883814-148883832(-),34,31,3,3,0.9117647058823529,31,34
EZH2#chr7:148884043-148884061(+),35,32,3,3,0.9142857142857143,32,35
EZH2#chr7:148884246-148884264(+),34,32,2,2,0.9411764705882353,32,34
EZH2#chr7:148884256-148884274(-),29,27,2,2,0.9310344827586207,27,29
EZH2#chr7:148884274-148884292(+),34,34,0,0,1.0,34,34
HDAC1#chr1:32292127-32292145(+),100,90,10,10,0.8627450980392157,88,102
HDAC1#chr1:32292131-32292149(+),159,58,101,101,0.35625,57,160
HDAC1#chr1:32292165-32292183(+),62,58,4,4,0.9354838709677419,58,62
HDAC1#chr1:32292175-32292193(+),50,46,4,4,0.92,46,50
HDAC1#chr1:32292504-32292522(+),15,14,1,1,0.9333333333333333,14,15
HDAC1#chr1:32292593-32292611(-),34,32,2,2,0.9411764705882353,32,34
HIF1A#chr14:61695519-61695537(+),109,108,1,1,0.9203539823008849,104,113
HIF1A#chr14:61695524-61695542(+),43,38,5,5,0.8837209302325582,38,43
HIF1A#chr14:61695530-61695548(-),96,91,5,5,0.9479166666666666,91,96
HIF1A#chr14:61695556-61695574(-),92,88,4,4,0.9565217391304348,88,92
HIF1A#chr14:61695592-61695610(-),89,85,4,4,0.9550561797752809,85,89
HIF1A#chr14:61695605-61695623(-),112,110,2,2,0.9646017699115044,109,113
HMGA2#chr12:65825064-65825082(-),74,70,4,4,0.9459459459459459,70,74
HMGA2#chr12:65825073-65825091(+),76,75,1,1,0.9868421052631579,75,76
HMGA2#chr12:65825083-65825101(-),67,65,2,2,0.9701492537313433,65,67
HMGA2#chr12:65825085-65825103(+),70,41,29,29,0.5633802816901409,40,71
HMGA2#chr12:65825182-65825200(-),92,89,3,3,0.967391304347826,89,92
HMGA2#chr12:65825304-65825322(-),49,47,2,2,0.9591836734693877,47,49
JARID2#chr6:15245952-15245970(+),69,68,1,1,0.9855072463768116,68,69
JARID2#chr6:15246019-15246037(+),27,23,4,4,0.8518518518518519,23,27
JARID2#chr6:15246032-15246050(-),21,15,6,6,0.7142857142857143,15,21
JARID2#chr6:15246061-15246079(-),17,14,3,3,0.8235294117647058,14,17
JARID2#chr6:15246064-15246082(-),27,27,0,0,1.0,27,27
JARID2#chr6:15246067-15246085(-),44,40,4,4,0.9090909090909091,40,44
KLF4#chr9:107488190-107488208(+),44,43,1,1,0.9772727272727273,43,44
KLF4#chr9:107488210-107488228(+),64,59,5,5,0.921875,59,64
KLF4#chr9:107488351-107488369(+),95,88,7,7,0.8484848484848485,84,99
KLF4#chr9:107488357-107488375(+),52,49,3,3,0.9423076923076923,49,52
KLF4#chr9:107488385-107488403(+),7,4,3,3,0.5714285714285714,4,7
KLF4#chr9:107488431-107488449(-),86,85,1,1,0.9883720930232558,85,86
KLF4#chr9:107489474-107489492(+),65,63,2,2,0.9692307692307692,63,65
KLF4#chr9:107489546-107489564(+),50,46,4,4,0.92,46,50
KLF4#chr9:107489550-107489568(+),39,35,4,4,0.8974358974358975,35,39
KLF4#chr9:107489553-107489571(+),44,43,1,1,0.9333333333333333,42,45
KLF4#chr9:107489735-107489753(-),40,38,2,2,0.95,38,40
KLF4#chr9:107489750-107489768(+),37,33,4,4,0.8918918918918919,33,37
KLF6#chr10:3784753-3784771(+),59,58,1,1,0.9830508474576272,58,59
KLF6#chr10:3784756-3784774(+),50,46,4,4,0.92,46,50
KLF6#chr10:3784794-3784812(-),235,87,148,148,0.3644067796610169,86,236
KLF6#chr10:3784918-3784936(+),91,84,7,7,0.9021739130434783,83,92
KLF6#chr10:3784955-3784973(+),58,54,4,4,0.8983050847457628,53,59
KLF6#chr10:3784981-3784999(+),93,89,4,4,0.956989247311828,89,93
LEF1#chr4:108165900-108165918(-),351,80,271,271,0.2175141242937853,77,354
LEF1#chr4:108166028-108166046(+),76,70,6,6,0.9210526315789473,70,76
LEF1#chr4:108166189-108166207(+),64,61,3,3,0.953125,61,64
LEF1#chr4:108166254-108166272(-),83,78,5,5,0.9397590361445783,78,83
LEF1#chr4:108166263-108166281(+),89,88,1,1,0.945054945054945,86,91
LEF1#chr4:108166273-108166291(+),75,72,3,3,0.96,72,75
LEF1#chr4:108168675-108168693(-),64,58,6,6,0.8769230769230769,57,65
LEF1#chr4:108168679-108168697(-),46,44,2,2,0.9565217391304348,44,46
LEF1#chr4:108168727-108168745(-),49,47,2,2,0.9591836734693877,47,49
LEF1#chr4:108168777-108168795(-),63,59,4,4,0.9365079365079365,59,63
LEF1#chr4:108168834-108168852(+),53,50,3,3,0.9433962264150944,50,53
LEF1#chr4:108168846-108168864(-),2,2,0,0,1.0,2,2
MYC#chr8:127735559-127735577(-),98,52,46,46,0.5151515151515151,51,99
MYC#chr8:127735640-127735658(-),36,29,7,7,0.8055555555555556,29,36
MYC#chr8:127736042-127736060(+),34,29,5,5,0.8529411764705882,29,34
MYC#chr8:127736243-127736261(+),20,16,4,4,0.8,16,20
MYC#chr8:127736323-127736341(+),41,37,4,4,0.9024390243902439,37,41
MYC#chr8:127736682-127736700(+),105,99,6,6,0.8888888888888888,96,108
NANOG#chr12:7789786-7789804(-),2,1,1,1,0.5,1,2
NANOG#chr12:7789847-7789865(-),3,2,1,1,0.6666666666666666,2,3
NANOG#chr12:7789867-7789885(-),62,56,6,6,0.9032258064516129,56,62
NANOG#chr12:7789883-7789901(+),4,3,1,1,0.75,3,4
NANOG#chr12:7789901-7789919(-),2,2,0,0,1.0,2,2
NANOG#chr12:7789912-7789930(+),59,50,9,9,0.847457627118644,50,59
NFIB#chr9:14314037-14314055(+),62,57,5,5,0.9193548387096774,57,62
NFIB#chr9:14314053-14314071(+),34,26,8,8,0.7647058823529411,26,34
NFIB#chr9:14314353-14314371(+),71,62,9,9,0.8732394366197183,62,71
NFIB#chr9:14314558-14314576(-),64,64,0,0,1.0,64,64
NFIB#chr9:14314564-14314582(-),9,9,0,0,1.0,9,9
NFIB#chr9:14314567-14314585(-),58,56,2,2,0.9655172413793104,56,58
NGFRAP1#A,454,453,1,1,0.9339019189765458,438,469
NGFRAP1#B,480,490,-10,10,0.9595959595959596,475,495
OR10J3#chr1:159314202-159314220(+),78,69,9,9,0.8846153846153846,69,78
OR10J3#chr1:159314450-159314468(+),82,80,2,2,0.9518072289156626,79,83
OR10J3#chr1:159314543-159314561(+),74,70,4,4,0.9459459459459459,70,74
OR10J3#chr1:159314586-159314604(+),106,101,5,5,0.9528301886792453,101,106
OR10J3#chr1:159314622-159314640(+),64,59,5,5,0.921875,59,64
OR10J3#chr1:159314635-159314653(+),65,56,9,9,0.8615384615384616,56,65
OR2A25#chr7:144074196-144074214(+),86,80,6,6,0.9080459770114943,79,87
OR2A25#chr7:144074203-144074221(+),79,76,3,3,0.9620253164556962,76,79
OR2A25#chr7:144074317-144074335(+),113,113,0,0,0.9824561403508771,112,114
OR2A25#chr7:144074335-144074353(+),55,51,4,4,0.9272727272727272,51,55
OR2A25#chr7:144074434-144074452(-),68,59,9,9,0.8676470588235294,59,68
OR2A25#chr7:144074604-144074622(-),57,51,6,6,0.8947368421052632,51,57
OR2AG2#chr11:6768838-6768856(+),114,83,31,31,0.6982758620689655,81,116
OR2AG2#chr11:6768913-6768931(-),90,84,6,6,0.9333333333333333,84,90
OR2AG2#chr11:6768936-6768954(-),69,57,12,12,0.8260869565217391,57,69
OR2AG2#chr11:6768980-6768998(+),100,97,3,3,0.9504950495049505,96,101
OR2AG2#chr11:6769013-6769031(+),54,49,5,5,0.9074074074074074,49,54
OR2AG2#chr11:6769024-6769042(+),84,76,8,8,0.9047619047619048,76,84
OR2D3#chr11:6921017-6921035(+),93,89,4,4,0.9361702127659575,88,94
OR2D3#chr11:6921025-6921043(-),82,73,9,9,0.8902439024390244,73,82
OR2D3#chr11:6921033-6921051(+),84,78,6,6,0.9285714285714286,78,84
OR2D3#chr11:6921067-6921085(-),79,77,2,2,0.9746835443037974,77,79
OR2D3#chr11:6921094-6921112(-),98,97,1,1,0.95,95,100
OR2D3#chr11:6921202-6921220(-),71,69,2,2,0.971830985915493,69,71
OR2F1#chr7:143959941-143959959(-),73,71,2,2,0.9459459459459459,70,74
OR2F1#chr7:143960013-143960031(+),78,74,4,4,0.9487179487179487,74,78
OR2F1#chr7:143960021-143960039(-),87,87,0,0,0.9550561797752809,85,89
OR2F1#chr7:143960051-143960069(-),92,79,13,13,0.8191489361702128,77,94
OR2F1#chr7:143960194-143960212(-),67,63,4,4,0.9402985074626866,63,67
OR2F1#chr7:143960359-143960377(-),71,69,2,2,0.971830985915493,69,71
OR4D6#chr11:59456915-59456933(+),70,68,2,2,0.9714285714285714,68,70
OR4D6#chr11:59456921-59456939(+),63,55,8,8,0.873015873015873,55,63
OR4D6#chr11:59456943-59456961(+),111,106,5,5,0.9375,105,112
OR4D6#chr11:59456958-59456976(-),120,78,42,42,0.6363636363636364,77,121
OR4D6#chr11:59456969-59456987(-),73,72,1,1,0.9594594594594594,71,74
OR4D6#chr11:59457005-59457023(-),49,46,3,3,0.9387755102040817,46,49
OR4X1#chr11:48263880-48263898(+),57,51,6,6,0.8947368421052632,51,57
OR4X1#chr11:48263953-48263971(-),76,66,10,10,0.868421052631579,66,76
OR4X1#chr11:48264090-48264108(-),64,58,6,6,0.90625,58,64
OR4X1#chr11:48264242-48264260(-),107,104,3,3,0.9537037037037037,103,108
OR4X1#chr11:48264281-48264299(+),41,35,6,6,0.8536585365853658,35,41
OR4X1#chr11:48264286-48264304(-),107,108,-1,1,0.9907407407407407,107,108
OR6A2#chr11:6795688-6795706(-),80,59,21,21,0.7160493827160493,58,81
OR6A2#chr11:6795708-6795726(-),73,71,2,2,0.9726027397260274,71,73
OR6A2#chr11:6795743-6795761(+),86,81,5,5,0.9195402298850575,80,87
OR6A2#chr11:6795776-6795794(+),84,79,5,5,0.9176470588235294,78,85
OR6A2#chr11:6795803-6795821(+),83,80,3,3,0.963855421686747,80,83
OR6A2#chr11:6795869-6795887(+),67,60,7,7,0.8955223880597015,60,67
OR6T1#chr11:123943393-123943411(+),72,69,3,3,0.9583333333333334,69,72
OR6T1#chr11:123943516-123943534(+),37,34,3,3,0.918918918918919,34,37
OR6T1#chr11:123943618-123943636(+),58,58,0,0,1.0,58,58
OR6T1#chr11:123943755-123943773(+),160,88,72,72,0.5214723926380368,85,163
OR6T1#chr11:123943767-123943785(+),64,61,3,3,0.953125,61,64
OR6T1#chr11:123943817-123943835(-),45,43,2,2,0.9555555555555556,43,45
PAX5#chr9:37033984-37034002(-),7,6,1,1,0.8571428571428571,6,7
PAX5#chr9:37034365-37034383(+),67,65,2,2,0.9701492537313433,65,67
PAX5#chr9:37034369-37034387(+),21,19,2,2,0.9047619047619048,19,21
PAX5#chr9:37034422-37034440(-),110,90,20,20,0.8018018018018018,89,111
PAX5#chr9:37034436-37034454(+),74,47,27,27,0.6351351351351351,47,74
PAX5#chr9:37034446-37034464(-),51,41,10,10,0.7692307692307693,40,52
POU5F1#chr6:31170169-31170187(-),0,0,0,0,0.0,0,0
POU5F1#chr6:31170199-31170217(-),2,1,1,1,0.5,1,2
POU5F1#chr6:31170203-31170221(+),26,26,0,0,1.0,26,26
POU5F1#chr6:31170652-31170670(-),106,103,3,3,0.9351851851851852,101,108
POU5F1#chr6:31170702-31170720(-),0,0,0,0,0.0,0,0
POU5F1#chr6:31180431-31180449(-),54,52,2,2,0.9629629629629629,52,54
POU5F1#chr6:31180445-31180463(+),41,39,2,2,0.9512195121951219,39,41
POU5F1#chr6:31180648-31180666(+),80,73,7,7,0.9125,73,80
POU5F1#chr6:31180664-31180682(+),55,53,2,2,0.9636363636363636,53,55
POU5F1#chr6:31180667-31180685(+),56,52,4,4,0.9285714285714286,52,56
POU5F1#chr6:31180692-31180710(-),78,63,15,15,0.7407407407407407,60,81
REST#chr4:56907913-56907931(+),87,85,2,2,0.9545454545454546,84,88
REST#chr4:56907930-56907948(+),72,69,3,3,0.9315068493150684,68,73
REST#chr4:56907941-56907959(-),53,46,7,7,0.8679245283018868,46,53
REST#chr4:56908123-56908141(-),11,11,0,0,1.0,11,11
REST#chr4:56908162-56908180(+),81,79,2,2,0.9512195121951219,78,82
REST#chr4:56908287-56908305(+),30,30,0,0,1.0,30,30
REST#chr4:56908921-56908939(+),126,106,20,20,0.8125,104,128
REST#chr4:56908955-56908973(+),50,49,1,1,0.98,49,50
REST#chr4:56908960-56908978(-),68,66,2,2,0.9705882352941176,66,68
REST#chr4:56908979-56908997(+),62,57,5,5,0.9193548387096774,57,62
REST#chr4:56908984-56909002(-),110,90,20,20,0.8018018018018018,89,111
REST#chr4:56909347-56909365(-),96,88,8,8,0.8775510204081632,86,98
RUNX1#chr21:35048840-35048858(+),90,89,1,1,0.9888888888888889,89,90
RUNX1#chr21:35048844-35048862(-),96,89,7,7,0.9270833333333334,89,96
RUNX1#chr21:35048923-35048941(-),86,85,1,1,0.9655172413793104,84,87
RUNX1#chr21:35049003-35049021(-),52,42,10,10,0.8076923076923077,42,52
RUNX1#chr21:35049033-35049051(-),52,51,1,1,0.9807692307692307,51,52
RUNX1#chr21:35049166-35049184(+),85,73,12,12,0.8588235294117647,73,85
SALL4#chr20:51801947-51801965(+),20,20,0,0,1.0,20,20
SALL4#chr20:51801991-51802009(+),6,6,0,0,1.0,6,6
SALL4#chr20:51802001-51802019(+),23,17,6,6,0.7391304347826086,17,23
SALL4#chr20:51802216-51802234(-),15,15,0,0,1.0,15,15
SALL4#chr20:51802403-51802421(+),11,10,1,1,0.9090909090909091,10,11
SALL4#chr20:51802458-51802476(-),9,9,0,0,1.0,9,9
SMAD3#chr15:67065846-67065864(-),83,71,12,12,0.8333333333333334,70,84
SMAD3#chr15:67065895-67065913(-),63,62,1,1,0.953125,61,64
SMAD3#chr15:67065899-67065917(-),74,67,7,7,0.9054054054054054,67,74
SMAD3#chr15:67065923-67065941(-),71,67,4,4,0.9436619718309859,67,71
SMAD3#chr15:67065928-67065946(-),80,78,2,2,0.975,78,80
SMAD3#chr15:67066195-67066213(+),5,4,1,1,0.8,4,5
SMAD4#chr18:51030218-51030236(+),96,88,8,8,0.8969072164948454,87,97
SMAD4#chr18:51030257-51030275(-),122,109,13,13,0.8629032258064516,107,124
SMAD4#chr18:51030262-51030280(+),226,183,43,43,0.7705627705627706,178,231
SMAD4#chr18:51030267-51030285(+),65,62,3,3,0.9538461538461539,62,65
SMAD4#chr18:51030318-51030336(-),4,3,1,1,0.75,3,4
SMAD4#chr18:51030678-51030696(-),77,70,7,7,0.9090909090909091,70,77
SMARCA2#chr9:2015338-2015356(-),71,67,4,4,0.9436619718309859,67,71
SMARCA2#chr9:2015348-2015366(+),60,58,2,2,0.9666666666666667,58,60
SMARCA2#chr9:2015385-2015403(-),45,39,6,6,0.8666666666666667,39,45
SMARCA2#chr9:2015442-2015460(-),52,50,2,2,0.9615384615384616,50,52
SMARCA2#chr9:2015446-2015464(-),70,64,6,6,0.9142857142857143,64,70
SMARCA2#chr9:2015547-2015565(+),74,70,4,4,0.92,69,75
SMARCA4#chr19:10961045-10961063(+),33,29,4,4,0.8787878787878788,29,33
SMARCA4#chr19:10961052-10961070(-),65,59,6,6,0.9076923076923077,59,65
SMARCA4#chr19:10961138-10961156(+),47,47,0,0,1.0,47,47
SMARCA4#chr19:10961495-10961513(-),43,41,2,2,0.9534883720930233,41,43
SMARCA4#chr19:10961500-10961518(+),33,32,1,1,0.9696969696969697,32,33
SMARCA4#chr19:10961507-10961525(-),22,18,4,4,0.8181818181818182,18,22
SMARCB1#chr22:23786987-23787005(+),94,90,4,4,0.9368421052631579,89,95
SMARCB1#chr22:23786990-23787008(+),57,53,4,4,0.9298245614035088,53,57
SMARCB1#chr22:23786994-23787012(-),94,88,6,6,0.8958333333333334,86,96
SMARCB1#chr22:23787031-23787049(+),2,2,0,0,1.0,2,2
SMARCB1#chr22:23787045-23787063(-),60,53,7,7,0.8833333333333333,53,60
SMARCB1#chr22:23787375-23787393(+),82,80,2,2,0.9518072289156626,79,83
SMARCB1#chr22:23791770-23791788(-),67,62,5,5,0.9253731343283582,62,67
SMARCB1#chr22:23791773-23791791(-),71,70,1,1,0.9859154929577465,70,71
SMARCB1#chr22:23791794-23791812(+),73,71,2,2,0.9726027397260274,71,73
SMARCB1#chr22:23791797-23791815(+),65,57,8,8,0.7941176470588235,54,68
SMARCB1#chr22:23791807-23791825(-),51,49,2,2,0.9607843137254902,49,51
SMARCB1#chr22:23791813-23791831(+),44,39,5,5,0.8863636363636364,39,44
SMARCC1#chr3:47781383-47781401(+),31,27,4,4,0.8709677419354839,27,31
SMARCC1#chr3:47781489-47781507(-),81,77,4,4,0.9506172839506173,77,81
SMARCC1#chr3:47781809-47781827(-),17,16,1,1,0.9411764705882353,16,17
SMARCC1#chr3:47781830-47781848(-),3,2,1,1,0.6666666666666666,2,3
SMARCC1#chr3:47781840-47781858(-),44,38,6,6,0.8636363636363636,38,44
SMARCC1#chr3:47781854-47781872(-),53,51,2,2,0.9259259259259259,50,54
SMARCC2#chr12:56189298-56189316(-),37,34,3,3,0.918918918918919,34,37
SMARCC2#chr12:56189382-56189400(+),56,55,1,1,0.9821428571428571,55,56
SMARCC2#chr12:56189439-56189457(-),50,45,5,5,0.9,45,50
SMARCC2#chr12:56189442-56189460(-),54,53,1,1,0.9814814814814815,53,54
SMARCC2#chr12:56189458-56189476(-),40,36,4,4,0.9,36,40
SMARCC2#chr12:56189461-56189479(-),80,69,11,11,0.8625,69,80
SMARCD1#chr12:50085236-50085254(-),45,43,2,2,0.9555555555555556,43,45
SMARCD1#chr12:50085258-50085276(-),62,61,1,1,0.9838709677419355,61,62
SMARCD1#chr12:50085411-50085429(+),6,6,0,0,1.0,6,6
SMARCD1#chr12:50085594-50085612(+),61,60,1,1,0.9516129032258065,59,62
SMARCD1#chr12:50085598-50085616(+),2,1,1,1,0.5,1,2
SMARCD1#chr12:50085680-50085698(+),70,66,4,4,0.9428571428571428,66,70
SMARCD2#chr17:63842670-63842688(-),82,75,7,7,0.9146341463414634,75,82
SMARCD2#chr17:63842687-63842705(-),147,84,63,63,0.5714285714285714,84,147
SMARCD2#chr17:63842700-63842718(-),70,68,2,2,0.9436619718309859,67,71
SMARCD2#chr17:63842721-63842739(-),85,81,4,4,0.9302325581395349,80,86
SMARCD2#chr17:63842942-63842960(+),65,61,4,4,0.9384615384615385,61,65
SMARCD2#chr17:63842945-63842963(+),109,103,6,6,0.9099099099099099,101,111
SMARCD3#chr7:151248441-151248459(-),49,48,1,1,0.94,47,50
SMARCD3#chr7:151248463-151248481(-),64,61,3,3,0.953125,61,64
SMARCD3#chr7:151248477-151248495(-),54,46,8,8,0.8518518518518519,46,54
SMARCD3#chr7:151248487-151248505(-),70,67,3,3,0.9571428571428572,67,70
SMARCD3#chr7:151248645-151248663(+),35,32,3,3,0.9142857142857143,32,35
SMARCD3#chr7:151248651-151248669(-),133,70,63,63,0.5037037037037037,68,135
SMARCD3#chr7:151276985-151277003(+),16,13,3,3,0.8125,13,16
SMARCD3#chr7:151277033-151277051(+),48,45,3,3,0.9375,45,48
SMARCD3#chr7:151277068-151277086(+),89,86,3,3,0.9662921348314607,86,89
SMARCD3#chr7:151277106-151277124(+),49,45,4,4,0.9183673469387755,45,49
SMARCD3#chr7:151277121-151277139(-),82,78,4,4,0.9512195121951219,78,82
SMARCD3#chr7:151277150-151277168(+),20,16,4,4,0.8,16,20
SOX2#chr3:181711908-181711926(+),10,9,1,1,0.9,9,10
SOX2#chr3:181712018-181712036(-),97,95,2,2,0.979381443298969,95,97
SOX2#chr3:181712126-181712144(+),55,52,3,3,0.9454545454545454,52,55
SOX2#chr3:181712171-181712189(-),63,60,3,3,0.9523809523809523,60,63
SOX2#chr3:181712398-181712416(+),104,95,9,9,0.8952380952380953,94,105
SOX2#chr3:181712421-181712439(+),112,69,43,43,0.6160714285714286,69,112
SUZ12#chr17:31937137-31937155(-),39,35,4,4,0.8974358974358975,35,39
SUZ12#chr17:31937142-31937160(-),8,8,0,0,1.0,8,8
SUZ12#chr17:31937193-31937211(+),42,40,2,2,0.9069767441860465,39,43
SUZ12#chr17:31937204-31937222(+),6,6,0,0,1.0,6,6
SUZ12#chr17:31937316-31937334(+),52,50,2,2,0.8545454545454545,47,55
SUZ12#chr17:31937369-31937387(+),18,15,3,3,0.8333333333333334,15,18
TBX3#chr12:114684146-114684164(-),50,45,5,5,0.9,45,50
TBX3#chr12:114684150-114684168(-),48,44,4,4,0.9166666666666666,44,48
TBX3#chr12:114684156-114684174(-),92,46,46,46,0.4375,42,96
TBX3#chr12:114684163-114684181(+),88,86,2,2,0.9333333333333333,84,90
TBX3#chr12:114684173-114684191(+),48,46,2,2,0.9583333333333334,46,48
TBX3#chr12:114684178-114684196(+),38,38,0,0,0.9,36,40
TCF12#chr15:56918689-56918707(-),118,116,2,2,0.9830508474576272,116,118
TCF12#chr15:56918695-56918713(+),82,75,7,7,0.891566265060241,74,83
TCF12#chr15:56918698-56918716(+),108,101,7,7,0.9,99,110
TCF12#chr15:56918702-56918720(-),68,64,4,4,0.9411764705882353,64,68
TCF12#chr15:56918718-56918736(+),158,139,19,19,0.8679245283018868,138,159
TCF12#chr15:56918970-56918988(-),29,25,4,4,0.8620689655172413,25,29
TCF12#chr15:57219458-57219476(+),87,83,4,4,0.9540229885057471,83,87
TCF12#chr15:57219532-57219550(+),110,106,4,4,0.9636363636363636,106,110
TCF12#chr15:57219540-57219558(-),95,93,2,2,0.9789473684210527,93,95
TCF12#chr15:57219545-57219563(-),82,73,9,9,0.8902439024390244,73,82
TCF12#chr15:57219562-57219580(+),80,75,5,5,0.9375,75,80
TCF12#chr15:57219656-57219674(+),56,52,4,4,0.9285714285714286,52,56
TCF7#chr5:134114699-134114717(-),71,64,7,7,0.9014084507042254,64,71
TCF7#chr5:134114704-134114722(+),105,59,46,46,0.5619047619047619,59,105
TCF7#chr5:134114765-134114783(-),79,71,8,8,0.875,70,80
TCF7#chr5:134114769-134114787(-),61,57,4,4,0.9344262295081968,57,61
TCF7#chr5:134115497-134115515(+),66,58,8,8,0.8787878787878788,58,66
TCF7#chr5:134115500-134115518(+),8,6,2,2,0.75,6,8
TCF7L1#chr2:85133442-85133460(+),250,128,122,122,0.5059760956175299,127,251
TCF7L1#chr2:85133469-85133487(-),121,116,5,5,0.9112903225806451,113,124
TCF7L1#chr2:85133581-85133599(+),111,106,5,5,0.8869565217391304,102,115
TCF7L1#chr2:85133584-85133602(+),73,69,4,4,0.9452054794520548,69,73
TCF7L1#chr2:85133800-85133818(+),52,49,3,3,0.9423076923076923,49,52
TCF7L1#chr2:85133856-85133874(+),57,53,4,4,0.9298245614035088,53,57
TCF7L2#chr10:112950246-112950264(-),220,135,85,85,0.6136363636363636,135,220
TCF7L2#chr10:112950261-112950279(-),90,82,8,8,0.9111111111111111,82,90
TCF7L2#chr10:112950266-112950284(-),22,16,6,6,0.7272727272727273,16,22
TCF7L2#chr10:112950277-112950295(-),125,118,7,7,0.9133858267716536,116,127
TCF7L2#chr10:112950282-112950300(-),110,107,3,3,0.9727272727272728,107,110
TCF7L2#chr10:112950297-112950315(-),97,94,3,3,0.9690721649484536,94,97
TFCP2L1#chr2:121284700-121284718(+),51,47,4,4,0.9215686274509803,47,51
TFCP2L1#chr2:121284793-121284811(-),2,2,0,0,1.0,2,2
TFCP2L1#chr2:121284796-121284814(+),70,70,0,0,0.9178082191780822,67,73
TFCP2L1#chr2:121285117-121285135(+),92,87,5,5,0.9456521739130435,87,92
TFCP2L1#chr2:121285141-121285159(+),56,51,5,5,0.8771929824561403,50,57
TFCP2L1#chr2:121285161-121285179(+),1,1,0,0,1.0,1,1
TFRC#A,645,669,-24,24,0.9524517087667161,641,673
non-targeting_00013,63,61,2,2,0.9375,60,64
non-targeting_00166,59,52,7,7,0.8813559322033898,52,59
non-targeting_00518,72,71,1,1,0.9861111111111112,71,72
non-targeting_00550,66,61,5,5,0.9242424242424242,61,66
non-targeting_00642,109,97,12,12,0.8727272727272727,96,110
non-targeting_00718,76,64,12,12,0.7721518987341772,61,79
non-targeting_00954,92,90,2,2,0.9361702127659575,88,94
non-targeting_01136,66,63,3,3,0.9545454545454546,63,66
non-targeting_01227,73,67,6,6,0.8918918918918919,66,74
non-targeting_01298,88,86,2,2,0.9772727272727273,86,88
non-targeting_01469,93,92,1,1,0.989247311827957,92,93
non-targeting_01498,27,24,3,3,0.8888888888888888,24,27
non-targeting_01779,152,64,88,88,0.42105263157894735,64,152
non-targeting_01967,70,52,18,18,0.7428571428571429,52,70
non-targeting_01981,48,45,3,3,0.9375,45,48
non-targeting_02417,67,66,1,1,0.9850746268656716,66,67
non-targeting_02459,92,82,10,10,0.8709677419354839,81,93
non-targeting_02577,34,32,2,2,0.9411764705882353,32,34
non-targeting_02578,47,44,3,3,0.9361702127659575,44,47
non-targeting_02691,19,18,1,1,0.9473684210526315,18,19
non-targeting_02829,47,45,2,2,0.9574468085106383,45,47
non-targeting_03129,22,20,2,2,0.9090909090909091,20,22
non-targeting_03306,42,40,2,2,0.9523809523809523,40,42
non-targeting_03347,54,49,5,5,0.9074074074074074,49,54
non-targeting_03368,59,58,1,1,0.9830508474576272,58,59
non-targeting_03484,69,67,2,2,0.9710144927536232,67,69
non-targeting_03631,137,56,81,81,0.40875912408759124,56,137
non-targeting_03639,131,108,23,23,0.7969924812030075,106,133
non-targeting_03705,121,92,29,29,0.7603305785123967,92,121
non-targeting_03783,89,45,44,44,0.5056179775280899,45,89
