guide_id	n_tests	n_significant_trans	n_upregulated	n_downregulated	median_log2fc	mean_log2fc	max_abs_log2fc	frac_significant	gene_name	label
AFF4#chr5:132963540-132963558(+)	9396.0	311.0	246.0	65.0	-0.008872198500000001	-0.0024297898293776077	0.986269	0.033099191145168155	AFF4	tf_targeting
AFF4#chr5:132963567-132963585(+)	9396.0	603.0	439.0	164.0	0.00904938575	0.017429580520829716	0.8056837	0.06417624521072797	AFF4	tf_targeting
AFF4#chr5:132963570-132963588(+)	9396.0	1291.0	548.0	743.0	-0.10464537500000001	-0.0706898431483311	1.0257547	0.13739889314601958	AFF4	tf_targeting
AFF4#chr5:132963573-132963591(+)	9396.0	453.0	246.0	207.0	-0.046324028	-0.05170954787637367	1.2542555	0.04821200510855683	AFF4	tf_targeting
AFF4#chr5:132963579-132963597(-)	9396.0	81.0	71.0	10.0	0.0055915805	0.006002554928606428	1.1556307	0.008620689655172414	AFF4	tf_targeting
AFF4#chr5:132963620-132963638(+)	9396.0	249.0	184.0	65.0	0.000891809525	0.002292074733799383	1.0230848	0.026500638569604086	AFF4	tf_targeting
ARID1A#chr1:26696017-26696035(-)	9396.0	40.0	27.0	13.0	-0.0163989525	-0.029101797935161773	2.752091	0.004257130693912303	ARID1A	tf_targeting
ARID1A#chr1:26696019-26696037(+)	9396.0	20.0	17.0	3.0	-0.015346430500000001	-0.02554981937301288	1.30456	0.0021285653469561515	ARID1A	tf_targeting
ARID1A#chr1:26696034-26696052(+)	9396.0	33.0	28.0	5.0	-0.0005041404550000001	-0.009080813636939548	1.9598051	0.00351213282247765	ARID1A	tf_targeting
ARID1A#chr1:26696089-26696107(-)	9396.0	27.0	16.0	11.0	-0.0064686774	-0.019060015731072955	1.4784185	0.0028735632183908046	ARID1A	tf_targeting
ARID1A#chr1:26696255-26696273(+)	9396.0	222.0	132.0	90.0	-0.087498465	-0.08850237252535016	2.529847	0.02362707535121328	ARID1A	tf_targeting
ARID1A#chr1:26696464-26696482(-)	9396.0	138.0	97.0	41.0	-0.0215038465	-0.029387695698176383	1.1466726	0.014687100893997445	ARID1A	tf_targeting
ARID1B#chr6:156777663-156777681(+)	9396.0	22.0	17.0	5.0	0.0018089001	-0.0012510124578697214	0.9678023	0.0023414218816517666	ARID1B	tf_targeting
ARID1B#chr6:156777673-156777691(-)	9396.0	1643.0	473.0	1170.0	-0.107939735	-0.12264281635923968	1.6623074	0.17486164325244785	ARID1B	tf_targeting
ARID1B#chr6:156777838-156777856(+)	9396.0	7.0	5.0	2.0	-0.0109396215	-0.019807360572633458	1.9987751	0.000744997871434653	ARID1B	tf_targeting
ARID1B#chr6:156777964-156777982(+)	9396.0	523.0	350.0	173.0	-0.042230133	-0.025670391493125163	1.1044143	0.05566198382290336	ARID1B	tf_targeting
ARID1B#chr6:156777978-156777996(+)	9396.0	19.0	14.0	5.0	-0.020504713	-0.032854197068517346	2.0855033	0.002022137079608344	ARID1B	tf_targeting
ARID1B#chr6:156777991-156778009(+)	9396.0	204.0	127.0	77.0	-0.020782275	-0.022777652065685078	1.1356875	0.021711366538952746	ARID1B	tf_targeting
ARID1B#chr6:156779041-156779059(-)	9396.0	304.0	165.0	139.0	-0.019729134500000002	-0.01870305131648318	1.0462722	0.032354193273733504	ARID1B	tf_targeting
ARID1B#chr6:156779148-156779166(+)	9396.0	201.0	138.0	63.0	0.01394853525	0.013995354404812685	0.9891808	0.021392081736909322	ARID1B	tf_targeting
ARID1B#chr6:156779151-156779169(+)	9396.0	10.0	9.0	1.0	0.008588213	0.006723624467864303	0.887718	0.0010642826734780758	ARID1B	tf_targeting
ARID1B#chr6:156779179-156779197(-)	9396.0	387.0	168.0	219.0	-0.13245275499999998	-0.13664096721979035	1.5311617	0.04118773946360153	ARID1B	tf_targeting
ARID1B#chr6:156779185-156779203(-)	9396.0	921.0	486.0	435.0	-0.0465233125	-0.03191487685508536	1.0997084	0.09802043422733078	ARID1B	tf_targeting
ARID1B#chr6:156779212-156779230(+)	9396.0	126.0	83.0	43.0	-0.045304531	-0.0537408724916738	1.6761822	0.013409961685823755	ARID1B	tf_targeting
ARNT#chr1:150876336-150876354(-)	9396.0	0.0	0.0	0.0	-0.09043256799999999	-0.04802861665008738	2.1280894	0.0	ARNT	tf_targeting
ARNT#chr1:150876496-150876514(-)	9396.0	356.0	211.0	145.0	-0.083653195	-0.08327714461604492	2.5850644	0.037888463175819495	ARNT	tf_targeting
ARNT#chr1:150876534-150876552(-)	9396.0	70.0	39.0	31.0	0.0102506515	0.009437851169927628	0.9702593	0.00744997871434653	ARNT	tf_targeting
ARNT#chr1:150876540-150876558(-)	9396.0	102.0	70.0	32.0	0.01219784975	0.008995552300546081	1.0986062	0.010855683269476373	ARNT	tf_targeting
ARNT#chr1:150876545-150876563(-)	9396.0	499.0	280.0	219.0	-0.0449482135	-0.04215556780304694	1.23883	0.05310770540655598	ARNT	tf_targeting
ARNT#chr1:150876694-150876712(+)	9396.0	20.0	11.0	9.0	0.0073462655	0.0031188206411501707	1.2150803	0.0021285653469561515	ARNT	tf_targeting
BATF#chr14:75522489-75522507(-)	9397.0	3.0	3.0	0.0	-0.05833722	-0.07072231888589794	1.9181079	0.00031925082473129723	BATF	tf_targeting
BATF#chr14:75522501-75522519(+)	9397.0	8.0	4.0	4.0	-0.0098651415	-0.01918054392835767	1.6307153	0.0008513355326167926	BATF	tf_targeting
BATF#chr14:75522513-75522531(+)	9397.0	40.0	32.0	8.0	-0.003317901	-0.006446815398409333	1.2524118	0.004256677663083963	BATF	tf_targeting
BATF#chr14:75522520-75522538(+)	9397.0	35.0	24.0	11.0	-0.006566926	-0.01785523973893285	1.6027602	0.0037245929551984677	BATF	tf_targeting
BATF#chr14:75522535-75522553(+)	9397.0	63.0	59.0	4.0	0.005161585	0.00459072261288954	1.2712548	0.006704267319357242	BATF	tf_targeting
BATF#chr14:75522554-75522572(+)	9397.0	779.0	325.0	454.0	-0.06729821	-0.07010928629146919	1.5934008	0.08289879748856017	BATF	tf_targeting
BMAL1#chr11:13277791-13277809(+)	9397.0	485.0	268.0	217.0	-0.057148006	-0.04699605913289581	1.1596476	0.05161221666489305	BMAL1	tf_targeting
BMAL1#chr11:13277812-13277830(+)	9397.0	6.0	2.0	4.0	6.364645e-05	-0.007648835030643398	1.0514201	0.0006385016494625945	BMAL1	tf_targeting
BMAL1#chr11:13277815-13277833(+)	9397.0	1.0	1.0	0.0	-0.0396741	-0.06369294897956593	1.8443627	0.00010641694157709908	BMAL1	tf_targeting
BMAL1#chr11:13277842-13277860(-)	9397.0	365.0	277.0	88.0	-0.00041287148	0.004164702417586357	0.8904163	0.03884218367564116	BMAL1	tf_targeting
BMAL1#chr11:13277874-13277892(-)	9397.0	80.0	62.0	18.0	-0.0056897597	-0.009741492658375546	1.2521502	0.008513355326167926	BMAL1	tf_targeting
BMAL1#chr11:13277877-13277895(-)	9397.0	438.0	234.0	204.0	-0.031809874	-0.029233924263542193	1.0964109	0.046610620410769396	BMAL1	tf_targeting
CD151#strong	9396.0	920.0	639.0	281.0	-0.016159996	0.0023093358522121112	0.76124275	0.09791400595998297	CD151	positive_control
CD151#weak	9396.0	1321.0	735.0	586.0	-0.0156683745	-0.005372154499998298	0.65803725	0.14059174116645382	CD151	positive_control
CD55#strong	9396.0	1217.0	743.0	474.0	-0.018664136499999998	-0.005906138093480311	0.760652	0.12952320136228182	CD55	positive_control
CD81#strong	9396.0	1373.0	854.0	519.0	-0.0041807358999999995	0.008326118855873777	0.844628	0.1461260110685398	CD81	positive_control
CD81#weak	9396.0	600.0	436.0	164.0	0.00199192715	0.010375042901456685	0.5169848	0.06385696040868455	CD81	positive_control
CLOCK#chr4:55546719-55546737(+)	9396.0	83.0	63.0	20.0	-0.0064468888500000005	-0.008075394819035865	1.5528463	0.008833546189868029	CLOCK	tf_targeting
CLOCK#chr4:55546763-55546781(+)	9396.0	1.0	1.0	0.0	-0.0514234995	-0.07488312834449085	1.8786831	0.00010642826734780758	CLOCK	tf_targeting
CLOCK#chr4:55546775-55546793(+)	9396.0	166.0	93.0	73.0	-0.0621362985	-0.06876939655743923	2.1728957	0.017667092379736057	CLOCK	tf_targeting
CLOCK#chr4:55546778-55546796(+)	9396.0	32.0	24.0	8.0	0.00582574025	0.006252104016606586	1.0791887	0.0034057045551298426	CLOCK	tf_targeting
CLOCK#chr4:55546809-55546827(-)	9396.0	94.0	69.0	25.0	-0.0322075	-0.04449709179943241	1.9042162	0.010004257130693913	CLOCK	tf_targeting
CLOCK#chr4:55546817-55546835(-)	9396.0	445.0	275.0	170.0	-0.0976861625	-0.07604546593606566	1.7403674	0.04736057896977437	CLOCK	tf_targeting
CREBBP#chr16:3880184-3880202(-)	9396.0	17.0	15.0	2.0	-0.00371386075	-0.013263037542781821	1.7846707	0.0018092805449127288	CREBBP	tf_targeting
CREBBP#chr16:3880190-3880208(+)	9396.0	1549.0	544.0	1005.0	-0.119905445	-0.10089850177857311	1.2643259	0.16485738612175393	CREBBP	tf_targeting
CREBBP#chr16:3880623-3880641(+)	9396.0	117.0	60.0	57.0	-0.16959329	-0.1688512104377102	2.389636	0.012452107279693486	CREBBP	tf_targeting
CREBBP#chr16:3880650-3880668(-)	9396.0	133.0	108.0	25.0	0.000855324645	-0.007590541216038313	1.1542348	0.014154959557258408	CREBBP	tf_targeting
CREBBP#chr16:3880656-3880674(+)	9396.0	11.0	6.0	5.0	-0.0185462625	-0.03668986513741209	2.5860426	0.0011707109408258833	CREBBP	tf_targeting
CREBBP#chr16:3880675-3880693(+)	9396.0	292.0	196.0	96.0	-0.0421197085	-0.040898270530932306	1.6729267	0.031077054065559814	CREBBP	tf_targeting
CTNNB1#chr3:41199511-41199529(-)	9396.0	42.0	26.0	16.0	0.00278807665	-3.849375680060657e-05	0.95705205	0.004469987228607918	CTNNB1	tf_targeting
CTNNB1#chr3:41199513-41199531(+)	9396.0	290.0	201.0	89.0	-0.0388290065	-0.035220366980340145	1.1497251	0.030864197530864196	CTNNB1	tf_targeting
CTNNB1#chr3:41199530-41199548(+)	9396.0	1023.0	640.0	383.0	0.021398049000000002	0.03103610243062587	3.9406078	0.10887611749680715	CTNNB1	tf_targeting
CTNNB1#chr3:41199540-41199558(+)	9396.0	0.0	0.0	0.0	-0.060808409	-0.07339798321659131	2.0216146	0.0	CTNNB1	tf_targeting
CTNNB1#chr3:41199687-41199705(-)	9396.0	130.0	107.0	23.0	-0.0015587259	-0.0018698427380587483	0.88440245	0.013835674755214985	CTNNB1	tf_targeting
CTNNB1#chr3:41199692-41199710(-)	9396.0	104.0	82.0	22.0	0.0200777345	0.019520484939250744	1.0881449	0.011068539804171988	CTNNB1	tf_targeting
EED#chr11:86244776-86244794(+)	9396.0	267.0	134.0	133.0	-0.0115556705	-0.010013809585576555	1.0797836	0.028416347381864625	EED	tf_targeting
EED#chr11:86244781-86244799(+)	9396.0	93.0	68.0	25.0	0.012855666	0.012581172905617177	1.1509397	0.009897828863346106	EED	tf_targeting
EED#chr11:86244792-86244810(+)	9396.0	119.0	94.0	25.0	-0.01540112125	-0.014143647591525543	1.3807589	0.012664963814389103	EED	tf_targeting
EED#chr11:86244814-86244832(+)	9396.0	12.0	8.0	4.0	-0.00856470125	-0.014647185274060663	1.1406541	0.001277139208173691	EED	tf_targeting
EED#chr11:86244821-86244839(+)	9396.0	26.0	17.0	9.0	-0.0327256415	-0.058845246865475945	2.359773	0.002767134951042997	EED	tf_targeting
EED#chr11:86245196-86245214(+)	9396.0	42.0	35.0	7.0	-0.0044651568999999995	-0.011192747625127182	1.8322997	0.004469987228607918	EED	tf_targeting
EP300#chr22:41091729-41091747(-)	9396.0	93.0	45.0	48.0	0.0053569693	-0.012446530878428588	2.4654243	0.009897828863346106	EP300	tf_targeting
EP300#chr22:41091732-41091750(+)	9396.0	31.0	13.0	18.0	-0.011704189	-0.028580146273025762	1.9226687	0.003299276287782035	EP300	tf_targeting
EP300#chr22:41091738-41091756(+)	9396.0	377.0	187.0	190.0	-0.0749739525	-0.08071588995555662	2.3262305	0.040123456790123455	EP300	tf_targeting
EP300#chr22:41091822-41091840(+)	9396.0	38.0	23.0	15.0	0.0128272565	0.004582808976376437	1.5355211	0.004044274159216688	EP300	tf_targeting
EP300#chr22:41091897-41091915(+)	9396.0	65.0	39.0	26.0	0.0044048715	0.0008644249792662832	1.4503661	0.006917837377607493	EP300	tf_targeting
EP300#chr22:41092885-41092903(-)	9396.0	592.0	356.0	236.0	-0.036290683000000004	-0.026775471929623613	1.2624915	0.06300553426990209	EP300	tf_targeting
ESRRB#chr14:76407528-76407546(-)	9397.0	305.0	161.0	144.0	-0.031513866	-0.03967376863637544	1.4554884	0.03245716718101522	ESRRB	tf_targeting
ESRRB#chr14:76407545-76407563(+)	9397.0	202.0	96.0	106.0	-0.011577227	-0.014537098042982229	1.072388	0.021496222198574014	ESRRB	tf_targeting
ESRRB#chr14:76407585-76407603(+)	9397.0	55.0	43.0	12.0	0.013719605	0.013560609514038044	1.0076375	0.005852931786740449	ESRRB	tf_targeting
ESRRB#chr14:76407595-76407613(+)	9397.0	222.0	105.0	117.0	-0.013839694	-0.015883618375937318	1.0306401	0.023624561030115995	ESRRB	tf_targeting
ESRRB#chr14:76407702-76407720(+)	9397.0	254.0	188.0	66.0	-0.024128595	-0.01707906969636692	1.0958704	0.027029903160583166	ESRRB	tf_targeting
ESRRB#chr14:76407814-76407832(-)	9397.0	271.0	149.0	122.0	-0.0066483864	-0.005955195778558156	0.94446766	0.02883899116739385	ESRRB	tf_targeting
EZH2#chr7:148883770-148883788(+)	9396.0	24.0	14.0	10.0	-0.00533238545	-0.007402100828930715	1.0649722	0.002554278416347382	EZH2	tf_targeting
EZH2#chr7:148883814-148883832(-)	9396.0	451.0	204.0	247.0	-0.1577284	-0.13221882934174115	2.2397711	0.04799914857386122	EZH2	tf_targeting
EZH2#chr7:148884043-148884061(+)	9396.0	64.0	50.0	14.0	-0.012224891500000001	-0.014715914368334823	2.6969795	0.006811409110259685	EZH2	tf_targeting
EZH2#chr7:148884246-148884264(+)	9396.0	126.0	104.0	22.0	-0.00646376775	-0.00017965137868135333	3.4385803	0.013409961685823755	EZH2	tf_targeting
EZH2#chr7:148884256-148884274(-)	9396.0	77.0	65.0	12.0	0.009694028	0.006044873722252971	2.4602823	0.008194976585781184	EZH2	tf_targeting
EZH2#chr7:148884274-148884292(+)	9396.0	131.0	109.0	22.0	0.012182997	0.02262861168082514	3.546349	0.013942103022562793	EZH2	tf_targeting
HDAC1#chr1:32292127-32292145(+)	9396.0	267.0	201.0	66.0	-0.0128421925	-0.007161529866861041	0.822682	0.028416347381864625	HDAC1	tf_targeting
HDAC1#chr1:32292131-32292149(+)	9396.0	66.0	51.0	15.0	0.0131917255	0.014095351188642401	0.94299996	0.0070242656449553	HDAC1	tf_targeting
HDAC1#chr1:32292165-32292183(+)	9396.0	66.0	50.0	16.0	-0.0282518875	-0.03945021631319114	1.4115031	0.0070242656449553	HDAC1	tf_targeting
HDAC1#chr1:32292175-32292193(+)	9396.0	15.0	11.0	4.0	-0.0086307405	-0.01655322939294693	1.2201041	0.0015964240102171138	HDAC1	tf_targeting
HDAC1#chr1:32292504-32292522(+)	9396.0	7.0	7.0	0.0	-0.020314742	-0.03408036234548073	1.8144448	0.000744997871434653	HDAC1	tf_targeting
HDAC1#chr1:32292593-32292611(-)	9396.0	77.0	50.0	27.0	-0.027069586	-0.048825133743767665	2.1655965	0.008194976585781184	HDAC1	tf_targeting
HIF1A#chr14:61695519-61695537(+)	9396.0	119.0	86.0	33.0	0.0081708285	0.010606021765175819	1.0896642	0.012664963814389103	HIF1A	tf_targeting
HIF1A#chr14:61695524-61695542(+)	9396.0	30.0	9.0	21.0	-0.014138939	-0.032754405049974886	2.6511536	0.0031928480204342275	HIF1A	tf_targeting
HIF1A#chr14:61695530-61695548(-)	9396.0	63.0	31.0	32.0	0.00083874535	-0.005393302672740635	1.3790958	0.006704980842911878	HIF1A	tf_targeting
HIF1A#chr14:61695556-61695574(-)	9396.0	47.0	29.0	18.0	0.011457388499999999	0.011235636880876648	0.8527348	0.0050021285653469565	HIF1A	tf_targeting
HIF1A#chr14:61695592-61695610(-)	9396.0	517.0	232.0	285.0	-0.0580021515	-0.06938815978735877	1.5582981	0.05502341421881652	HIF1A	tf_targeting
HIF1A#chr14:61695605-61695623(-)	9396.0	592.0	361.0	231.0	-0.0218108445	-0.016292428057672274	1.5627136	0.06300553426990209	HIF1A	tf_targeting
HMGA2#chr12:65825064-65825082(-)	9396.0	129.0	89.0	40.0	0.015780177	0.01594068597688527	1.036886	0.013729246487867178	HMGA2	tf_targeting
HMGA2#chr12:65825073-65825091(+)	9396.0	47.0	40.0	7.0	0.0020259917000000002	-0.0028739732337365897	1.1795866	0.0050021285653469565	HMGA2	tf_targeting
HMGA2#chr12:65825083-65825101(-)	9396.0	10.0	7.0	3.0	-0.020046439	-0.02862860991475008	1.4445546	0.0010642826734780758	HMGA2	tf_targeting
HMGA2#chr12:65825085-65825103(+)	9396.0	41.0	25.0	16.0	0.0052724395	-0.002303100634382546	1.1210465	0.004363558961260111	HMGA2	tf_targeting
HMGA2#chr12:65825182-65825200(-)	9396.0	255.0	182.0	73.0	-0.025452044	-0.019094127813945084	1.2675468	0.02713920817369093	HMGA2	tf_targeting
HMGA2#chr12:65825304-65825322(-)	9396.0	276.0	203.0	73.0	-0.012499201000000001	-0.011483060599765964	1.2675159	0.02937420178799489	HMGA2	tf_targeting
JARID2#chr6:15245952-15245970(+)	9396.0	412.0	265.0	147.0	-0.06761462	-0.05342198106909111	1.2610087	0.04384844614729672	JARID2	tf_targeting
JARID2#chr6:15246019-15246037(+)	9396.0	15.0	8.0	7.0	-0.018016534	-0.03352208591459955	2.1764567	0.0015964240102171138	JARID2	tf_targeting
JARID2#chr6:15246032-15246050(-)	9396.0	50.0	30.0	20.0	-0.027727685000000002	-0.04768950333606864	2.3145645	0.005321413367390379	JARID2	tf_targeting
JARID2#chr6:15246061-15246079(-)	9396.0	18.0	13.0	5.0	-0.0193460695	-0.03599024075854566	1.9899365	0.0019157088122605363	JARID2	tf_targeting
JARID2#chr6:15246064-15246082(-)	9396.0	40.0	32.0	8.0	-0.012154534750000001	-0.02195261280136973	1.5418684	0.004257130693912303	JARID2	tf_targeting
JARID2#chr6:15246067-15246085(-)	9396.0	31.0	27.0	4.0	0.006390409499999999	0.0025674389791731384	1.6450948	0.003299276287782035	JARID2	tf_targeting
KLF4#chr9:107488190-107488208(+)	9397.0	25.0	18.0	7.0	0.00860641	0.005522921272820581	1.2285254	0.002660423539427477	KLF4	tf_targeting
KLF4#chr9:107488210-107488228(+)	9397.0	580.0	364.0	216.0	-0.04800248	-0.03199064998840332	1.13698	0.061721826114717465	KLF4	tf_targeting
KLF4#chr9:107488351-107488369(+)	9397.0	145.0	115.0	30.0	0.0153566385	0.01469463206895435	0.9048358	0.015430456528679366	KLF4	tf_targeting
KLF4#chr9:107488357-107488375(+)	9397.0	8.0	7.0	1.0	-0.0056894724	-0.011208179498433541	1.103199	0.0008513355326167926	KLF4	tf_targeting
KLF4#chr9:107488385-107488403(+)	9397.0	0.0	0.0	0.0	-0.037269443	-0.05113748175021921	1.8008418	0.0	KLF4	tf_targeting
KLF4#chr9:107488431-107488449(-)	9397.0	330.0	118.0	212.0	-0.03419189	-0.04467148362439363	1.2983234	0.035117590720442696	KLF4	tf_targeting
KLF4#chr9:107489474-107489492(+)	9397.0	14.0	8.0	6.0	-0.009694974	-0.0218938333694876	1.407261	0.001489837182079387	KLF4	tf_targeting
KLF4#chr9:107489546-107489564(+)	9397.0	79.0	63.0	16.0	0.017832845	0.019650789420030224	0.8856858	0.008406938384590827	KLF4	tf_targeting
KLF4#chr9:107489550-107489568(+)	9397.0	14.0	13.0	1.0	-0.0082889525	-0.02120921990115005	1.7120415	0.001489837182079387	KLF4	tf_targeting
KLF4#chr9:107489553-107489571(+)	9397.0	1014.0	490.0	524.0	-0.17141852	-0.12988474450456636	1.6023206	0.10790677875917846	KLF4	tf_targeting
KLF4#chr9:107489735-107489753(-)	9397.0	27.0	20.0	7.0	-0.002107559	-0.011378564025570609	1.4911307	0.002873257422581675	KLF4	tf_targeting
KLF4#chr9:107489750-107489768(+)	9397.0	248.0	141.0	107.0	-0.14088862	-0.13198997744527305	1.72259	0.02639140151112057	KLF4	tf_targeting
KLF6#chr10:3784753-3784771(+)	9396.0	15.0	14.0	1.0	-0.00288753955	-0.00861656908612037	1.2166152	0.0015964240102171138	KLF6	tf_targeting
KLF6#chr10:3784756-3784774(+)	9396.0	338.0	127.0	211.0	-0.0697384125	-0.0797098510355514	1.6175046	0.03597275436355896	KLF6	tf_targeting
KLF6#chr10:3784794-3784812(-)	9396.0	1612.0	898.0	714.0	-0.046141865	-0.019127636706391872	1.1369808	0.1715623669646658	KLF6	tf_targeting
KLF6#chr10:3784918-3784936(+)	9396.0	304.0	204.0	100.0	-0.026617468499999998	-0.02530360041028544	1.0963055	0.032354193273733504	KLF6	tf_targeting
KLF6#chr10:3784955-3784973(+)	9396.0	92.0	64.0	28.0	0.0045924997000000006	0.004880194041272244	0.8884414	0.009791400595998296	KLF6	tf_targeting
KLF6#chr10:3784981-3784999(+)	9396.0	16.0	11.0	5.0	0.00035329845	-0.0057972078224742445	0.9634452	0.0017028522775649213	KLF6	tf_targeting
LEF1#chr4:108165900-108165918(-)	9397.0	533.0	367.0	166.0	-0.024302468	-0.014117671049498957	1.0556824	0.05672022986059381	LEF1	tf_targeting
LEF1#chr4:108166028-108166046(+)	9397.0	29.0	15.0	14.0	0.0065537025	0.0024348560580711508	0.84375626	0.0030860913057358733	LEF1	tf_targeting
LEF1#chr4:108166189-108166207(+)	9397.0	15.0	13.0	2.0	0.012242959	0.011702757426960518	1.0526236	0.0015962541236564862	LEF1	tf_targeting
LEF1#chr4:108166254-108166272(-)	9397.0	364.0	197.0	167.0	-0.018484345	-0.019871216061349367	1.1341026	0.038735766734064064	LEF1	tf_targeting
LEF1#chr4:108166263-108166281(+)	9397.0	53.0	45.0	8.0	0.0031475902	0.0024183199214413108	1.026	0.005640097903586251	LEF1	tf_targeting
LEF1#chr4:108166273-108166291(+)	9397.0	552.0	283.0	269.0	-0.046675608	-0.040374440853791736	1.4439875	0.05874215175055869	LEF1	tf_targeting
LEF1#chr4:108168675-108168693(-)	9397.0	18.0	16.0	2.0	0.0030647044	-0.002924229736235075	1.1345139	0.0019155049483877834	LEF1	tf_targeting
LEF1#chr4:108168679-108168697(-)	9397.0	23.0	18.0	5.0	-0.0069132005	-0.01426329377799904	2.185048	0.002447589656273279	LEF1	tf_targeting
LEF1#chr4:108168727-108168745(-)	9397.0	50.0	33.0	17.0	-0.0011638686	-0.005401019848712675	1.2019283	0.005320847078854954	LEF1	tf_targeting
LEF1#chr4:108168777-108168795(-)	9397.0	45.0	36.0	9.0	-0.015898395	-0.02565879940158774	1.4678984	0.0047887623709694585	LEF1	tf_targeting
LEF1#chr4:108168834-108168852(+)	9397.0	38.0	30.0	8.0	0.006736044	0.00028496164513754427	1.0882221	0.004043843779929765	LEF1	tf_targeting
LEF1#chr4:108168846-108168864(-)	9397.0	5.0	5.0	0.0	-0.025278306	-0.043566306818076196	2.150051	0.0005320847078854954	LEF1	tf_targeting
MYC#chr8:127735559-127735577(-)	9397.0	306.0	192.0	114.0	-0.01765832	-0.01602800816567756	1.0892267	0.03256358412259232	MYC	tf_targeting
MYC#chr8:127735640-127735658(-)	9397.0	28.0	20.0	8.0	0.020395499	0.015786855664831755	1.7755008	0.002979674364158774	MYC	tf_targeting
MYC#chr8:127736042-127736060(+)	9397.0	4.0	3.0	1.0	-0.038573325	-0.06299537265618708	2.075206	0.0004256677663083963	MYC	tf_targeting
MYC#chr8:127736243-127736261(+)	9397.0	395.0	197.0	198.0	-0.22460932	-0.17904774413326435	1.9379239	0.042034691922954136	MYC	tf_targeting
MYC#chr8:127736323-127736341(+)	9397.0	8.0	5.0	3.0	-0.005882484	-0.016888731683923644	2.022631	0.0008513355326167926	MYC	tf_targeting
MYC#chr8:127736682-127736700(+)	9397.0	305.0	140.0	165.0	-0.032875724	-0.033022464901488024	0.99039716	0.03245716718101522	MYC	tf_targeting
NANOG#chr12:7789786-7789804(-)	9396.0	0.0	0.0	0.0	-0.046868378	-0.03348725020516496	3.4256997	0.0	NANOG	tf_targeting
NANOG#chr12:7789847-7789865(-)	9396.0	19.0	12.0	7.0	-0.045149384	-0.06028650255025165	3.785841	0.002022137079608344	NANOG	tf_targeting
NANOG#chr12:7789867-7789885(-)	9396.0	350.0	164.0	186.0	-0.039295211499999996	-0.04162173905593827	1.3021823	0.037249893571732653	NANOG	tf_targeting
NANOG#chr12:7789883-7789901(+)	9396.0	57.0	49.0	8.0	-0.093871645	-0.034563746443586625	5.216502	0.006066411238825032	NANOG	tf_targeting
NANOG#chr12:7789901-7789919(-)	9396.0	12.0	10.0	2.0	-0.06280743	-0.0485819743517731	3.4890134	0.001277139208173691	NANOG	tf_targeting
NANOG#chr12:7789912-7789930(+)	9396.0	15.0	7.0	8.0	-0.016035895	-0.03400855097681226	1.4894322	0.0015964240102171138	NANOG	tf_targeting
NFIB#chr9:14314037-14314055(+)	9396.0	916.0	562.0	354.0	-0.068741175	-0.03680351286497456	1.13475	0.09748829289059174	NFIB	tf_targeting
NFIB#chr9:14314053-14314071(+)	9396.0	82.0	53.0	29.0	-0.048541843	-0.05960789154073541	2.232661	0.008727117922520221	NFIB	tf_targeting
NFIB#chr9:14314353-14314371(+)	9396.0	69.0	50.0	19.0	-0.0040236002	-0.006595924050221796	1.2003795	0.007343550446998723	NFIB	tf_targeting
NFIB#chr9:14314558-14314576(-)	9396.0	22.0	17.0	5.0	0.00609159375	0.002065128978211898	1.0146813	0.0023414218816517666	NFIB	tf_targeting
NFIB#chr9:14314564-14314582(-)	9396.0	4.0	2.0	2.0	-0.036263723	-0.06226419732974393	2.2319353	0.0004257130693912303	NFIB	tf_targeting
NFIB#chr9:14314567-14314585(-)	9396.0	525.0	253.0	272.0	-0.13010633	-0.11150336322850138	1.2779543	0.05587484035759898	NFIB	tf_targeting
NGFRAP1#A	9396.0	1659.0	784.0	875.0	-0.0295623015	-0.020192755815825563	0.904101	0.17656449553001277	NGFRAP1	positive_control
NGFRAP1#B	9396.0	359.0	288.0	71.0	0.0061214523	0.012715384426806833	0.5808693	0.03820774797786292	NGFRAP1	positive_control
OR10J3#chr1:159314202-159314220(+)	9397.0	43.0	31.0	12.0	-0.0066001983	-0.01764078038645866	1.3723696	0.00457592848781526	OR10J3	negative_control
OR10J3#chr1:159314450-159314468(+)	9397.0	133.0	108.0	25.0	0.0016519525	0.0038213897212113442	0.96086395	0.014153453229754177	OR10J3	negative_control
OR10J3#chr1:159314543-159314561(+)	9397.0	292.0	231.0	61.0	-0.041050497	-0.029933203511868574	0.97671413	0.03107374694051293	OR10J3	negative_control
OR10J3#chr1:159314586-159314604(+)	9397.0	286.0	179.0	107.0	-0.054505132	-0.051846323625602424	1.3727369	0.030435245291050336	OR10J3	negative_control
OR10J3#chr1:159314622-159314640(+)	9397.0	16.0	13.0	3.0	0.0050169057	0.001833723128056613	0.89563274	0.0017026710652335852	OR10J3	negative_control
OR10J3#chr1:159314635-159314653(+)	9397.0	64.0	40.0	24.0	-0.03604915	-0.0501662323257587	1.4694946	0.006810684260934341	OR10J3	negative_control
OR2A25#chr7:144074196-144074214(+)	9397.0	60.0	47.0	13.0	0.007456551	0.009478747543546493	0.75346035	0.006385016494625945	OR2A25	negative_control
OR2A25#chr7:144074203-144074221(+)	9397.0	50.0	43.0	7.0	0.0010688188	-0.0011929645089068846	0.9248666	0.005320847078854954	OR2A25	negative_control
OR2A25#chr7:144074317-144074335(+)	9397.0	225.0	183.0	42.0	0.0078443065	0.012106129422144302	0.8760751	0.023943811854847293	OR2A25	negative_control
OR2A25#chr7:144074335-144074353(+)	9397.0	225.0	159.0	66.0	-0.049157273	-0.05131797745190486	1.7213473	0.023943811854847293	OR2A25	negative_control
OR2A25#chr7:144074434-144074452(-)	9397.0	111.0	90.0	21.0	-0.0014316097	-0.00030266106756475465	1.1347891	0.011812280515057998	OR2A25	negative_control
OR2A25#chr7:144074604-144074622(-)	9397.0	30.0	28.0	2.0	0.00612323	0.001545903607869352	1.0470183	0.0031925082473129723	OR2A25	negative_control
OR2AG2#chr11:6768838-6768856(+)	9397.0	370.0	298.0	72.0	0.006520915	0.01405527250068507	0.9943125	0.03937426838352666	OR2AG2	negative_control
OR2AG2#chr11:6768913-6768931(-)	9397.0	15.0	13.0	2.0	0.0021397476	-0.0021799135290778964	0.8941854	0.0015962541236564862	OR2AG2	negative_control
OR2AG2#chr11:6768936-6768954(-)	9397.0	300.0	185.0	115.0	-0.032463353	-0.030164262276627433	1.2558459	0.03192508247312972	OR2AG2	negative_control
OR2AG2#chr11:6768980-6768998(+)	9397.0	58.0	45.0	13.0	0.009506055	0.007855715978829095	0.79030436	0.0061721826114717465	OR2AG2	negative_control
OR2AG2#chr11:6769013-6769031(+)	9397.0	19.0	14.0	5.0	0.0007011762	-0.0053993229060868364	1.342452	0.0020219218899648825	OR2AG2	negative_control
OR2AG2#chr11:6769024-6769042(+)	9397.0	51.0	43.0	8.0	-0.010779723	-0.019873215069744873	1.2260994	0.005427264020432053	OR2AG2	negative_control
OR2D3#chr11:6921017-6921035(+)	9397.0	464.0	208.0	256.0	-0.053432107	-0.05171976996289486	1.1764233	0.04937746089177397	OR2D3	negative_control
OR2D3#chr11:6921025-6921043(-)	9397.0	16.0	8.0	8.0	-0.0035429941	-0.011322587034089455	1.4820806	0.0017026710652335852	OR2D3	negative_control
OR2D3#chr11:6921033-6921051(+)	9397.0	17.0	8.0	9.0	0.00045099657	-0.006614964042818879	1.3240014	0.0018090880068106843	OR2D3	negative_control
OR2D3#chr11:6921067-6921085(-)	9397.0	130.0	105.0	25.0	-0.0069237286	-0.005185428461762158	1.1819057	0.01383420240502288	OR2D3	negative_control
OR2D3#chr11:6921094-6921112(-)	9397.0	221.0	137.0	84.0	-0.028561788	-0.03009376289155092	1.3006643	0.023518144088538896	OR2D3	negative_control
OR2D3#chr11:6921202-6921220(-)	9397.0	23.0	16.0	7.0	0.006169171	0.0019169892063286152	0.88631386	0.002447589656273279	OR2D3	negative_control
OR2F1#chr7:143959941-143959959(-)	9397.0	31.0	24.0	7.0	0.0048656864	0.00271513325855224	1.0036252	0.0032989251888900714	OR2F1	negative_control
OR2F1#chr7:143960013-143960031(+)	9397.0	1123.0	591.0	532.0	-0.12833689	-0.08451566265732097	1.1663228	0.11950622539108226	OR2F1	negative_control
OR2F1#chr7:143960021-143960039(-)	9397.0	475.0	271.0	204.0	-0.045516837	-0.040464346477979675	1.2809896	0.05054804724912206	OR2F1	negative_control
OR2F1#chr7:143960051-143960069(-)	9397.0	373.0	225.0	148.0	-0.010078618	-0.010656040905896138	0.973928	0.039693519208257956	OR2F1	negative_control
OR2F1#chr7:143960194-143960212(-)	9397.0	12.0	11.0	1.0	0.0055084485	0.0005975104759889853	1.3580308	0.001277003298925189	OR2F1	negative_control
OR2F1#chr7:143960359-143960377(-)	9397.0	35.0	27.0	8.0	-0.0054183183	-0.008807324200256466	1.2739227	0.0037245929551984677	OR2F1	negative_control
OR4D6#chr11:59456915-59456933(+)	9397.0	54.0	43.0	11.0	-0.0018908137	-0.006031926211124976	1.1537753	0.00574651484516335	OR4D6	negative_control
OR4D6#chr11:59456921-59456939(+)	9397.0	21.0	9.0	12.0	-0.014510792	-0.026557280363181474	1.150656	0.0022347557731190806	OR4D6	negative_control
OR4D6#chr11:59456943-59456961(+)	9397.0	51.0	31.0	20.0	0.0025747688	-4.4687122245078156e-05	0.8654121	0.005427264020432053	OR4D6	negative_control
OR4D6#chr11:59456958-59456976(-)	9397.0	173.0	138.0	35.0	0.02269316	0.02418800212005076	0.818263	0.01841013089283814	OR4D6	negative_control
OR4D6#chr11:59456969-59456987(-)	9397.0	359.0	197.0	162.0	-0.018373707	-0.022131348367173034	1.1099045	0.03820368202617857	OR4D6	negative_control
OR4D6#chr11:59457005-59457023(-)	9397.0	24.0	19.0	5.0	0.0005552803	-0.005591546882745747	1.6411067	0.002554006597850378	OR4D6	negative_control
OR4X1#chr11:48263880-48263898(+)	9397.0	1290.0	296.0	994.0	-0.30528665	-0.25091691954320317	2.0548382	0.1372778546344578	OR4X1	negative_control
OR4X1#chr11:48263953-48263971(-)	9397.0	276.0	199.0	77.0	-0.011593477	-0.007865509012170055	1.0943621	0.029371075875279345	OR4X1	negative_control
OR4X1#chr11:48264090-48264108(-)	9397.0	111.0	90.0	21.0	0.013354852	0.013687649417845036	1.0097185	0.011812280515057998	OR4X1	negative_control
OR4X1#chr11:48264242-48264260(-)	9397.0	1223.0	397.0	826.0	-0.10850048	-0.10703895574697456	1.2458603	0.13014791954879218	OR4X1	negative_control
OR4X1#chr11:48264281-48264299(+)	9397.0	42.0	32.0	10.0	-0.0062674093	-0.016287746775569545	1.892643	0.004469511546238161	OR4X1	negative_control
OR4X1#chr11:48264286-48264304(-)	9397.0	205.0	101.0	104.0	-0.0038078951	-0.004413402111634883	1.0278171	0.02181547302330531	OR4X1	negative_control
OR6A2#chr11:6795688-6795706(-)	9397.0	223.0	164.0	59.0	-0.008325296	-0.006123577324368308	1.1690947	0.023730977971693094	OR6A2	negative_control
OR6A2#chr11:6795708-6795726(-)	9397.0	23.0	20.0	3.0	0.0102429	0.011400103210412791	0.9222773	0.002447589656273279	OR6A2	negative_control
OR6A2#chr11:6795743-6795761(+)	9397.0	26.0	21.0	5.0	0.010017935	0.010720317349586997	1.2293831	0.002766840481004576	OR6A2	negative_control
OR6A2#chr11:6795776-6795794(+)	9397.0	17.0	10.0	7.0	0.009982644	0.008686388478782272	0.8509948	0.0018090880068106843	OR6A2	negative_control
OR6A2#chr11:6795803-6795821(+)	9397.0	53.0	48.0	5.0	-0.0015514005	-0.00827242952105587	1.3043946	0.005640097903586251	OR6A2	negative_control
OR6A2#chr11:6795869-6795887(+)	9397.0	18.0	7.0	11.0	-0.010325108	-0.025541876959795998	1.1358213	0.0019155049483877834	OR6A2	negative_control
OR6T1#chr11:123943393-123943411(+)	9397.0	11.0	8.0	3.0	-0.0077433684	-0.01706692607124823	1.7308547	0.0011705863573480899	OR6T1	negative_control
OR6T1#chr11:123943516-123943534(+)	9397.0	44.0	37.0	7.0	-0.027335098	-0.04186725073375811	2.3891153	0.004682345429392359	OR6T1	negative_control
OR6T1#chr11:123943618-123943636(+)	9397.0	165.0	107.0	58.0	-0.040881857	-0.03847003934814994	1.5239958	0.017558795360221348	OR6T1	negative_control
OR6T1#chr11:123943755-123943773(+)	9397.0	144.0	127.0	17.0	0.015260457	0.020493378022190485	0.906202	0.015324039587102267	OR6T1	negative_control
OR6T1#chr11:123943767-123943785(+)	9397.0	41.0	29.0	12.0	-0.0152487205	-0.02469115941240949	1.2934539	0.004363094604661062	OR6T1	negative_control
OR6T1#chr11:123943817-123943835(-)	9397.0	31.0	25.0	6.0	-0.0029857757	-0.014886256760596883	1.6519816	0.0032989251888900714	OR6T1	negative_control
PAX5#chr9:37033984-37034002(-)	9397.0	1.0	1.0	0.0	-0.057275273	-0.07832982177755103	1.972939	0.00010641694157709908	PAX5	tf_targeting
PAX5#chr9:37034365-37034383(+)	9397.0	33.0	26.0	7.0	-0.0013174065	-0.0023517099184990954	0.9624717	0.0035117590720442696	PAX5	tf_targeting
PAX5#chr9:37034369-37034387(+)	9397.0	7.0	4.0	3.0	-0.01975061	-0.04535920877110748	2.2942407	0.0007449185910396935	PAX5	tf_targeting
PAX5#chr9:37034422-37034440(-)	9397.0	222.0	122.0	100.0	0.0027916066	0.0025460573964454117	0.85273236	0.023624561030115995	PAX5	tf_targeting
PAX5#chr9:37034436-37034454(+)	9397.0	101.0	88.0	13.0	0.01683415	0.018497608027582844	1.1041694	0.010748111099287007	PAX5	tf_targeting
PAX5#chr9:37034446-37034464(-)	9397.0	476.0	166.0	310.0	-0.060971513	-0.07396480453046717	1.8273139	0.05065446419069916	PAX5	tf_targeting
POU5F1#chr6:31170169-31170187(-)	9396.0	1.0	1.0	0.0	-0.051980704	-0.05503680585704662	2.178589	0.00010642826734780758	POU5F1	tf_targeting
POU5F1#chr6:31170199-31170217(-)	9396.0	0.0	0.0	0.0	-0.07300272799999999	-0.07261362484011537	2.0904577	0.0	POU5F1	tf_targeting
POU5F1#chr6:31170203-31170221(+)	9396.0	116.0	94.0	22.0	-0.0013282696000000002	-0.001722329954342062	1.6154867	0.012345679012345678	POU5F1	tf_targeting
POU5F1#chr6:31170652-31170670(-)	9396.0	279.0	215.0	64.0	-0.044688409	-0.032217855463116674	1.5498192	0.029693486590038315	POU5F1	tf_targeting
POU5F1#chr6:31170654-31170672(+)	9396.0	0.0	0.0	0.0	-0.0525550565	-0.014493204358713815	1.5465986	0.0	POU5F1	tf_targeting
POU5F1#chr6:31170702-31170720(-)	9396.0	1.0	1.0	0.0	-0.09028365699999999	-0.05600844206964794	2.1182067	0.00010642826734780758	POU5F1	tf_targeting
POU5F1#chr6:31180431-31180449(-)	9396.0	36.0	31.0	5.0	-0.00422271615	-0.007769808623478181	2.0474195	0.0038314176245210726	POU5F1	tf_targeting
POU5F1#chr6:31180445-31180463(+)	9396.0	313.0	192.0	121.0	-0.057644087499999996	-0.055658725286986274	1.5472778	0.033312047679863774	POU5F1	tf_targeting
POU5F1#chr6:31180648-31180666(+)	9396.0	18.0	12.0	6.0	0.0071984662500000005	0.005453685560773669	1.2853734	0.0019157088122605363	POU5F1	tf_targeting
POU5F1#chr6:31180664-31180682(+)	9396.0	205.0	134.0	71.0	-0.0472647635	-0.046652022607432946	1.2917113	0.021817794806300552	POU5F1	tf_targeting
POU5F1#chr6:31180667-31180685(+)	9396.0	37.0	32.0	5.0	-0.0018207612	-0.00928460077178161	1.3877751	0.0039378458918688805	POU5F1	tf_targeting
POU5F1#chr6:31180692-31180710(-)	9396.0	90.0	72.0	18.0	0.01740274	0.018247061368541186	1.7402515	0.009578544061302681	POU5F1	tf_targeting
REST#chr4:56907913-56907931(+)	9396.0	583.0	375.0	208.0	-0.0419968795	-0.022758339715167837	3.7202795	0.06204767986377182	REST	tf_targeting
REST#chr4:56907930-56907948(+)	9396.0	29.0	25.0	4.0	0.00075722643	0.0008965251396902078	1.9084147	0.0030864197530864196	REST	tf_targeting
REST#chr4:56907941-56907959(-)	9396.0	5.0	3.0	2.0	-0.011924874	-0.023170879638040657	1.6018407	0.0005321413367390379	REST	tf_targeting
REST#chr4:56908123-56908141(-)	9396.0	2.0	0.0	2.0	-0.032076586000000004	-0.05355355744937484	2.0117066	0.00021285653469561516	REST	tf_targeting
REST#chr4:56908162-56908180(+)	9396.0	77.0	62.0	15.0	0.00990618875	0.008361040526691824	1.3712621	0.008194976585781184	REST	tf_targeting
REST#chr4:56908287-56908305(+)	9396.0	347.0	131.0	216.0	-0.08686303000000001	-0.09186487425269849	2.7053916	0.03693060876968923	REST	tf_targeting
REST#chr4:56908921-56908939(+)	9396.0	186.0	104.0	82.0	-0.002796939	-0.004550889020900756	0.7421603	0.01979565772669221	REST	tf_targeting
REST#chr4:56908955-56908973(+)	9396.0	510.0	267.0	243.0	-0.10634950200000001	-0.08775005836114516	1.3638588	0.05427841634738186	REST	tf_targeting
REST#chr4:56908960-56908978(-)	9396.0	671.0	300.0	371.0	-0.0426354325	-0.04669112340351032	1.6772097	0.07141336739037889	REST	tf_targeting
REST#chr4:56908979-56908997(+)	9396.0	732.0	328.0	404.0	-0.08021150499999999	-0.07903634762365518	1.7220935	0.07790549169859515	REST	tf_targeting
REST#chr4:56908984-56909002(-)	9396.0	42.0	34.0	8.0	0.0098475315	0.01155832171718976	0.8806889	0.004469987228607918	REST	tf_targeting
REST#chr4:56909347-56909365(-)	9396.0	779.0	430.0	349.0	-0.0360041855	-0.025402814585386336	1.3731804	0.0829076202639421	REST	tf_targeting
RUNX1#chr21:35048840-35048858(+)	9397.0	23.0	18.0	5.0	-0.0018121387	-0.005827198268523145	1.1248323	0.002447589656273279	RUNX1	tf_targeting
RUNX1#chr21:35048844-35048862(-)	9397.0	127.0	97.0	30.0	0.0020670765	0.0024594741788297333	1.1071569	0.013514951580291583	RUNX1	tf_targeting
RUNX1#chr21:35048923-35048941(-)	9397.0	1739.0	654.0	1085.0	-0.16231875	-0.11400643925443119	1.2021294	0.1850590614025753	RUNX1	tf_targeting
RUNX1#chr21:35049003-35049021(-)	9397.0	27.0	17.0	10.0	-0.027699357	-0.0471375845864611	1.4455173	0.002873257422581675	RUNX1	tf_targeting
RUNX1#chr21:35049033-35049051(-)	9397.0	53.0	34.0	19.0	0.010873065	0.01248933252741556	1.2088977	0.005640097903586251	RUNX1	tf_targeting
RUNX1#chr21:35049166-35049184(+)	9397.0	212.0	131.0	81.0	-0.0574137	-0.06396354818016037	1.5325422	0.022560391614345005	RUNX1	tf_targeting
SALL4#chr20:51801947-51801965(+)	9396.0	675.0	242.0	433.0	-0.286324695	-0.2497459823222425	2.9710832	0.07183908045977011	SALL4	tf_targeting
SALL4#chr20:51801991-51802009(+)	9396.0	26.0	19.0	7.0	-0.0415630785	-0.06519210564610037	2.2387881	0.002767134951042997	SALL4	tf_targeting
SALL4#chr20:51802001-51802019(+)	9396.0	21.0	15.0	6.0	-0.037752259499999996	-0.05858533426590517	2.5282822	0.002234993614303959	SALL4	tf_targeting
SALL4#chr20:51802216-51802234(-)	9396.0	39.0	21.0	18.0	-0.0170406175	-0.03247791650873084	3.107708	0.004150702426564496	SALL4	tf_targeting
SALL4#chr20:51802403-51802421(+)	9396.0	19.0	12.0	7.0	-0.024551074	-0.04679740398915709	3.0461066	0.002022137079608344	SALL4	tf_targeting
SALL4#chr20:51802458-51802476(-)	9396.0	24.0	15.0	9.0	-0.029747462000000002	-0.05121252534831024	2.0976155	0.002554278416347382	SALL4	tf_targeting
SMAD3#chr15:67065846-67065864(-)	9396.0	1497.0	586.0	911.0	-0.07087312500000001	-0.06589784827070912	1.2595626	0.15932311621966794	SMAD3	tf_targeting
SMAD3#chr15:67065895-67065913(-)	9396.0	1211.0	440.0	771.0	-0.090805985	-0.08984983750301086	1.6228805	0.12888463175819498	SMAD3	tf_targeting
SMAD3#chr15:67065899-67065917(-)	9396.0	99.0	71.0	28.0	0.0021576998	-0.0021999443057935295	1.0173686	0.01053639846743295	SMAD3	tf_targeting
SMAD3#chr15:67065923-67065941(-)	9396.0	12.0	8.0	4.0	-0.0045397779999999995	-0.011373590308137399	1.106433	0.001277139208173691	SMAD3	tf_targeting
SMAD3#chr15:67065928-67065946(-)	9396.0	134.0	89.0	45.0	-0.030973679	-0.040563322104272465	2.2218585	0.014261387824606215	SMAD3	tf_targeting
SMAD3#chr15:67066195-67066213(+)	9396.0	7.0	7.0	0.0	-0.0358734815	-0.05699736486755748	1.9315792	0.000744997871434653	SMAD3	tf_targeting
SMAD4#chr18:51030218-51030236(+)	9396.0	177.0	170.0	7.0	0.007012712	0.01486695573897999	1.1416065	0.018837803320561942	SMAD4	tf_targeting
SMAD4#chr18:51030257-51030275(-)	9396.0	211.0	150.0	61.0	0.0069558026500000005	0.006942155988218762	1.2352659	0.022456364410387397	SMAD4	tf_targeting
SMAD4#chr18:51030262-51030280(+)	9396.0	878.0	464.0	414.0	-0.0441028345	-0.028313716757616538	0.7964059	0.09344401873137505	SMAD4	tf_targeting
SMAD4#chr18:51030267-51030285(+)	9396.0	483.0	235.0	248.0	-0.08061587749999999	-0.07121270956056831	2.567711	0.05140485312899106	SMAD4	tf_targeting
SMAD4#chr18:51030318-51030336(-)	9396.0	1.0	1.0	0.0	-0.0462541325	-0.06906390847961101	2.1795745	0.00010642826734780758	SMAD4	tf_targeting
SMAD4#chr18:51030678-51030696(-)	9396.0	176.0	112.0	64.0	-0.00674745925	-0.01685652948468423	2.8180628	0.018731375053214133	SMAD4	tf_targeting
SMARCA2#chr9:2015338-2015356(-)	9396.0	24.0	19.0	5.0	-0.0016895276	-0.0115419782473957	1.3011241	0.002554278416347382	SMARCA2	tf_targeting
SMARCA2#chr9:2015348-2015366(+)	9396.0	21.0	16.0	5.0	0.00436321235	0.0004987777575065563	1.1749246	0.002234993614303959	SMARCA2	tf_targeting
SMARCA2#chr9:2015385-2015403(-)	9396.0	10.0	8.0	2.0	-0.0174775395	-0.03421657920972009	1.3412168	0.0010642826734780758	SMARCA2	tf_targeting
SMARCA2#chr9:2015442-2015460(-)	9396.0	325.0	170.0	155.0	-0.056271832499999994	-0.07011990781199073	1.7183377	0.034589186888037464	SMARCA2	tf_targeting
SMARCA2#chr9:2015446-2015464(-)	9396.0	8.0	5.0	3.0	-0.0012799971	-0.010540644532665708	1.4429393	0.0008514261387824606	SMARCA2	tf_targeting
SMARCA2#chr9:2015547-2015565(+)	9396.0	702.0	297.0	405.0	-0.0615732665	-0.06551419511856216	1.4943544	0.07471264367816093	SMARCA2	tf_targeting
SMARCA4#chr19:10961045-10961063(+)	9396.0	64.0	46.0	18.0	0.0115500905	0.004304029765041987	1.6207258	0.006811409110259685	SMARCA4	tf_targeting
SMARCA4#chr19:10961052-10961070(-)	9396.0	300.0	199.0	101.0	-0.0275965205	-0.021901798726397824	1.1826657	0.031928480204342274	SMARCA4	tf_targeting
SMARCA4#chr19:10961138-10961156(+)	9396.0	571.0	320.0	251.0	-0.046491646	-0.03987435649831578	1.3043829	0.06077054065559813	SMARCA4	tf_targeting
SMARCA4#chr19:10961495-10961513(-)	9396.0	61.0	30.0	31.0	-0.017630175499999998	-0.03388574257067188	2.4903345	0.006492124308216263	SMARCA4	tf_targeting
SMARCA4#chr19:10961500-10961518(+)	9396.0	62.0	44.0	18.0	0.017052280000000003	0.014760913607069177	1.0565631	0.00659855257556407	SMARCA4	tf_targeting
SMARCA4#chr19:10961507-10961525(-)	9396.0	449.0	240.0	209.0	-0.06476125699999999	-0.05944063491564017	1.6500901	0.0477862920391656	SMARCA4	tf_targeting
SMARCB1#chr22:23786987-23787005(+)	9396.0	269.0	122.0	147.0	-0.02062315	-0.023559357224536944	0.9871831	0.02862920391656024	SMARCB1	tf_targeting
SMARCB1#chr22:23786990-23787008(+)	9396.0	80.0	68.0	12.0	0.016592662	0.018466974411241167	1.2681918	0.008514261387824606	SMARCB1	tf_targeting
SMARCB1#chr22:23786994-23787012(-)	9396.0	33.0	20.0	13.0	-8.874772699999999e-05	-0.002239362481477224	0.97145224	0.00351213282247765	SMARCB1	tf_targeting
SMARCB1#chr22:23787031-23787049(+)	9396.0	1.0	1.0	0.0	-0.061653519000000004	-0.07255339431321255	1.8813659	0.00010642826734780758	SMARCB1	tf_targeting
SMARCB1#chr22:23787045-23787063(-)	9396.0	83.0	58.0	25.0	0.0035199046	0.0041295905182594725	1.6014981	0.008833546189868029	SMARCB1	tf_targeting
SMARCB1#chr22:23787375-23787393(+)	9396.0	26.0	15.0	11.0	-0.0034458524000000003	-0.006173324221951575	1.1672008	0.002767134951042997	SMARCB1	tf_targeting
SMARCB1#chr22:23791770-23791788(-)	9396.0	24.0	18.0	6.0	0.0083074775	0.006339196414984248	0.9837859	0.002554278416347382	SMARCB1	tf_targeting
SMARCB1#chr22:23791773-23791791(-)	9396.0	17.0	7.0	10.0	0.0043548458500000005	-0.002835354944512111	1.0248605	0.0018092805449127288	SMARCB1	tf_targeting
SMARCB1#chr22:23791794-23791812(+)	9396.0	609.0	359.0	250.0	-0.052701393	-0.03946013596279002	1.309451	0.06481481481481481	SMARCB1	tf_targeting
SMARCB1#chr22:23791797-23791815(+)	9396.0	1917.0	791.0	1126.0	-0.14219500499999999	-0.09829044076135973	1.2806329	0.20402298850574713	SMARCB1	tf_targeting
SMARCB1#chr22:23791807-23791825(-)	9396.0	13.0	10.0	3.0	-0.0097851785	-0.022028009253363772	1.4866946	0.0013835674755214985	SMARCB1	tf_targeting
SMARCB1#chr22:23791813-23791831(+)	9396.0	27.0	21.0	6.0	-0.0259709865	-0.04447052969628152	1.5953257	0.0028735632183908046	SMARCB1	tf_targeting
SMARCC1#chr3:47781383-47781401(+)	9396.0	191.0	122.0	69.0	-0.018672771499999997	-0.020443344019907665	2.3937676	0.020327799063431247	SMARCC1	tf_targeting
SMARCC1#chr3:47781489-47781507(-)	9396.0	216.0	158.0	58.0	-0.00358743685	0.0010700129550811162	1.7311481	0.022988505747126436	SMARCC1	tf_targeting
SMARCC1#chr3:47781809-47781827(-)	9396.0	124.0	82.0	42.0	-0.0250175595	-0.03978499857289538	2.683672	0.01319710515112814	SMARCC1	tf_targeting
SMARCC1#chr3:47781830-47781848(-)	9396.0	1.0	1.0	0.0	-0.0484917295	-0.03808223009300186	2.0338416	0.00010642826734780758	SMARCC1	tf_targeting
SMARCC1#chr3:47781840-47781858(-)	9396.0	221.0	142.0	79.0	-0.00692815705	-0.008756846874001701	2.7069414	0.023520647083865476	SMARCC1	tf_targeting
SMARCC1#chr3:47781854-47781872(-)	9396.0	1446.0	524.0	922.0	-0.14152014499999999	-0.13709256440241274	2.5197453	0.15389527458492977	SMARCC1	tf_targeting
SMARCC2#chr12:56189298-56189316(-)	9396.0	545.0	270.0	275.0	-0.08997675	-0.07730523028414964	1.5685977	0.05800340570455513	SMARCC2	tf_targeting
SMARCC2#chr12:56189382-56189400(+)	9396.0	307.0	118.0	189.0	-0.0275537185	-0.03646844469601938	1.4321243	0.032673478075776925	SMARCC2	tf_targeting
SMARCC2#chr12:56189439-56189457(-)	9396.0	58.0	50.0	8.0	-0.0010894726500000002	-0.008142260609367284	1.6976447	0.006172839506172839	SMARCC2	tf_targeting
SMARCC2#chr12:56189442-56189460(-)	9396.0	25.0	18.0	7.0	0.000484107445	-0.00726895265980066	1.6727798	0.0026607066836951895	SMARCC2	tf_targeting
SMARCC2#chr12:56189458-56189476(-)	9396.0	4.0	2.0	2.0	-0.0217207635	-0.03997270012010632	1.6768687	0.0004257130693912303	SMARCC2	tf_targeting
SMARCC2#chr12:56189461-56189479(-)	9396.0	600.0	346.0	254.0	-0.068548462	-0.05132033838638538	1.2874439	0.06385696040868455	SMARCC2	tf_targeting
SMARCD1#chr12:50085236-50085254(-)	9396.0	975.0	369.0	606.0	-0.13088241	-0.14052435824510676	1.8232052	0.10376756066411238	SMARCD1	tf_targeting
SMARCD1#chr12:50085258-50085276(-)	9396.0	37.0	18.0	19.0	-0.0005754799	-0.007624096623074776	1.564968	0.0039378458918688805	SMARCD1	tf_targeting
SMARCD1#chr12:50085411-50085429(+)	9396.0	3.0	3.0	0.0	-0.041421797499999996	-0.07039240843538472	2.4782689	0.00031928480204342275	SMARCD1	tf_targeting
SMARCD1#chr12:50085594-50085612(+)	9396.0	1201.0	478.0	723.0	-0.18842921499999998	-0.14417092854078992	1.3707193	0.1278203490847169	SMARCD1	tf_targeting
SMARCD1#chr12:50085598-50085616(+)	9396.0	0.0	0.0	0.0	-0.052710725	-0.05163289502862836	2.2738094	0.0	SMARCD1	tf_targeting
SMARCD1#chr12:50085680-50085698(+)	9396.0	669.0	399.0	270.0	-0.032609552	-0.01865135200117023	1.1379482	0.07120051085568327	SMARCD1	tf_targeting
SMARCD2#chr17:63842670-63842688(-)	9396.0	540.0	260.0	280.0	-0.058883181	-0.060098026348005644	1.1534905	0.05747126436781609	SMARCD2	tf_targeting
SMARCD2#chr17:63842687-63842705(-)	9396.0	87.0	72.0	15.0	0.0086918935	0.010110549375244787	0.8447976	0.009259259259259259	SMARCD2	tf_targeting
SMARCD2#chr17:63842700-63842718(-)	9396.0	265.0	177.0	88.0	-0.019532539	-0.01586593072463644	1.1141971	0.02820349084716901	SMARCD2	tf_targeting
SMARCD2#chr17:63842721-63842739(-)	9396.0	40.0	37.0	3.0	0.0049179024	0.004117967551579054	0.9399905	0.004257130693912303	SMARCD2	tf_targeting
SMARCD2#chr17:63842942-63842960(+)	9396.0	15.0	12.0	3.0	-0.0085520135	-0.016737443106817153	1.3068657	0.0015964240102171138	SMARCD2	tf_targeting
SMARCD2#chr17:63842945-63842963(+)	9396.0	993.0	582.0	411.0	-0.0600807935	-0.0323536264588974	1.0199375	0.10568326947637292	SMARCD2	tf_targeting
SMARCD3#chr7:151248441-151248459(-)	9397.0	88.0	60.0	28.0	0.015152056	0.015005767229106374	0.9835684	0.009364690858784719	SMARCD3	tf_targeting
SMARCD3#chr7:151248463-151248481(-)	9397.0	3.0	1.0	2.0	-0.014905197	-0.030361584640545915	1.7361248	0.00031925082473129723	SMARCD3	tf_targeting
SMARCD3#chr7:151248477-151248495(-)	9397.0	8.0	6.0	2.0	-0.025012275	-0.039361920559126524	1.705593	0.0008513355326167926	SMARCD3	tf_targeting
SMARCD3#chr7:151248487-151248505(-)	9397.0	38.0	30.0	8.0	0.01805463	0.017976945592982654	1.123299	0.004043843779929765	SMARCD3	tf_targeting
SMARCD3#chr7:151248645-151248663(+)	9397.0	10.0	8.0	2.0	-0.01570785	-0.02976498150707726	1.5246661	0.0010641694157709908	SMARCD3	tf_targeting
SMARCD3#chr7:151248651-151248669(-)	9397.0	387.0	202.0	185.0	-0.024401326	-0.025738072679355645	0.9938995	0.04118335639033734	SMARCD3	tf_targeting
SMARCD3#chr7:151276985-151277003(+)	9397.0	4.0	1.0	3.0	-0.029401468	-0.048289355178131314	2.2480288	0.0004256677663083963	SMARCD3	tf_targeting
SMARCD3#chr7:151277033-151277051(+)	9397.0	17.0	15.0	2.0	0.0006993308	-0.007156967900043631	1.3744879	0.0018090880068106843	SMARCD3	tf_targeting
SMARCD3#chr7:151277068-151277086(+)	9397.0	77.0	65.0	12.0	-0.00064914266	2.6593531526561268e-05	1.6092683	0.008194104501436629	SMARCD3	tf_targeting
SMARCD3#chr7:151277106-151277124(+)	9397.0	11.0	9.0	2.0	0.0008827837	-0.006721451557421411	1.162631	0.0011705863573480899	SMARCD3	tf_targeting
SMARCD3#chr7:151277121-151277139(-)	9397.0	653.0	305.0	348.0	-0.07367601	-0.05437993490034138	1.5410641	0.06949026284984569	SMARCD3	tf_targeting
SMARCD3#chr7:151277150-151277168(+)	9397.0	12.0	8.0	4.0	-0.011660167	-0.022076907803446844	2.1802309	0.001277003298925189	SMARCD3	tf_targeting
SOX2#chr3:181711908-181711926(+)	9397.0	35.0	31.0	4.0	-0.016727887	-0.025615409432373098	3.6872885	0.0037245929551984677	SOX2	tf_targeting
SOX2#chr3:181712018-181712036(-)	9397.0	25.0	19.0	6.0	-2.6174297e-05	-0.0029949671719201884	1.1637267	0.002660423539427477	SOX2	tf_targeting
SOX2#chr3:181712126-181712144(+)	9397.0	319.0	178.0	141.0	-0.05667516	-0.05945356769013056	1.6948826	0.033947004363094606	SOX2	tf_targeting
SOX2#chr3:181712171-181712189(-)	9397.0	108.0	86.0	22.0	0.0029356403	0.0018121400752931784	1.3594853	0.0114930296903267	SOX2	tf_targeting
SOX2#chr3:181712398-181712416(+)	9397.0	276.0	209.0	67.0	-0.0012379944	0.005419437311160689	1.018904	0.029371075875279345	SOX2	tf_targeting
SOX2#chr3:181712421-181712439(+)	9397.0	171.0	112.0	59.0	0.0057129655	0.003841744483560073	0.8326746	0.018197297009683942	SOX2	tf_targeting
SUZ12#chr17:31937137-31937155(-)	9396.0	63.0	50.0	13.0	-0.0062546053	-0.014242668015479885	2.138453	0.006704980842911878	SUZ12	tf_targeting
SUZ12#chr17:31937142-31937160(-)	9396.0	479.0	246.0	233.0	-0.28008359	-0.22097869585461213	4.3431344	0.05097914005959983	SUZ12	tf_targeting
SUZ12#chr17:31937193-31937211(+)	9396.0	114.0	63.0	51.0	-0.0035868912999999997	-0.009592567075785013	1.1045026	0.012132822477650063	SUZ12	tf_targeting
SUZ12#chr17:31937204-31937222(+)	9396.0	0.0	0.0	0.0	-0.049116515	-0.07214981156798372	2.58448	0.0	SUZ12	tf_targeting
SUZ12#chr17:31937316-31937334(+)	9396.0	798.0	451.0	347.0	-0.064484478	-0.043244120574345714	1.6187439	0.08492975734355045	SUZ12	tf_targeting
SUZ12#chr17:31937369-31937387(+)	9396.0	123.0	104.0	19.0	0.00556316645	0.012185179599502553	3.0084264	0.013090676883780333	SUZ12	tf_targeting
TBX3#chr12:114684146-114684164(-)	9397.0	22.0	17.0	5.0	-0.0022341714	-0.012046728915108185	1.2000904	0.0023411727146961797	TBX3	tf_targeting
TBX3#chr12:114684150-114684168(-)	9397.0	11.0	11.0	0.0	0.0066041155	-0.0035283624270775783	1.9023479	0.0011705863573480899	TBX3	tf_targeting
TBX3#chr12:114684156-114684174(-)	9397.0	133.0	70.0	63.0	0.0013152639	-0.004385943434775885	1.2643855	0.014153453229754177	TBX3	tf_targeting
TBX3#chr12:114684163-114684181(+)	9397.0	12.0	8.0	4.0	0.0014888716	-0.0004344636631397255	0.8117214	0.001277003298925189	TBX3	tf_targeting
TBX3#chr12:114684173-114684191(+)	9397.0	8.0	7.0	1.0	-0.019898409	-0.030687554824931147	1.3259724	0.0008513355326167926	TBX3	tf_targeting
TBX3#chr12:114684178-114684196(+)	9397.0	49.0	38.0	11.0	0.015145261	0.015062887316284794	1.3070765	0.005214430137277855	TBX3	tf_targeting
TCF12#chr15:56918689-56918707(-)	9396.0	108.0	89.0	19.0	-0.00359440105	-0.002615337698822366	1.0822971	0.011494252873563218	TCF12	tf_targeting
TCF12#chr15:56918695-56918713(+)	9396.0	1299.0	626.0	673.0	-0.152470565	-0.0982901630855098	1.1999521	0.13825031928480205	TCF12	tf_targeting
TCF12#chr15:56918698-56918716(+)	9396.0	50.0	34.0	16.0	0.00832811	0.0061216942766261495	0.94815916	0.005321413367390379	TCF12	tf_targeting
TCF12#chr15:56918702-56918720(-)	9396.0	16.0	12.0	4.0	-0.01103972825	-0.022791057267054066	1.1257459	0.0017028522775649213	TCF12	tf_targeting
TCF12#chr15:56918718-56918736(+)	9396.0	212.0	155.0	57.0	-0.001940148	-7.195705947293503e-05	0.8227842	0.022562792677735206	TCF12	tf_targeting
TCF12#chr15:56918970-56918988(-)	9396.0	62.0	46.0	16.0	-0.05166132	-0.06563789058196981	2.3930316	0.00659855257556407	TCF12	tf_targeting
TCF12#chr15:57219458-57219476(+)	9396.0	242.0	204.0	38.0	0.0106331195	0.014466755891640273	0.9361446	0.025755640698169435	TCF12	tf_targeting
TCF12#chr15:57219532-57219550(+)	9396.0	89.0	47.0	42.0	0.0008257331	-0.0004642024328185396	0.8013534	0.009472115793954874	TCF12	tf_targeting
TCF12#chr15:57219540-57219558(-)	9396.0	617.0	368.0	249.0	-0.07578103	-0.05095149529937923	1.0299482	0.06566624095359727	TCF12	tf_targeting
TCF12#chr15:57219545-57219563(-)	9396.0	52.0	41.0	11.0	0.0132827835	0.01242097978586605	1.1690096	0.005534269902085994	TCF12	tf_targeting
TCF12#chr15:57219562-57219580(+)	9396.0	1073.0	471.0	602.0	-0.21949836	-0.16005260892736056	1.4561477	0.11419753086419752	TCF12	tf_targeting
TCF12#chr15:57219656-57219674(+)	9396.0	56.0	39.0	17.0	-0.023681696500000002	-0.037026011516645016	1.2205076	0.005959982971477224	TCF12	tf_targeting
TCF7#chr5:134114699-134114717(-)	9396.0	61.0	45.0	16.0	0.0155941595	0.01681851767030029	0.8275548	0.006492124308216263	TCF7	tf_targeting
TCF7#chr5:134114704-134114722(+)	9396.0	213.0	148.0	65.0	-0.00765568185	-0.01254391197828246	1.4131564	0.022669220945083016	TCF7	tf_targeting
TCF7#chr5:134114765-134114783(-)	9396.0	83.0	59.0	24.0	0.00574918605	0.004083385599601725	1.2433431	0.008833546189868029	TCF7	tf_targeting
TCF7#chr5:134114769-134114787(-)	9396.0	15.0	8.0	7.0	0.000402347505	-0.006643909539161347	0.97944117	0.0015964240102171138	TCF7	tf_targeting
TCF7#chr5:134115497-134115515(+)	9396.0	132.0	102.0	30.0	-0.025451921000000002	-0.033568072818398575	1.3601502	0.0140485312899106	TCF7	tf_targeting
TCF7#chr5:134115500-134115518(+)	9396.0	1.0	1.0	0.0	-0.045988043	-0.06662564809065996	2.063035	0.00010642826734780758	TCF7	tf_targeting
TCF7L1#chr2:85133442-85133460(+)	9396.0	182.0	142.0	40.0	0.00689181815	0.013724429847138142	0.9660982	0.019369944657300978	TCF7L1	tf_targeting
TCF7L1#chr2:85133469-85133487(-)	9396.0	394.0	211.0	183.0	-0.0108872915	-0.010474679980718124	1.0213325	0.041932737335036184	TCF7L1	tf_targeting
TCF7L1#chr2:85133581-85133599(+)	9396.0	211.0	91.0	120.0	-0.0080226895	-0.013054819896965575	0.9571284	0.022456364410387397	TCF7L1	tf_targeting
TCF7L1#chr2:85133584-85133602(+)	9396.0	857.0	333.0	524.0	-0.076901022	-0.07711257243770712	1.34385	0.09120902511707109	TCF7L1	tf_targeting
TCF7L1#chr2:85133800-85133818(+)	9396.0	445.0	198.0	247.0	-0.06400453	-0.06205222849720987	1.9556386	0.04736057896977437	TCF7L1	tf_targeting
TCF7L1#chr2:85133856-85133874(+)	9396.0	340.0	218.0	122.0	-0.0372612565	-0.03041705949269253	1.2094272	0.036185610898254575	TCF7L1	tf_targeting
TCF7L2#chr10:112950246-112950264(-)	9396.0	89.0	55.0	34.0	0.00469347465	0.005743202422265007	0.70008796	0.009472115793954874	TCF7L2	tf_targeting
TCF7L2#chr10:112950261-112950279(-)	9396.0	500.0	329.0	171.0	-0.0509681835	-0.04193918141237612	1.179499	0.05321413367390379	TCF7L2	tf_targeting
TCF7L2#chr10:112950266-112950284(-)	9396.0	103.0	71.0	32.0	-0.22285492	-0.21103434548212666	2.3565607	0.01096211153682418	TCF7L2	tf_targeting
TCF7L2#chr10:112950277-112950295(-)	9396.0	1942.0	760.0	1182.0	-0.071523245	-0.06264322056717742	1.0863005	0.20668369518944232	TCF7L2	tf_targeting
TCF7L2#chr10:112950282-112950300(-)	9396.0	408.0	184.0	224.0	-0.0237643545	-0.028431570767272245	1.1549329	0.04342273307790549	TCF7L2	tf_targeting
TCF7L2#chr10:112950297-112950315(-)	9396.0	1014.0	430.0	584.0	-0.1427812	-0.10651921479359548	1.146939	0.10791826309067688	TCF7L2	tf_targeting
TFCP2L1#chr2:121284700-121284718(+)	9397.0	95.0	58.0	37.0	-0.03004437	-0.046915864048478764	2.1029742	0.010109609449824412	TFCP2L1	tf_targeting
TFCP2L1#chr2:121284793-121284811(-)	9397.0	0.0	0.0	0.0	-0.071300015	-0.04768709486640502	1.9943767	0.0	TFCP2L1	tf_targeting
TFCP2L1#chr2:121284796-121284814(+)	9397.0	54.0	50.0	4.0	0.005156337	0.007143423015269341	1.225114	0.00574651484516335	TFCP2L1	tf_targeting
TFCP2L1#chr2:121285117-121285135(+)	9397.0	126.0	106.0	20.0	-0.009021054	-0.010346828229324945	1.1092435	0.013408534638714484	TFCP2L1	tf_targeting
TFCP2L1#chr2:121285141-121285159(+)	9397.0	19.0	12.0	7.0	0.006704684	0.0035190873329960623	1.2241545	0.0020219218899648825	TFCP2L1	tf_targeting
TFCP2L1#chr2:121285161-121285179(+)	9397.0	1.0	1.0	0.0	-0.082250506	-0.040175751166267856	1.7053481	0.00010641694157709908	TFCP2L1	tf_targeting
TFRC#A	9396.0	457.0	360.0	97.0	-0.0143767875	-0.003528710557120062	0.58780706	0.04863771817794806	TFRC	positive_control
non-targeting_00013	9397.0	26.0	20.0	6.0	-0.002237578	-0.007973855413670105	1.1411201	0.002766840481004576	non-targeting	non_targeting
non-targeting_00166	9397.0	1339.0	615.0	724.0	-0.21671037	-0.12494783762289986	1.4846524	0.14249228477173567	non-targeting	non_targeting
non-targeting_00518	9397.0	11.0	10.0	1.0	0.002849638	-0.00272690291501277	1.0629472	0.0011705863573480899	non-targeting	non_targeting
non-targeting_00550	9397.0	30.0	23.0	7.0	-0.009602884	-0.026382014156810896	2.1442447	0.0031925082473129723	non-targeting	non_targeting
non-targeting_00642	9397.0	37.0	24.0	13.0	-0.00712607	-0.009120447882176239	1.2236744	0.003937426838352666	non-targeting	non_targeting
non-targeting_00718	9397.0	523.0	226.0	297.0	-0.037557017	-0.04241795516520038	1.2212635	0.05565606044482282	non-targeting	non_targeting
non-targeting_00954	9397.0	17.0	10.0	7.0	-0.009490406	-0.017554265730556348	1.2253137	0.0018090880068106843	non-targeting	non_targeting
non-targeting_01136	9397.0	45.0	34.0	11.0	0.0010939151	-0.0022215218872876983	1.3080685	0.0047887623709694585	non-targeting	non_targeting
non-targeting_01227	9397.0	830.0	426.0	404.0	-0.04548898	-0.03169648463514526	1.0610553	0.08832606150899223	non-targeting	non_targeting
non-targeting_01298	9397.0	28.0	22.0	6.0	0.0039796312	-0.0007319547835887308	0.8765708	0.002979674364158774	non-targeting	non_targeting
non-targeting_01469	9397.0	19.0	12.0	7.0	0.0003177902	-0.003014996500041141	1.0926176	0.0020219218899648825	non-targeting	non_targeting
non-targeting_01498	9397.0	0.0	0.0	0.0	-0.026501201	-0.04253703456601213	1.8688813	0.0	non-targeting	non_targeting
non-targeting_01779	9397.0	185.0	117.0	68.0	-0.01419137	-0.012497613797828988	1.0936592	0.01968713419176333	non-targeting	non_targeting
non-targeting_01967	9397.0	127.0	97.0	30.0	0.0002107838	-0.00643948330068341	1.2512664	0.013514951580291583	non-targeting	non_targeting
non-targeting_01981	9397.0	658.0	312.0	346.0	-0.16654637	-0.1269189491978238	1.6331708	0.0700223475577312	non-targeting	non_targeting
non-targeting_02417	9397.0	61.0	49.0	12.0	0.010341467	0.014664474347686283	1.1254852	0.006491433436203044	non-targeting	non_targeting
non-targeting_02459	9397.0	741.0	435.0	306.0	-0.06728239	-0.04662223446026179	1.2653284	0.07885495370863041	non-targeting	non_targeting
non-targeting_02577	9397.0	5.0	2.0	3.0	-0.010135878	-0.019723783829805712	1.7153125	0.0005320847078854954	non-targeting	non_targeting
non-targeting_02578	9397.0	273.0	127.0	146.0	-0.019680647	-0.02654932397425242	1.1470726	0.029051825050548048	non-targeting	non_targeting
non-targeting_02691	9397.0	12.0	10.0	2.0	-0.015729247	-0.035829433569166326	1.688244	0.001277003298925189	non-targeting	non_targeting
non-targeting_02829	9397.0	379.0	215.0	164.0	-0.106504545	-0.09083126798121911	1.3383167	0.04033202085772055	non-targeting	non_targeting
non-targeting_03129	9397.0	11.0	5.0	6.0	-0.022548575	-0.035170703049923646	1.9243139	0.0011705863573480899	non-targeting	non_targeting
non-targeting_03306	9397.0	26.0	20.0	6.0	-0.00021556404	-0.009190193214509418	1.8130132	0.002766840481004576	non-targeting	non_targeting
non-targeting_03347	9397.0	81.0	57.0	24.0	-0.028458133	-0.042842844963924445	1.7572398	0.008619772267745025	non-targeting	non_targeting
non-targeting_03368	9397.0	8.0	4.0	4.0	0.0022054007	-0.008354882667341065	1.3668492	0.0008513355326167926	non-targeting	non_targeting
non-targeting_03484	9397.0	616.0	302.0	314.0	-0.055559687	-0.04974260811393102	1.2284074	0.06555283601149303	non-targeting	non_targeting
non-targeting_03631	9397.0	1435.0	707.0	728.0	-0.11837935	-0.06911211185564403	1.0164484	0.15270831116313718	non-targeting	non_targeting
non-targeting_03639	9397.0	901.0	564.0	337.0	-0.05557448	-0.03258471393296962	0.8751666	0.09588166436096626	non-targeting	non_targeting
non-targeting_03705	9397.0	116.0	103.0	13.0	0.019063042	0.020051952569237416	1.0793241	0.012344365222943493	non-targeting	non_targeting
non-targeting_03783	9397.0	106.0	75.0	31.0	0.021257883	0.019099412069295604	0.8746465	0.011280195807172502	non-targeting	non_targeting
