dataset	short_name	modality	measurement_set	total_reads	paired_reads_mapped	alignment_pct	detected_barcodes	pct_reads_in_onlist
Hon_WTC11-cardiomyocyte-differentiation_TF-Perturb-seq	Hon CM	scRNA	IGVFDS0119GHBM	512000000.0	471000000.0	91.9	16500000.0	87.0
Hon_WTC11-cardiomyocyte-differentiation_TF-Perturb-seq	Hon CM	scRNA	IGVFDS0814DYDR	662000000.0	593000000.0	89.7	22800000.0	85.4
Hon_WTC11-cardiomyocyte-differentiation_TF-Perturb-seq	Hon CM	scRNA	IGVFDS0860HOHE	530000000.0	489000000.0	92.4	22700000.0	84.5
Hon_WTC11-cardiomyocyte-differentiation_TF-Perturb-seq	Hon CM	scRNA	IGVFDS1042ITOF	445000000.0	409000000.0	92.0	18900000.0	85.5
Hon_WTC11-cardiomyocyte-differentiation_TF-Perturb-seq	Hon CM	scRNA	IGVFDS1584ZJUM	553000000.0	506000000.0	91.4	22500000.0	84.5
Hon_WTC11-cardiomyocyte-differentiation_TF-Perturb-seq	Hon CM	scRNA	IGVFDS1867JBBD	505000000.0	457000000.0	90.6	19700000.0	85.6
Hon_WTC11-cardiomyocyte-differentiation_TF-Perturb-seq	Hon CM	scRNA	IGVFDS2653YSTF	540000000.0	498000000.0	92.1	17900000.0	87.5
Hon_WTC11-cardiomyocyte-differentiation_TF-Perturb-seq	Hon CM	scRNA	IGVFDS2933CBPV	604000000.0	555000000.0	91.9	19300000.0	85.8
Hon_WTC11-cardiomyocyte-differentiation_TF-Perturb-seq	Hon CM	scRNA	IGVFDS3275TXAD	475000000.0	435000000.0	91.6	15700000.0	86.1
Hon_WTC11-cardiomyocyte-differentiation_TF-Perturb-seq	Hon CM	scRNA	IGVFDS3599AKSM	523000000.0	481000000.0	92.0	22600000.0	84.2
Hon_WTC11-cardiomyocyte-differentiation_TF-Perturb-seq	Hon CM	scRNA	IGVFDS4080NNVH	471000000.0	434000000.0	92.2	16500000.0	86.7
Hon_WTC11-cardiomyocyte-differentiation_TF-Perturb-seq	Hon CM	scRNA	IGVFDS5151YCLI	580000000.0	535000000.0	92.2	19500000.0	86.8
Hon_WTC11-cardiomyocyte-differentiation_TF-Perturb-seq	Hon CM	scRNA	IGVFDS5304ZOXD	473000000.0	440000000.0	93.0	16000000.0	87.1
Hon_WTC11-cardiomyocyte-differentiation_TF-Perturb-seq	Hon CM	scRNA	IGVFDS5398VEFY	409000000.0	373000000.0	91.2	14900000.0	86.4
Hon_WTC11-cardiomyocyte-differentiation_TF-Perturb-seq	Hon CM	scRNA	IGVFDS6472JBHY	513000000.0	470000000.0	91.7	20800000.0	85.1
Hon_WTC11-cardiomyocyte-differentiation_TF-Perturb-seq	Hon CM	scRNA	IGVFDS6688BORQ	486000000.0	449000000.0	92.4	16900000.0	86.8
Hon_WTC11-cardiomyocyte-differentiation_TF-Perturb-seq	Hon CM	scRNA	IGVFDS6847GSEQ	494000000.0	455000000.0	92.1	20700000.0	84.7
Hon_WTC11-cardiomyocyte-differentiation_TF-Perturb-seq	Hon CM	scRNA	IGVFDS6980CXOR	470000000.0	422000000.0	89.7	18100000.0	85.8
Hon_WTC11-cardiomyocyte-differentiation_TF-Perturb-seq	Hon CM	scRNA	IGVFDS6990PWDJ	485000000.0	442000000.0	91.2	20300000.0	83.9
Hon_WTC11-cardiomyocyte-differentiation_TF-Perturb-seq	Hon CM	scRNA	IGVFDS7181KBXZ	592000000.0	542000000.0	91.7	19400000.0	85.6
Hon_WTC11-cardiomyocyte-differentiation_TF-Perturb-seq	Hon CM	scRNA	IGVFDS7696ONVJ	577000000.0	527000000.0	91.4	20900000.0	86.0
Hon_WTC11-cardiomyocyte-differentiation_TF-Perturb-seq	Hon CM	scRNA	IGVFDS8493OWMF	522000000.0	480000000.0	91.8	16900000.0	86.4
Hon_WTC11-cardiomyocyte-differentiation_TF-Perturb-seq	Hon CM	scRNA	IGVFDS8548HJBX	471000000.0	435000000.0	92.3	20900000.0	84.3
Hon_WTC11-cardiomyocyte-differentiation_TF-Perturb-seq	Hon CM	scRNA	IGVFDS9367JFNB	558000000.0	512000000.0	91.8	17800000.0	88.0
Hon_WTC11-cardiomyocyte-differentiation_TF-Perturb-seq	Hon CM	scRNA	IGVFDS9568EYXJ	511000000.0	474000000.0	92.7	22300000.0	84.6
Hon_WTC11-cardiomyocyte-differentiation_TF-Perturb-seq	Hon CM	scRNA	IGVFDS9699UXJW	492000000.0	454000000.0	92.3	19900000.0	85.6
Hon_WTC11-cardiomyocyte-differentiation_TF-Perturb-seq	Hon CM	Guide	IGVFDS0119GHBM	187000000.0	159000000.0	85.2	1960000.0	94.8
Hon_WTC11-cardiomyocyte-differentiation_TF-Perturb-seq	Hon CM	Guide	IGVFDS0814DYDR	142000000.0	119000000.0	83.8	2089999.9999999998	94.6
Hon_WTC11-cardiomyocyte-differentiation_TF-Perturb-seq	Hon CM	Guide	IGVFDS0860HOHE	140000000.0	117000000.0	83.9	2150000.0	94.6
Hon_WTC11-cardiomyocyte-differentiation_TF-Perturb-seq	Hon CM	Guide	IGVFDS1042ITOF	118000000.0	98500000.0	83.8	1950000.0	94.7
Hon_WTC11-cardiomyocyte-differentiation_TF-Perturb-seq	Hon CM	Guide	IGVFDS1584ZJUM	148000000.0	124000000.0	83.4	2160000.0	94.6
Hon_WTC11-cardiomyocyte-differentiation_TF-Perturb-seq	Hon CM	Guide	IGVFDS1867JBBD	164000000.0	138000000.0	84.1	2260000.0	94.6
Hon_WTC11-cardiomyocyte-differentiation_TF-Perturb-seq	Hon CM	Guide	IGVFDS2653YSTF	136000000.0	116000000.0	85.2	1790000.0	94.9
Hon_WTC11-cardiomyocyte-differentiation_TF-Perturb-seq	Hon CM	Guide	IGVFDS2933CBPV	157000000.0	134000000.0	85.2	2310000.0	94.9
Hon_WTC11-cardiomyocyte-differentiation_TF-Perturb-seq	Hon CM	Guide	IGVFDS3275TXAD	180000000.0	154000000.0	85.5	2410000.0	94.9
Hon_WTC11-cardiomyocyte-differentiation_TF-Perturb-seq	Hon CM	Guide	IGVFDS3599AKSM	186000000.0	155000000.0	83.4	2340000.0	94.6
Hon_WTC11-cardiomyocyte-differentiation_TF-Perturb-seq	Hon CM	Guide	IGVFDS4080NNVH	190000000.0	162000000.0	85.3	2280000.0	94.8
Hon_WTC11-cardiomyocyte-differentiation_TF-Perturb-seq	Hon CM	Guide	IGVFDS5151YCLI	160000000.0	136000000.0	85.1	1900000.0	94.8
Hon_WTC11-cardiomyocyte-differentiation_TF-Perturb-seq	Hon CM	Guide	IGVFDS5304ZOXD	204000000.0	173000000.0	85.0	2120000.0	94.8
Hon_WTC11-cardiomyocyte-differentiation_TF-Perturb-seq	Hon CM	Guide	IGVFDS5398VEFY	175000000.0	121000000.0	69.3	2160000.0	94.4
Hon_WTC11-cardiomyocyte-differentiation_TF-Perturb-seq	Hon CM	Guide	IGVFDS6472JBHY	158000000.0	132000000.0	83.7	2180000.0	94.6
Hon_WTC11-cardiomyocyte-differentiation_TF-Perturb-seq	Hon CM	Guide	IGVFDS6688BORQ	166000000.0	141000000.0	85.0	1950000.0	94.8
Hon_WTC11-cardiomyocyte-differentiation_TF-Perturb-seq	Hon CM	Guide	IGVFDS6847GSEQ	193000000.0	161000000.0	83.4	2310000.0	94.6
Hon_WTC11-cardiomyocyte-differentiation_TF-Perturb-seq	Hon CM	Guide	IGVFDS6980CXOR	169000000.0	141000000.0	84.0	2170000.0	94.7
Hon_WTC11-cardiomyocyte-differentiation_TF-Perturb-seq	Hon CM	Guide	IGVFDS6990PWDJ	182000000.0	151000000.0	83.1	2290000.0	94.5
Hon_WTC11-cardiomyocyte-differentiation_TF-Perturb-seq	Hon CM	Guide	IGVFDS7181KBXZ	173000000.0	147000000.0	85.4	2330000.0	94.8
Hon_WTC11-cardiomyocyte-differentiation_TF-Perturb-seq	Hon CM	Guide	IGVFDS7696ONVJ	145000000.0	122000000.0	84.1	2040000.0	94.6
Hon_WTC11-cardiomyocyte-differentiation_TF-Perturb-seq	Hon CM	Guide	IGVFDS8493OWMF	165000000.0	141000000.0	85.6	2300000.0	94.9
Hon_WTC11-cardiomyocyte-differentiation_TF-Perturb-seq	Hon CM	Guide	IGVFDS8548HJBX	180000000.0	151000000.0	83.6	2280000.0	94.6
Hon_WTC11-cardiomyocyte-differentiation_TF-Perturb-seq	Hon CM	Guide	IGVFDS9367JFNB	189000000.0	124000000.0	65.5	1990000.0	94.5
Hon_WTC11-cardiomyocyte-differentiation_TF-Perturb-seq	Hon CM	Guide	IGVFDS9568EYXJ	140000000.0	117000000.0	84.1	2110000.0	94.5
Hon_WTC11-cardiomyocyte-differentiation_TF-Perturb-seq	Hon CM	Guide	IGVFDS9699UXJW	143000000.0	120000000.0	84.0	2120000.0	94.6
Hon_WTC11-cardiomyocyte-differentiation_TF-Perturb-seq	Hon CM	Hashing	IGVFDS0119GHBM	53200000.0	48300000.0	90.9	2240000.0	94.6
Hon_WTC11-cardiomyocyte-differentiation_TF-Perturb-seq	Hon CM	Hashing	IGVFDS0814DYDR	61300000.0	56200000.0	91.7	2150000.0	94.4
Hon_WTC11-cardiomyocyte-differentiation_TF-Perturb-seq	Hon CM	Hashing	IGVFDS0860HOHE	54000000.0	49200000.0	91.1	2049999.9999999998	94.3
Hon_WTC11-cardiomyocyte-differentiation_TF-Perturb-seq	Hon CM	Hashing	IGVFDS1042ITOF	59000000.0	53800000.0	91.3	2340000.0	94.2
Hon_WTC11-cardiomyocyte-differentiation_TF-Perturb-seq	Hon CM	Hashing	IGVFDS1584ZJUM	55200000.0	50100000.0	90.8	2210000.0	94.2
Hon_WTC11-cardiomyocyte-differentiation_TF-Perturb-seq	Hon CM	Hashing	IGVFDS1867JBBD	61800000.0	56600000.0	91.6	2330000.0	94.3
Hon_WTC11-cardiomyocyte-differentiation_TF-Perturb-seq	Hon CM	Hashing	IGVFDS2653YSTF	59300000.0	54600000.0	92.1	2300000.0	94.6
Hon_WTC11-cardiomyocyte-differentiation_TF-Perturb-seq	Hon CM	Hashing	IGVFDS2933CBPV	58200000.0	53900000.0	92.7	2080000.0	94.7
Hon_WTC11-cardiomyocyte-differentiation_TF-Perturb-seq	Hon CM	Hashing	IGVFDS3275TXAD	48900000.0	44800000.0	91.6	2180000.0	94.4
Hon_WTC11-cardiomyocyte-differentiation_TF-Perturb-seq	Hon CM	Hashing	IGVFDS3599AKSM	54700000.0	50100000.0	91.6	2100000.0	94.3
Hon_WTC11-cardiomyocyte-differentiation_TF-Perturb-seq	Hon CM	Hashing	IGVFDS4080NNVH	63500000.0	58200000.0	91.7	2460000.0	94.5
Hon_WTC11-cardiomyocyte-differentiation_TF-Perturb-seq	Hon CM	Hashing	IGVFDS5151YCLI	48300000.0	44200000.0	91.4	2080000.0	94.5
Hon_WTC11-cardiomyocyte-differentiation_TF-Perturb-seq	Hon CM	Hashing	IGVFDS5304ZOXD	56800000.0	52000000.0	91.5	2330000.0	94.5
Hon_WTC11-cardiomyocyte-differentiation_TF-Perturb-seq	Hon CM	Hashing	IGVFDS5398VEFY	50800000.0	47800000.0	94.1	2029999.9999999998	94.1
Hon_WTC11-cardiomyocyte-differentiation_TF-Perturb-seq	Hon CM	Hashing	IGVFDS6472JBHY	67500000.0	61900000.0	91.6	2340000.0	94.4
Hon_WTC11-cardiomyocyte-differentiation_TF-Perturb-seq	Hon CM	Hashing	IGVFDS6688BORQ	55700000.0	51300000.0	92.1	2180000.0	94.5
Hon_WTC11-cardiomyocyte-differentiation_TF-Perturb-seq	Hon CM	Hashing	IGVFDS6847GSEQ	54200000.0	49400000.0	91.1	2080000.0	94.5
Hon_WTC11-cardiomyocyte-differentiation_TF-Perturb-seq	Hon CM	Hashing	IGVFDS6980CXOR	63700000.0	58400000.0	91.6	2330000.0	94.3
Hon_WTC11-cardiomyocyte-differentiation_TF-Perturb-seq	Hon CM	Hashing	IGVFDS6990PWDJ	47700000.0	43400000.0	91.1	1900000.0	94.4
Hon_WTC11-cardiomyocyte-differentiation_TF-Perturb-seq	Hon CM	Hashing	IGVFDS7181KBXZ	51500000.0	47200000.0	91.7	2140000.0	94.5
Hon_WTC11-cardiomyocyte-differentiation_TF-Perturb-seq	Hon CM	Hashing	IGVFDS7696ONVJ	59700000.0	54900000.0	91.9	2100000.0	94.3
Hon_WTC11-cardiomyocyte-differentiation_TF-Perturb-seq	Hon CM	Hashing	IGVFDS8493OWMF	57400000.0	52600000.0	91.5	2350000.0	94.5
Hon_WTC11-cardiomyocyte-differentiation_TF-Perturb-seq	Hon CM	Hashing	IGVFDS8548HJBX	42600000.0	38800000.0	91.1	1770000.0	94.2
Hon_WTC11-cardiomyocyte-differentiation_TF-Perturb-seq	Hon CM	Hashing	IGVFDS9367JFNB	53200000.0	50000000.0	93.9	2120000.0	94.1
Hon_WTC11-cardiomyocyte-differentiation_TF-Perturb-seq	Hon CM	Hashing	IGVFDS9568EYXJ	52600000.0	47600000.0	90.5	2180000.0	94.0
Hon_WTC11-cardiomyocyte-differentiation_TF-Perturb-seq	Hon CM	Hashing	IGVFDS9699UXJW	54300000.0	49500000.0	91.2	2240000.0	94.2
Huangfu_HUES8-definitive-endoderm-differentiation_TF-Perturb-seq	Huangfu DE	scRNA	IGVFDS0788TUIL	460000000.0	417000000.0	90.6	17100000.0	88.8
Huangfu_HUES8-definitive-endoderm-differentiation_TF-Perturb-seq	Huangfu DE	scRNA	IGVFDS1313VGHL	424000000.0	384000000.0	90.6	15800000.0	89.0
Huangfu_HUES8-definitive-endoderm-differentiation_TF-Perturb-seq	Huangfu DE	scRNA	IGVFDS1403KZYV	467000000.0	422000000.0	90.3	15400000.0	89.6
Huangfu_HUES8-definitive-endoderm-differentiation_TF-Perturb-seq	Huangfu DE	scRNA	IGVFDS1437XFJK	417000000.0	379000000.0	90.9	16800000.0	88.4
Huangfu_HUES8-definitive-endoderm-differentiation_TF-Perturb-seq	Huangfu DE	scRNA	IGVFDS2129VHBD	443000000.0	397000000.0	89.6	16800000.0	88.4
Huangfu_HUES8-definitive-endoderm-differentiation_TF-Perturb-seq	Huangfu DE	scRNA	IGVFDS2520ZEYH	436000000.0	393000000.0	90.2	16800000.0	88.9
Huangfu_HUES8-definitive-endoderm-differentiation_TF-Perturb-seq	Huangfu DE	scRNA	IGVFDS3434HGEI	449000000.0	406000000.0	90.3	16800000.0	89.1
Huangfu_HUES8-definitive-endoderm-differentiation_TF-Perturb-seq	Huangfu DE	scRNA	IGVFDS4079VXPX	430000000.0	380000000.0	88.5	17700000.0	87.9
Huangfu_HUES8-definitive-endoderm-differentiation_TF-Perturb-seq	Huangfu DE	Guide	IGVFDS0788TUIL	91900000.0	30200000.0	32.8	728000.0	97.1
Huangfu_HUES8-definitive-endoderm-differentiation_TF-Perturb-seq	Huangfu DE	Guide	IGVFDS1313VGHL	107000000.0	44600000.0	41.6	856000.0	97.1
Huangfu_HUES8-definitive-endoderm-differentiation_TF-Perturb-seq	Huangfu DE	Guide	IGVFDS1403KZYV	93700000.0	36700000.0	39.2	784000.0	97.1
Huangfu_HUES8-definitive-endoderm-differentiation_TF-Perturb-seq	Huangfu DE	Guide	IGVFDS1437XFJK	93900000.0	37600000.0	40.1	828000.0	97.0
Huangfu_HUES8-definitive-endoderm-differentiation_TF-Perturb-seq	Huangfu DE	Guide	IGVFDS2129VHBD	96600000.0	35200000.0	36.5	794000.0	97.1
Huangfu_HUES8-definitive-endoderm-differentiation_TF-Perturb-seq	Huangfu DE	Guide	IGVFDS2520ZEYH	92700000.0	36000000.0	38.9	759000.0	97.2
Huangfu_HUES8-definitive-endoderm-differentiation_TF-Perturb-seq	Huangfu DE	Guide	IGVFDS3434HGEI	99400000.0	38200000.0	38.5	845000.0	97.1
Huangfu_HUES8-definitive-endoderm-differentiation_TF-Perturb-seq	Huangfu DE	Guide	IGVFDS4079VXPX	81500000.0	29400000.0	36.1	698000.0	97.3
Huangfu_HUES8-embryonic-stemcell-differentiation_TF-Perturb-seq	Huangfu ESC	scRNA	IGVFDS0746MYRH	300000000.0	269000000.0	89.9	14200000.0	85.9
Huangfu_HUES8-embryonic-stemcell-differentiation_TF-Perturb-seq	Huangfu ESC	scRNA	IGVFDS0956UUQN	302000000.0	274000000.0	90.6	12700000.0	88.6
Huangfu_HUES8-embryonic-stemcell-differentiation_TF-Perturb-seq	Huangfu ESC	scRNA	IGVFDS2908DIHX	323000000.0	290000000.0	90.0	13100000.0	88.3
Huangfu_HUES8-embryonic-stemcell-differentiation_TF-Perturb-seq	Huangfu ESC	scRNA	IGVFDS2940LYGK	308000000.0	277000000.0	89.9	13100000.0	87.9
Huangfu_HUES8-embryonic-stemcell-differentiation_TF-Perturb-seq	Huangfu ESC	scRNA	IGVFDS3348KRMQ	328000000.0	296000000.0	90.2	12600000.0	89.0
Huangfu_HUES8-embryonic-stemcell-differentiation_TF-Perturb-seq	Huangfu ESC	scRNA	IGVFDS5934EZKT	340000000.0	310000000.0	91.1	11400000.0	90.4
Huangfu_HUES8-embryonic-stemcell-differentiation_TF-Perturb-seq	Huangfu ESC	scRNA	IGVFDS6247FKDR	327000000.0	295000000.0	90.4	11700000.0	89.4
Huangfu_HUES8-embryonic-stemcell-differentiation_TF-Perturb-seq	Huangfu ESC	scRNA	IGVFDS8623ONYE	340000000.0	305000000.0	89.7	14400000.0	87.8
Huangfu_HUES8-embryonic-stemcell-differentiation_TF-Perturb-seq	Huangfu ESC	Guide	IGVFDS0746MYRH	117000000.0	79300000.0	67.5	1400000.0	96.2
Huangfu_HUES8-embryonic-stemcell-differentiation_TF-Perturb-seq	Huangfu ESC	Guide	IGVFDS0956UUQN	110000000.0	76100000.0	69.2	1250000.0	97.1
Huangfu_HUES8-embryonic-stemcell-differentiation_TF-Perturb-seq	Huangfu ESC	Guide	IGVFDS2908DIHX	110000000.0	72100000.0	65.4	1190000.0	97.1
Huangfu_HUES8-embryonic-stemcell-differentiation_TF-Perturb-seq	Huangfu ESC	Guide	IGVFDS2940LYGK	119000000.0	81000000.0	68.2	1280000.0	97.0
Huangfu_HUES8-embryonic-stemcell-differentiation_TF-Perturb-seq	Huangfu ESC	Guide	IGVFDS3348KRMQ	117000000.0	79900000.0	68.2	1320000.0	96.9
Huangfu_HUES8-embryonic-stemcell-differentiation_TF-Perturb-seq	Huangfu ESC	Guide	IGVFDS5934EZKT	119000000.0	81800000.0	69.0	1300000.0	97.1
Huangfu_HUES8-embryonic-stemcell-differentiation_TF-Perturb-seq	Huangfu ESC	Guide	IGVFDS6247FKDR	122000000.0	83600000.0	68.4	1300000.0	96.7
Huangfu_HUES8-embryonic-stemcell-differentiation_TF-Perturb-seq	Huangfu ESC	Guide	IGVFDS8623ONYE	78700000.0	45500000.0	57.9	962000.0	97.1
Gersbach_WTC11-hepatocyte-differentiation_TF-Perturb-seq	Gersbach Hep	scRNA	A1_S1	1040000000.0	816000000.0	78.3	32700000.000000004	86.2
Gersbach_WTC11-hepatocyte-differentiation_TF-Perturb-seq	Gersbach Hep	scRNA	A2_S2	1310000000.0	1060000000.0	80.9	41800000.0	87.4
Gersbach_WTC11-hepatocyte-differentiation_TF-Perturb-seq	Gersbach Hep	scRNA	A3_S3	1060000000.0	978000000.0	91.9	40400000.0	86.6
Gersbach_WTC11-hepatocyte-differentiation_TF-Perturb-seq	Gersbach Hep	scRNA	A4_S4	1190000000.0	1040000000.0	87.7	43600000.0	87.0
Gersbach_WTC11-hepatocyte-differentiation_TF-Perturb-seq	Gersbach Hep	scRNA	A5_S5	989000000.0	851000000.0	86.1	37900000.0	86.7
Gersbach_WTC11-hepatocyte-differentiation_TF-Perturb-seq	Gersbach Hep	scRNA	A6_S6	1470000000.0	1190000000.0	81.0	42200000.0	88.4
Gersbach_WTC11-hepatocyte-differentiation_TF-Perturb-seq	Gersbach Hep	scRNA	A7_S7	1250000000.0	1090000000.0	87.5	44300000.0	86.5
Gersbach_WTC11-hepatocyte-differentiation_TF-Perturb-seq	Gersbach Hep	scRNA	A8_S8	1270000000.0	1070000000.0000001	84.2	42200000.0	87.2
Gersbach_WTC11-hepatocyte-differentiation_TF-Perturb-seq	Gersbach Hep	scRNA	B1_S9	922000000.0	753000000.0	81.7	34500000.0	86.2
Gersbach_WTC11-hepatocyte-differentiation_TF-Perturb-seq	Gersbach Hep	scRNA	B2_S10	1440000000.0	1320000000.0	91.8	48700000.0	87.1
Gersbach_WTC11-hepatocyte-differentiation_TF-Perturb-seq	Gersbach Hep	scRNA	B3_S11	1190000000.0	936000000.0	78.4	34900000.0	89.4
Gersbach_WTC11-hepatocyte-differentiation_TF-Perturb-seq	Gersbach Hep	scRNA	B4_S12	954000000.0	901000000.0	94.4	41000000.0	87.0
Gersbach_WTC11-hepatocyte-differentiation_TF-Perturb-seq	Gersbach Hep	scRNA	B5_S13	1260000000.0	1090000000.0	85.9	42700000.0	87.8
Gersbach_WTC11-hepatocyte-differentiation_TF-Perturb-seq	Gersbach Hep	scRNA	B6_S14	1040000000.0	919000000.0	88.0	39800000.0	87.0
Gersbach_WTC11-hepatocyte-differentiation_TF-Perturb-seq	Gersbach Hep	scRNA	B7_S15	1060000000.0	833000000.0	78.7	33400000.0	88.5
Gersbach_WTC11-hepatocyte-differentiation_TF-Perturb-seq	Gersbach Hep	scRNA	B8_S16	1470000000.0	1400000000.0	95.1	48200000.0	88.1
Gersbach_WTC11-hepatocyte-differentiation_TF-Perturb-seq	Gersbach Hep	scRNA	C1_S17	422000000.0	369000000.0	87.4	18100000.0	86.9
Gersbach_WTC11-hepatocyte-differentiation_TF-Perturb-seq	Gersbach Hep	scRNA	C2_S18	1350000000.0	1190000000.0	87.8	40500000.0	87.4
Gersbach_WTC11-hepatocyte-differentiation_TF-Perturb-seq	Gersbach Hep	scRNA	C3_S19	1310000000.0	1210000000.0	92.1	40600000.0	87.4
Gersbach_WTC11-hepatocyte-differentiation_TF-Perturb-seq	Gersbach Hep	scRNA	C4_S20	1250000000.0	1120000000.0	89.5	41300000.0	87.7
Gersbach_WTC11-hepatocyte-differentiation_TF-Perturb-seq	Gersbach Hep	scRNA	C5_S21	1210000000.0	1040000000.0	86.7	36800000.0	87.7
Gersbach_WTC11-hepatocyte-differentiation_TF-Perturb-seq	Gersbach Hep	scRNA	C6_S22	1180000000.0	1010000000.0	86.2	39200000.0	87.4
Gersbach_WTC11-hepatocyte-differentiation_TF-Perturb-seq	Gersbach Hep	scRNA	C7_S23	1020000000.0	921000000.0	90.7	37600000.0	87.5
Gersbach_WTC11-hepatocyte-differentiation_TF-Perturb-seq	Gersbach Hep	scRNA	C8_S24	1060000000.0	977000000.0	92.2	38200000.0	88.0
Gersbach_WTC11-hepatocyte-differentiation_TF-Perturb-seq	Gersbach Hep	scRNA	D1_S25	903000000.0	806000000.0	89.2	32200000.000000004	87.0
Gersbach_WTC11-hepatocyte-differentiation_TF-Perturb-seq	Gersbach Hep	scRNA	D2_S26	1200000000.0	1110000000.0	92.1	40800000.0	87.5
Gersbach_WTC11-hepatocyte-differentiation_TF-Perturb-seq	Gersbach Hep	scRNA	D3_S27	1040000000.0	951000000.0	91.8	35500000.0	87.9
Gersbach_WTC11-hepatocyte-differentiation_TF-Perturb-seq	Gersbach Hep	scRNA	D4_S28	1160000000.0	1030000000.0	89.3	38900000.0	87.7
Gersbach_WTC11-hepatocyte-differentiation_TF-Perturb-seq	Gersbach Hep	scRNA	D5_S29	1150000000.0	1070000000.0000001	92.4	38500000.0	87.9
Gersbach_WTC11-hepatocyte-differentiation_TF-Perturb-seq	Gersbach Hep	scRNA	D6_S30	1160000000.0	1060000000.0	91.3	39200000.0	87.0
Gersbach_WTC11-hepatocyte-differentiation_TF-Perturb-seq	Gersbach Hep	scRNA	D7_S31	945000000.0	869000000.0	91.9	35200000.0	87.2
Gersbach_WTC11-hepatocyte-differentiation_TF-Perturb-seq	Gersbach Hep	scRNA	D8_S32	1060000000.0	972000000.0	91.9	34800000.0	88.3
Gersbach_WTC11-hepatocyte-differentiation_TF-Perturb-seq	Gersbach Hep	scRNA	E1_S33	1160000000.0	926000000.0	80.1	35900000.0	86.6
Gersbach_WTC11-hepatocyte-differentiation_TF-Perturb-seq	Gersbach Hep	scRNA	E2_S34	1140000000.0	969000000.0	85.1	38900000.0	86.9
Gersbach_WTC11-hepatocyte-differentiation_TF-Perturb-seq	Gersbach Hep	scRNA	E3_S35	1330000000.0	1160000000.0	87.4	40000000.0	87.7
Gersbach_WTC11-hepatocyte-differentiation_TF-Perturb-seq	Gersbach Hep	scRNA	E4_S36	1110000000.0	998000000.0	89.7	38700000.0	87.8
Gersbach_WTC11-hepatocyte-differentiation_TF-Perturb-seq	Gersbach Hep	scRNA	E5_S37	1440000000.0	1190000000.0	82.0	38000000.0	87.5
Gersbach_WTC11-hepatocyte-differentiation_TF-Perturb-seq	Gersbach Hep	scRNA	E6_S38	1210000000.0	1030000000.0	85.4	41300000.0	86.7
Gersbach_WTC11-hepatocyte-differentiation_TF-Perturb-seq	Gersbach Hep	scRNA	E7_S39	1050000000.0	887000000.0	84.7	35400000.0	86.9
Gersbach_WTC11-hepatocyte-differentiation_TF-Perturb-seq	Gersbach Hep	scRNA	E8_S40	1050000000.0	862000000.0	82.3	35100000.0	87.8
Gersbach_WTC11-hepatocyte-differentiation_TF-Perturb-seq	Gersbach Hep	scRNA	F1_S41	1400000000.0	1130000000.0	81.2	25100000.0	86.8
Gersbach_WTC11-hepatocyte-differentiation_TF-Perturb-seq	Gersbach Hep	scRNA	F2_S42	1490000000.0	1370000000.0	91.6	24800000.0	87.6
Gersbach_WTC11-hepatocyte-differentiation_TF-Perturb-seq	Gersbach Hep	scRNA	F3_S43	1460000000.0	1370000000.0	93.3	24800000.0	88.3
Gersbach_WTC11-hepatocyte-differentiation_TF-Perturb-seq	Gersbach Hep	scRNA	F4_S44	1440000000.0	1280000000.0	88.6	28100000.0	86.5
Gersbach_WTC11-hepatocyte-differentiation_TF-Perturb-seq	Gersbach Hep	scRNA	F5_S45	1720000000.0	1620000000.0	93.8	27700000.0	87.2
Gersbach_WTC11-hepatocyte-differentiation_TF-Perturb-seq	Gersbach Hep	scRNA	F6_S46	1530000000.0	1320000000.0	86.5	29200000.0	86.3
Gersbach_WTC11-hepatocyte-differentiation_TF-Perturb-seq	Gersbach Hep	scRNA	F7_S47	1720000000.0	1580000000.0	92.1	29300000.0	86.7
Gersbach_WTC11-hepatocyte-differentiation_TF-Perturb-seq	Gersbach Hep	Guide	A1_S1	166000000.0	127000000.0	76.7	1610000.0	97.0
Gersbach_WTC11-hepatocyte-differentiation_TF-Perturb-seq	Gersbach Hep	Guide	A2_S2	175000000.0	134000000.0	76.6	1650000.0	97.0
Gersbach_WTC11-hepatocyte-differentiation_TF-Perturb-seq	Gersbach Hep	Guide	A3_S3	153000000.0	117000000.0	76.3	1530000.0	96.9
Gersbach_WTC11-hepatocyte-differentiation_TF-Perturb-seq	Gersbach Hep	Guide	A4_S4	159000000.0	122000000.0	76.9	1550000.0	97.1
Gersbach_WTC11-hepatocyte-differentiation_TF-Perturb-seq	Gersbach Hep	Guide	A5_S5	163000000.0	125000000.0	76.6	1580000.0	97.0
Gersbach_WTC11-hepatocyte-differentiation_TF-Perturb-seq	Gersbach Hep	Guide	A6_S6	193000000.0	148000000.0	76.5	1740000.0	97.1
Gersbach_WTC11-hepatocyte-differentiation_TF-Perturb-seq	Gersbach Hep	Guide	A7_S7	141000000.0	109000000.0	76.9	1470000.0	97.0
Gersbach_WTC11-hepatocyte-differentiation_TF-Perturb-seq	Gersbach Hep	Guide	A8_S8	191000000.0	147000000.0	76.7	1770000.0	97.1
Gersbach_WTC11-hepatocyte-differentiation_TF-Perturb-seq	Gersbach Hep	Guide	B1_S9	204000000.0	155000000.0	76.2	1770000.0	97.2
Gersbach_WTC11-hepatocyte-differentiation_TF-Perturb-seq	Gersbach Hep	Guide	B2_S10	144000000.0	110000000.0	76.4	1430000.0	97.0
Gersbach_WTC11-hepatocyte-differentiation_TF-Perturb-seq	Gersbach Hep	Guide	B3_S11	189000000.0	145000000.0	76.5	1700000.0	97.1
Gersbach_WTC11-hepatocyte-differentiation_TF-Perturb-seq	Gersbach Hep	Guide	B4_S12	105000000.0	80600000.0	76.8	1240000.0	97.0
Gersbach_WTC11-hepatocyte-differentiation_TF-Perturb-seq	Gersbach Hep	Guide	B5_S13	174000000.0	134000000.0	76.6	1570000.0	97.1
Gersbach_WTC11-hepatocyte-differentiation_TF-Perturb-seq	Gersbach Hep	Guide	B6_S14	160000000.0	123000000.0	76.7	1450000.0	97.2
Gersbach_WTC11-hepatocyte-differentiation_TF-Perturb-seq	Gersbach Hep	Guide	B7_S15	187000000.0	143000000.0	76.4	1660000.0	97.1
Gersbach_WTC11-hepatocyte-differentiation_TF-Perturb-seq	Gersbach Hep	Guide	B8_S16	108000000.0	82000000.0	76.2	1130000.0	97.0
Gersbach_WTC11-hepatocyte-differentiation_TF-Perturb-seq	Gersbach Hep	Guide	C1_S17	207000000.0	158000000.0	76.6	1750000.0	97.1
Gersbach_WTC11-hepatocyte-differentiation_TF-Perturb-seq	Gersbach Hep	Guide	C2_S18	204000000.0	156000000.0	76.4	1610000.0	97.1
Gersbach_WTC11-hepatocyte-differentiation_TF-Perturb-seq	Gersbach Hep	Guide	C3_S19	179000000.0	137000000.0	76.5	1430000.0	97.1
Gersbach_WTC11-hepatocyte-differentiation_TF-Perturb-seq	Gersbach Hep	Guide	C4_S20	176000000.0	134000000.0	76.5	1570000.0	97.0
Gersbach_WTC11-hepatocyte-differentiation_TF-Perturb-seq	Gersbach Hep	Guide	C5_S21	195000000.0	149000000.0	76.2	1630000.0	97.0
Gersbach_WTC11-hepatocyte-differentiation_TF-Perturb-seq	Gersbach Hep	Guide	C6_S22	200000000.0	153000000.0	76.2	1750000.0	97.1
Gersbach_WTC11-hepatocyte-differentiation_TF-Perturb-seq	Gersbach Hep	Guide	C7_S23	204000000.0	155000000.0	76.2	1740000.0	97.1
Gersbach_WTC11-hepatocyte-differentiation_TF-Perturb-seq	Gersbach Hep	Guide	C8_S24	205000000.0	157000000.0	76.5	1750000.0	97.1
Gersbach_WTC11-hepatocyte-differentiation_TF-Perturb-seq	Gersbach Hep	Guide	D1_S25	180000000.0	137000000.0	76.3	1610000.0	97.0
Gersbach_WTC11-hepatocyte-differentiation_TF-Perturb-seq	Gersbach Hep	Guide	D2_S26	170000000.0	130000000.0	76.3	1530000.0	97.0
Gersbach_WTC11-hepatocyte-differentiation_TF-Perturb-seq	Gersbach Hep	Guide	D3_S27	181000000.0	138000000.0	76.4	1550000.0	97.2
Gersbach_WTC11-hepatocyte-differentiation_TF-Perturb-seq	Gersbach Hep	Guide	D4_S28	137000000.0	105000000.0	76.5	1420000.0	97.0
Gersbach_WTC11-hepatocyte-differentiation_TF-Perturb-seq	Gersbach Hep	Guide	D5_S29	156000000.0	120000000.0	76.6	1510000.0	96.9
Gersbach_WTC11-hepatocyte-differentiation_TF-Perturb-seq	Gersbach Hep	Guide	D6_S30	160000000.0	122000000.0	76.7	1510000.0	97.0
Gersbach_WTC11-hepatocyte-differentiation_TF-Perturb-seq	Gersbach Hep	Guide	D7_S31	165000000.0	127000000.0	76.9	1570000.0	97.0
Gersbach_WTC11-hepatocyte-differentiation_TF-Perturb-seq	Gersbach Hep	Guide	D8_S32	161000000.0	122000000.0	76.1	1450000.0	97.0
Gersbach_WTC11-hepatocyte-differentiation_TF-Perturb-seq	Gersbach Hep	Guide	E1_S33	194000000.0	149000000.0	76.7	1610000.0	97.1
Gersbach_WTC11-hepatocyte-differentiation_TF-Perturb-seq	Gersbach Hep	Guide	E2_S34	183000000.0	141000000.0	76.7	1610000.0	97.0
Gersbach_WTC11-hepatocyte-differentiation_TF-Perturb-seq	Gersbach Hep	Guide	E3_S35	198000000.0	152000000.0	76.7	1680000.0	97.0
Gersbach_WTC11-hepatocyte-differentiation_TF-Perturb-seq	Gersbach Hep	Guide	E4_S36	182000000.0	140000000.0	76.8	1640000.0	97.0
Gersbach_WTC11-hepatocyte-differentiation_TF-Perturb-seq	Gersbach Hep	Guide	E5_S37	192000000.0	147000000.0	76.5	1520000.0	97.1
Gersbach_WTC11-hepatocyte-differentiation_TF-Perturb-seq	Gersbach Hep	Guide	E6_S38	189000000.0	144000000.0	76.4	1670000.0	97.1
Gersbach_WTC11-hepatocyte-differentiation_TF-Perturb-seq	Gersbach Hep	Guide	E7_S39	175000000.0	134000000.0	76.5	1570000.0	97.1
Gersbach_WTC11-hepatocyte-differentiation_TF-Perturb-seq	Gersbach Hep	Guide	E8_S40	205000000.0	156000000.0	76.4	1800000.0	97.1
Gersbach_WTC11-hepatocyte-differentiation_TF-Perturb-seq	Gersbach Hep	Guide	F1_S41	193000000.0	147000000.0	76.3	1200000.0	97.1
Gersbach_WTC11-hepatocyte-differentiation_TF-Perturb-seq	Gersbach Hep	Guide	F2_S42	187000000.0	143000000.0	76.2	1150000.0	97.1
Gersbach_WTC11-hepatocyte-differentiation_TF-Perturb-seq	Gersbach Hep	Guide	F3_S43	200000000.0	153000000.0	76.5	1180000.0	97.2
Gersbach_WTC11-hepatocyte-differentiation_TF-Perturb-seq	Gersbach Hep	Guide	F4_S44	197000000.0	151000000.0	76.8	1200000.0	97.0
Gersbach_WTC11-hepatocyte-differentiation_TF-Perturb-seq	Gersbach Hep	Guide	F5_S45	192000000.0	148000000.0	76.8	1180000.0	97.0
Gersbach_WTC11-hepatocyte-differentiation_TF-Perturb-seq	Gersbach Hep	Guide	F6_S46	176000000.0	135000000.0	76.5	1240000.0	97.0
Gersbach_WTC11-hepatocyte-differentiation_TF-Perturb-seq	Gersbach Hep	Guide	F7_S47	189000000.0	145000000.0	76.6	1250000.0	96.9
