R1_path,R2_path,file_modality,measurement_sets,sequencing_run,lane,seqspec,barcode_onlist,guide_design,barcode_hashtag_map
IGVFFI7083KJXW,IGVFFI3150OXBG,scRNA,IGVFDS2129VHBD,1,5,/carter/users/aklie/projects/tf_perturb_seq/datasets/Huangfu_HUES8-definitive-endoderm-differentiation_TF-Perturb-seq/tmp/michael-beer_TF-perturb-seq-DE-rep4.yaml.gz,IGVFFI4695IKAL,IGVFFI8270UPKB,
IGVFFI0188JOMR,IGVFFI5252RNDN,scRNA,IGVFDS2129VHBD,1,4,/carter/users/aklie/projects/tf_perturb_seq/datasets/Huangfu_HUES8-definitive-endoderm-differentiation_TF-Perturb-seq/tmp/michael-beer_TF-perturb-seq-DE-rep4.yaml.gz,IGVFFI4695IKAL,IGVFFI8270UPKB,
IGVFFI0959HZGR,IGVFFI4701UTRL,scRNA,IGVFDS2129VHBD,1,6,/carter/users/aklie/projects/tf_perturb_seq/datasets/Huangfu_HUES8-definitive-endoderm-differentiation_TF-Perturb-seq/tmp/michael-beer_TF-perturb-seq-DE-rep4.yaml.gz,IGVFFI4695IKAL,IGVFFI8270UPKB,
IGVFFI1657KGLK,IGVFFI4822SPYI,scRNA,IGVFDS2129VHBD,1,1,/carter/users/aklie/projects/tf_perturb_seq/datasets/Huangfu_HUES8-definitive-endoderm-differentiation_TF-Perturb-seq/tmp/michael-beer_TF-perturb-seq-DE-rep4.yaml.gz,IGVFFI4695IKAL,IGVFFI8270UPKB,
IGVFFI7458SIPF,IGVFFI0551LFGC,scRNA,IGVFDS2129VHBD,1,4,/carter/users/aklie/projects/tf_perturb_seq/datasets/Huangfu_HUES8-definitive-endoderm-differentiation_TF-Perturb-seq/tmp/michael-beer_TF-perturb-seq-DE-rep4.yaml.gz,IGVFFI4695IKAL,IGVFFI8270UPKB,
IGVFFI0656YPAF,IGVFFI4877LAFA,scRNA,IGVFDS2129VHBD,1,1,/carter/users/aklie/projects/tf_perturb_seq/datasets/Huangfu_HUES8-definitive-endoderm-differentiation_TF-Perturb-seq/tmp/michael-beer_TF-perturb-seq-DE-rep4.yaml.gz,IGVFFI4695IKAL,IGVFFI8270UPKB,
IGVFFI6879RKMD,IGVFFI7079QPKU,scRNA,IGVFDS2129VHBD,1,1,/carter/users/aklie/projects/tf_perturb_seq/datasets/Huangfu_HUES8-definitive-endoderm-differentiation_TF-Perturb-seq/tmp/michael-beer_TF-perturb-seq-DE-rep4.yaml.gz,IGVFFI4695IKAL,IGVFFI8270UPKB,
IGVFFI3135CJBE,IGVFFI1127PQGI,scRNA,IGVFDS2129VHBD,1,8,/carter/users/aklie/projects/tf_perturb_seq/datasets/Huangfu_HUES8-definitive-endoderm-differentiation_TF-Perturb-seq/tmp/michael-beer_TF-perturb-seq-DE-rep4.yaml.gz,IGVFFI4695IKAL,IGVFFI8270UPKB,
IGVFFI3329VNCQ,IGVFFI4239ALDZ,scRNA,IGVFDS2129VHBD,1,2,/carter/users/aklie/projects/tf_perturb_seq/datasets/Huangfu_HUES8-definitive-endoderm-differentiation_TF-Perturb-seq/tmp/michael-beer_TF-perturb-seq-DE-rep4.yaml.gz,IGVFFI4695IKAL,IGVFFI8270UPKB,
IGVFFI5645UPSQ,IGVFFI4417WKLB,scRNA,IGVFDS2129VHBD,1,2,/carter/users/aklie/projects/tf_perturb_seq/datasets/Huangfu_HUES8-definitive-endoderm-differentiation_TF-Perturb-seq/tmp/michael-beer_TF-perturb-seq-DE-rep4.yaml.gz,IGVFFI4695IKAL,IGVFFI8270UPKB,
IGVFFI2376EAZY,IGVFFI3101PYST,scRNA,IGVFDS2129VHBD,1,7,/carter/users/aklie/projects/tf_perturb_seq/datasets/Huangfu_HUES8-definitive-endoderm-differentiation_TF-Perturb-seq/tmp/michael-beer_TF-perturb-seq-DE-rep4.yaml.gz,IGVFFI4695IKAL,IGVFFI8270UPKB,
IGVFFI9452ZPTE,IGVFFI5825EHCP,scRNA,IGVFDS2129VHBD,1,4,/carter/users/aklie/projects/tf_perturb_seq/datasets/Huangfu_HUES8-definitive-endoderm-differentiation_TF-Perturb-seq/tmp/michael-beer_TF-perturb-seq-DE-rep4.yaml.gz,IGVFFI4695IKAL,IGVFFI8270UPKB,
IGVFFI3245ENCT,IGVFFI2313NTWH,scRNA,IGVFDS2129VHBD,1,5,/carter/users/aklie/projects/tf_perturb_seq/datasets/Huangfu_HUES8-definitive-endoderm-differentiation_TF-Perturb-seq/tmp/michael-beer_TF-perturb-seq-DE-rep4.yaml.gz,IGVFFI4695IKAL,IGVFFI8270UPKB,
IGVFFI3457SRTZ,IGVFFI3383XOYN,scRNA,IGVFDS2129VHBD,1,3,/carter/users/aklie/projects/tf_perturb_seq/datasets/Huangfu_HUES8-definitive-endoderm-differentiation_TF-Perturb-seq/tmp/michael-beer_TF-perturb-seq-DE-rep4.yaml.gz,IGVFFI4695IKAL,IGVFFI8270UPKB,
IGVFFI3949KPHP,IGVFFI9748GWOQ,scRNA,IGVFDS2129VHBD,1,6,/carter/users/aklie/projects/tf_perturb_seq/datasets/Huangfu_HUES8-definitive-endoderm-differentiation_TF-Perturb-seq/tmp/michael-beer_TF-perturb-seq-DE-rep4.yaml.gz,IGVFFI4695IKAL,IGVFFI8270UPKB,
IGVFFI5057WBHU,IGVFFI5604COTA,scRNA,IGVFDS2129VHBD,1,2,/carter/users/aklie/projects/tf_perturb_seq/datasets/Huangfu_HUES8-definitive-endoderm-differentiation_TF-Perturb-seq/tmp/michael-beer_TF-perturb-seq-DE-rep4.yaml.gz,IGVFFI4695IKAL,IGVFFI8270UPKB,
IGVFFI6662GHDG,IGVFFI7102DVDK,scRNA,IGVFDS2129VHBD,1,3,/carter/users/aklie/projects/tf_perturb_seq/datasets/Huangfu_HUES8-definitive-endoderm-differentiation_TF-Perturb-seq/tmp/michael-beer_TF-perturb-seq-DE-rep4.yaml.gz,IGVFFI4695IKAL,IGVFFI8270UPKB,
IGVFFI0035VEDT,IGVFFI9787FTFM,scRNA,IGVFDS2520ZEYH,1,4,/carter/users/aklie/projects/tf_perturb_seq/datasets/Huangfu_HUES8-definitive-endoderm-differentiation_TF-Perturb-seq/tmp/michael-beer_TF-perturb-seq-DE-rep3.yaml.gz,IGVFFI4695IKAL,IGVFFI8270UPKB,
IGVFFI2483UPRU,IGVFFI0605DTLX,scRNA,IGVFDS2520ZEYH,1,6,/carter/users/aklie/projects/tf_perturb_seq/datasets/Huangfu_HUES8-definitive-endoderm-differentiation_TF-Perturb-seq/tmp/michael-beer_TF-perturb-seq-DE-rep3.yaml.gz,IGVFFI4695IKAL,IGVFFI8270UPKB,
IGVFFI7059BTXU,IGVFFI3211HEHA,scRNA,IGVFDS2520ZEYH,1,4,/carter/users/aklie/projects/tf_perturb_seq/datasets/Huangfu_HUES8-definitive-endoderm-differentiation_TF-Perturb-seq/tmp/michael-beer_TF-perturb-seq-DE-rep3.yaml.gz,IGVFFI4695IKAL,IGVFFI8270UPKB,
IGVFFI7900IOKF,IGVFFI1332OHJN,scRNA,IGVFDS2520ZEYH,1,7,/carter/users/aklie/projects/tf_perturb_seq/datasets/Huangfu_HUES8-definitive-endoderm-differentiation_TF-Perturb-seq/tmp/michael-beer_TF-perturb-seq-DE-rep3.yaml.gz,IGVFFI4695IKAL,IGVFFI8270UPKB,
IGVFFI7282QZCR,IGVFFI4433JEVG,scRNA,IGVFDS2520ZEYH,1,1,/carter/users/aklie/projects/tf_perturb_seq/datasets/Huangfu_HUES8-definitive-endoderm-differentiation_TF-Perturb-seq/tmp/michael-beer_TF-perturb-seq-DE-rep3.yaml.gz,IGVFFI4695IKAL,IGVFFI8270UPKB,
IGVFFI2800IYTP,IGVFFI4242QCQF,scRNA,IGVFDS2520ZEYH,1,1,/carter/users/aklie/projects/tf_perturb_seq/datasets/Huangfu_HUES8-definitive-endoderm-differentiation_TF-Perturb-seq/tmp/michael-beer_TF-perturb-seq-DE-rep3.yaml.gz,IGVFFI4695IKAL,IGVFFI8270UPKB,
IGVFFI8182DKUI,IGVFFI7318VMLB,scRNA,IGVFDS2520ZEYH,1,3,/carter/users/aklie/projects/tf_perturb_seq/datasets/Huangfu_HUES8-definitive-endoderm-differentiation_TF-Perturb-seq/tmp/michael-beer_TF-perturb-seq-DE-rep3.yaml.gz,IGVFFI4695IKAL,IGVFFI8270UPKB,
IGVFFI2908RDCC,IGVFFI2552GUHJ,scRNA,IGVFDS2520ZEYH,1,5,/carter/users/aklie/projects/tf_perturb_seq/datasets/Huangfu_HUES8-definitive-endoderm-differentiation_TF-Perturb-seq/tmp/michael-beer_TF-perturb-seq-DE-rep3.yaml.gz,IGVFFI4695IKAL,IGVFFI8270UPKB,
IGVFFI8266UIWJ,IGVFFI6794LVQB,scRNA,IGVFDS2520ZEYH,1,6,/carter/users/aklie/projects/tf_perturb_seq/datasets/Huangfu_HUES8-definitive-endoderm-differentiation_TF-Perturb-seq/tmp/michael-beer_TF-perturb-seq-DE-rep3.yaml.gz,IGVFFI4695IKAL,IGVFFI8270UPKB,
IGVFFI2701LWTI,IGVFFI4008UFWB,scRNA,IGVFDS2520ZEYH,1,4,/carter/users/aklie/projects/tf_perturb_seq/datasets/Huangfu_HUES8-definitive-endoderm-differentiation_TF-Perturb-seq/tmp/michael-beer_TF-perturb-seq-DE-rep3.yaml.gz,IGVFFI4695IKAL,IGVFFI8270UPKB,
IGVFFI3704GFJK,IGVFFI7310VCHN,scRNA,IGVFDS2520ZEYH,1,5,/carter/users/aklie/projects/tf_perturb_seq/datasets/Huangfu_HUES8-definitive-endoderm-differentiation_TF-Perturb-seq/tmp/michael-beer_TF-perturb-seq-DE-rep3.yaml.gz,IGVFFI4695IKAL,IGVFFI8270UPKB,
IGVFFI5169QYXA,IGVFFI9705JZWZ,scRNA,IGVFDS2520ZEYH,1,2,/carter/users/aklie/projects/tf_perturb_seq/datasets/Huangfu_HUES8-definitive-endoderm-differentiation_TF-Perturb-seq/tmp/michael-beer_TF-perturb-seq-DE-rep3.yaml.gz,IGVFFI4695IKAL,IGVFFI8270UPKB,
IGVFFI9789ULAR,IGVFFI7383JKGY,scRNA,IGVFDS2520ZEYH,1,8,/carter/users/aklie/projects/tf_perturb_seq/datasets/Huangfu_HUES8-definitive-endoderm-differentiation_TF-Perturb-seq/tmp/michael-beer_TF-perturb-seq-DE-rep3.yaml.gz,IGVFFI4695IKAL,IGVFFI8270UPKB,
IGVFFI9185KQNB,IGVFFI9434LIEP,scRNA,IGVFDS2520ZEYH,1,3,/carter/users/aklie/projects/tf_perturb_seq/datasets/Huangfu_HUES8-definitive-endoderm-differentiation_TF-Perturb-seq/tmp/michael-beer_TF-perturb-seq-DE-rep3.yaml.gz,IGVFFI4695IKAL,IGVFFI8270UPKB,
IGVFFI4486OPNU,IGVFFI8619TXMG,scRNA,IGVFDS2520ZEYH,1,2,/carter/users/aklie/projects/tf_perturb_seq/datasets/Huangfu_HUES8-definitive-endoderm-differentiation_TF-Perturb-seq/tmp/michael-beer_TF-perturb-seq-DE-rep3.yaml.gz,IGVFFI4695IKAL,IGVFFI8270UPKB,
IGVFFI5689MYBA,IGVFFI7667CRRX,scRNA,IGVFDS2520ZEYH,1,1,/carter/users/aklie/projects/tf_perturb_seq/datasets/Huangfu_HUES8-definitive-endoderm-differentiation_TF-Perturb-seq/tmp/michael-beer_TF-perturb-seq-DE-rep3.yaml.gz,IGVFFI4695IKAL,IGVFFI8270UPKB,
IGVFFI6879WHRY,IGVFFI9457TWPG,scRNA,IGVFDS2520ZEYH,1,2,/carter/users/aklie/projects/tf_perturb_seq/datasets/Huangfu_HUES8-definitive-endoderm-differentiation_TF-Perturb-seq/tmp/michael-beer_TF-perturb-seq-DE-rep3.yaml.gz,IGVFFI4695IKAL,IGVFFI8270UPKB,
IGVFFI0346IEPB,IGVFFI9985CSPR,scRNA,IGVFDS4079VXPX,1,7,/carter/users/aklie/projects/tf_perturb_seq/datasets/Huangfu_HUES8-definitive-endoderm-differentiation_TF-Perturb-seq/tmp/michael-beer_TF-perturb-seq-DE-rep7.yaml.gz,IGVFFI4695IKAL,IGVFFI8270UPKB,
IGVFFI6644IPOA,IGVFFI0367RKSA,scRNA,IGVFDS4079VXPX,1,2,/carter/users/aklie/projects/tf_perturb_seq/datasets/Huangfu_HUES8-definitive-endoderm-differentiation_TF-Perturb-seq/tmp/michael-beer_TF-perturb-seq-DE-rep7.yaml.gz,IGVFFI4695IKAL,IGVFFI8270UPKB,
IGVFFI0618ZMRM,IGVFFI8438AOHY,scRNA,IGVFDS4079VXPX,1,3,/carter/users/aklie/projects/tf_perturb_seq/datasets/Huangfu_HUES8-definitive-endoderm-differentiation_TF-Perturb-seq/tmp/michael-beer_TF-perturb-seq-DE-rep7.yaml.gz,IGVFFI4695IKAL,IGVFFI8270UPKB,
IGVFFI5456VZHU,IGVFFI2377BAGD,scRNA,IGVFDS4079VXPX,1,3,/carter/users/aklie/projects/tf_perturb_seq/datasets/Huangfu_HUES8-definitive-endoderm-differentiation_TF-Perturb-seq/tmp/michael-beer_TF-perturb-seq-DE-rep7.yaml.gz,IGVFFI4695IKAL,IGVFFI8270UPKB,
IGVFFI3457HONR,IGVFFI9997ENLK,scRNA,IGVFDS4079VXPX,1,4,/carter/users/aklie/projects/tf_perturb_seq/datasets/Huangfu_HUES8-definitive-endoderm-differentiation_TF-Perturb-seq/tmp/michael-beer_TF-perturb-seq-DE-rep7.yaml.gz,IGVFFI4695IKAL,IGVFFI8270UPKB,
IGVFFI0773TSBJ,IGVFFI7650YDTR,scRNA,IGVFDS4079VXPX,1,5,/carter/users/aklie/projects/tf_perturb_seq/datasets/Huangfu_HUES8-definitive-endoderm-differentiation_TF-Perturb-seq/tmp/michael-beer_TF-perturb-seq-DE-rep7.yaml.gz,IGVFFI4695IKAL,IGVFFI8270UPKB,
IGVFFI0826GETA,IGVFFI4334UUKW,scRNA,IGVFDS4079VXPX,1,1,/carter/users/aklie/projects/tf_perturb_seq/datasets/Huangfu_HUES8-definitive-endoderm-differentiation_TF-Perturb-seq/tmp/michael-beer_TF-perturb-seq-DE-rep7.yaml.gz,IGVFFI4695IKAL,IGVFFI8270UPKB,
IGVFFI4807RFVO,IGVFFI1821XGML,scRNA,IGVFDS4079VXPX,1,2,/carter/users/aklie/projects/tf_perturb_seq/datasets/Huangfu_HUES8-definitive-endoderm-differentiation_TF-Perturb-seq/tmp/michael-beer_TF-perturb-seq-DE-rep7.yaml.gz,IGVFFI4695IKAL,IGVFFI8270UPKB,
IGVFFI1699WCJF,IGVFFI5281AJWC,scRNA,IGVFDS4079VXPX,1,1,/carter/users/aklie/projects/tf_perturb_seq/datasets/Huangfu_HUES8-definitive-endoderm-differentiation_TF-Perturb-seq/tmp/michael-beer_TF-perturb-seq-DE-rep7.yaml.gz,IGVFFI4695IKAL,IGVFFI8270UPKB,
IGVFFI2108DAVS,IGVFFI6842LCHV,scRNA,IGVFDS4079VXPX,1,4,/carter/users/aklie/projects/tf_perturb_seq/datasets/Huangfu_HUES8-definitive-endoderm-differentiation_TF-Perturb-seq/tmp/michael-beer_TF-perturb-seq-DE-rep7.yaml.gz,IGVFFI4695IKAL,IGVFFI8270UPKB,
IGVFFI2936BQKJ,IGVFFI4456YJMZ,scRNA,IGVFDS4079VXPX,1,6,/carter/users/aklie/projects/tf_perturb_seq/datasets/Huangfu_HUES8-definitive-endoderm-differentiation_TF-Perturb-seq/tmp/michael-beer_TF-perturb-seq-DE-rep7.yaml.gz,IGVFFI4695IKAL,IGVFFI8270UPKB,
IGVFFI2280HRRC,IGVFFI3165DJGK,scRNA,IGVFDS4079VXPX,1,4,/carter/users/aklie/projects/tf_perturb_seq/datasets/Huangfu_HUES8-definitive-endoderm-differentiation_TF-Perturb-seq/tmp/michael-beer_TF-perturb-seq-DE-rep7.yaml.gz,IGVFFI4695IKAL,IGVFFI8270UPKB,
IGVFFI4648ZWAX,IGVFFI4584TIJT,scRNA,IGVFDS4079VXPX,1,6,/carter/users/aklie/projects/tf_perturb_seq/datasets/Huangfu_HUES8-definitive-endoderm-differentiation_TF-Perturb-seq/tmp/michael-beer_TF-perturb-seq-DE-rep7.yaml.gz,IGVFFI4695IKAL,IGVFFI8270UPKB,
IGVFFI3774ZISI,IGVFFI6584PAGU,scRNA,IGVFDS4079VXPX,1,8,/carter/users/aklie/projects/tf_perturb_seq/datasets/Huangfu_HUES8-definitive-endoderm-differentiation_TF-Perturb-seq/tmp/michael-beer_TF-perturb-seq-DE-rep7.yaml.gz,IGVFFI4695IKAL,IGVFFI8270UPKB,
IGVFFI5713BEAN,IGVFFI7137KGST,scRNA,IGVFDS4079VXPX,1,2,/carter/users/aklie/projects/tf_perturb_seq/datasets/Huangfu_HUES8-definitive-endoderm-differentiation_TF-Perturb-seq/tmp/michael-beer_TF-perturb-seq-DE-rep7.yaml.gz,IGVFFI4695IKAL,IGVFFI8270UPKB,
IGVFFI7633QCUP,IGVFFI6441SOWM,scRNA,IGVFDS4079VXPX,1,5,/carter/users/aklie/projects/tf_perturb_seq/datasets/Huangfu_HUES8-definitive-endoderm-differentiation_TF-Perturb-seq/tmp/michael-beer_TF-perturb-seq-DE-rep7.yaml.gz,IGVFFI4695IKAL,IGVFFI8270UPKB,
IGVFFI8232GPTK,IGVFFI6950EWMV,scRNA,IGVFDS4079VXPX,1,1,/carter/users/aklie/projects/tf_perturb_seq/datasets/Huangfu_HUES8-definitive-endoderm-differentiation_TF-Perturb-seq/tmp/michael-beer_TF-perturb-seq-DE-rep7.yaml.gz,IGVFFI4695IKAL,IGVFFI8270UPKB,
IGVFFI0138MJUL,IGVFFI3488TIPX,scRNA,IGVFDS1313VGHL,1,4,/carter/users/aklie/projects/tf_perturb_seq/datasets/Huangfu_HUES8-definitive-endoderm-differentiation_TF-Perturb-seq/tmp/michael-beer_TF-perturb-seq-DE-rep1.yaml.gz,IGVFFI4695IKAL,IGVFFI8270UPKB,
IGVFFI7456KQVF,IGVFFI1710AEGV,scRNA,IGVFDS1313VGHL,1,6,/carter/users/aklie/projects/tf_perturb_seq/datasets/Huangfu_HUES8-definitive-endoderm-differentiation_TF-Perturb-seq/tmp/michael-beer_TF-perturb-seq-DE-rep1.yaml.gz,IGVFFI4695IKAL,IGVFFI8270UPKB,
IGVFFI6780HCYW,IGVFFI3511XKGU,scRNA,IGVFDS1313VGHL,1,4,/carter/users/aklie/projects/tf_perturb_seq/datasets/Huangfu_HUES8-definitive-endoderm-differentiation_TF-Perturb-seq/tmp/michael-beer_TF-perturb-seq-DE-rep1.yaml.gz,IGVFFI4695IKAL,IGVFFI8270UPKB,
IGVFFI0320ZWGS,IGVFFI8561EQFG,scRNA,IGVFDS1313VGHL,1,3,/carter/users/aklie/projects/tf_perturb_seq/datasets/Huangfu_HUES8-definitive-endoderm-differentiation_TF-Perturb-seq/tmp/michael-beer_TF-perturb-seq-DE-rep1.yaml.gz,IGVFFI4695IKAL,IGVFFI8270UPKB,
IGVFFI8270RSPN,IGVFFI0675CULK,scRNA,IGVFDS1313VGHL,1,3,/carter/users/aklie/projects/tf_perturb_seq/datasets/Huangfu_HUES8-definitive-endoderm-differentiation_TF-Perturb-seq/tmp/michael-beer_TF-perturb-seq-DE-rep1.yaml.gz,IGVFFI4695IKAL,IGVFFI8270UPKB,
IGVFFI6459QQGJ,IGVFFI2571STIH,scRNA,IGVFDS1313VGHL,1,6,/carter/users/aklie/projects/tf_perturb_seq/datasets/Huangfu_HUES8-definitive-endoderm-differentiation_TF-Perturb-seq/tmp/michael-beer_TF-perturb-seq-DE-rep1.yaml.gz,IGVFFI4695IKAL,IGVFFI8270UPKB,
IGVFFI8237JIQN,IGVFFI2435IYVK,scRNA,IGVFDS1313VGHL,1,7,/carter/users/aklie/projects/tf_perturb_seq/datasets/Huangfu_HUES8-definitive-endoderm-differentiation_TF-Perturb-seq/tmp/michael-beer_TF-perturb-seq-DE-rep1.yaml.gz,IGVFFI4695IKAL,IGVFFI8270UPKB,
IGVFFI9489XJRI,IGVFFI4004LSES,scRNA,IGVFDS1313VGHL,1,5,/carter/users/aklie/projects/tf_perturb_seq/datasets/Huangfu_HUES8-definitive-endoderm-differentiation_TF-Perturb-seq/tmp/michael-beer_TF-perturb-seq-DE-rep1.yaml.gz,IGVFFI4695IKAL,IGVFFI8270UPKB,
IGVFFI1480RCSE,IGVFFI5943SIDV,scRNA,IGVFDS1313VGHL,1,2,/carter/users/aklie/projects/tf_perturb_seq/datasets/Huangfu_HUES8-definitive-endoderm-differentiation_TF-Perturb-seq/tmp/michael-beer_TF-perturb-seq-DE-rep1.yaml.gz,IGVFFI4695IKAL,IGVFFI8270UPKB,
IGVFFI4842WIVJ,IGVFFI1120DBDC,scRNA,IGVFDS1313VGHL,1,1,/carter/users/aklie/projects/tf_perturb_seq/datasets/Huangfu_HUES8-definitive-endoderm-differentiation_TF-Perturb-seq/tmp/michael-beer_TF-perturb-seq-DE-rep1.yaml.gz,IGVFFI4695IKAL,IGVFFI8270UPKB,
IGVFFI7000ASFF,IGVFFI3282VRAC,scRNA,IGVFDS1313VGHL,1,2,/carter/users/aklie/projects/tf_perturb_seq/datasets/Huangfu_HUES8-definitive-endoderm-differentiation_TF-Perturb-seq/tmp/michael-beer_TF-perturb-seq-DE-rep1.yaml.gz,IGVFFI4695IKAL,IGVFFI8270UPKB,
IGVFFI3789TDXY,IGVFFI1288UQBW,scRNA,IGVFDS1313VGHL,1,8,/carter/users/aklie/projects/tf_perturb_seq/datasets/Huangfu_HUES8-definitive-endoderm-differentiation_TF-Perturb-seq/tmp/michael-beer_TF-perturb-seq-DE-rep1.yaml.gz,IGVFFI4695IKAL,IGVFFI8270UPKB,
IGVFFI8204XYFZ,IGVFFI1469HNKK,scRNA,IGVFDS1313VGHL,1,2,/carter/users/aklie/projects/tf_perturb_seq/datasets/Huangfu_HUES8-definitive-endoderm-differentiation_TF-Perturb-seq/tmp/michael-beer_TF-perturb-seq-DE-rep1.yaml.gz,IGVFFI4695IKAL,IGVFFI8270UPKB,
IGVFFI1861LBMC,IGVFFI5058VXTV,scRNA,IGVFDS1313VGHL,1,5,/carter/users/aklie/projects/tf_perturb_seq/datasets/Huangfu_HUES8-definitive-endoderm-differentiation_TF-Perturb-seq/tmp/michael-beer_TF-perturb-seq-DE-rep1.yaml.gz,IGVFFI4695IKAL,IGVFFI8270UPKB,
IGVFFI6101CATE,IGVFFI8919JCEX,scRNA,IGVFDS1313VGHL,1,1,/carter/users/aklie/projects/tf_perturb_seq/datasets/Huangfu_HUES8-definitive-endoderm-differentiation_TF-Perturb-seq/tmp/michael-beer_TF-perturb-seq-DE-rep1.yaml.gz,IGVFFI4695IKAL,IGVFFI8270UPKB,
IGVFFI1923CZWG,IGVFFI3292EIAF,scRNA,IGVFDS1313VGHL,1,1,/carter/users/aklie/projects/tf_perturb_seq/datasets/Huangfu_HUES8-definitive-endoderm-differentiation_TF-Perturb-seq/tmp/michael-beer_TF-perturb-seq-DE-rep1.yaml.gz,IGVFFI4695IKAL,IGVFFI8270UPKB,
IGVFFI9291RYRE,IGVFFI3806CIIZ,scRNA,IGVFDS1313VGHL,1,4,/carter/users/aklie/projects/tf_perturb_seq/datasets/Huangfu_HUES8-definitive-endoderm-differentiation_TF-Perturb-seq/tmp/michael-beer_TF-perturb-seq-DE-rep1.yaml.gz,IGVFFI4695IKAL,IGVFFI8270UPKB,
IGVFFI8943YFOF,IGVFFI0092UWMC,scRNA,IGVFDS0788TUIL,1,4,/carter/users/aklie/projects/tf_perturb_seq/datasets/Huangfu_HUES8-definitive-endoderm-differentiation_TF-Perturb-seq/tmp/michael-beer_TF-perturb-seq-DE-rep8.yaml.gz,IGVFFI4695IKAL,IGVFFI8270UPKB,
IGVFFI4475BCMO,IGVFFI6042KYRO,scRNA,IGVFDS0788TUIL,1,5,/carter/users/aklie/projects/tf_perturb_seq/datasets/Huangfu_HUES8-definitive-endoderm-differentiation_TF-Perturb-seq/tmp/michael-beer_TF-perturb-seq-DE-rep8.yaml.gz,IGVFFI4695IKAL,IGVFFI8270UPKB,
IGVFFI0657WKQS,IGVFFI0903VXKJ,scRNA,IGVFDS0788TUIL,1,1,/carter/users/aklie/projects/tf_perturb_seq/datasets/Huangfu_HUES8-definitive-endoderm-differentiation_TF-Perturb-seq/tmp/michael-beer_TF-perturb-seq-DE-rep8.yaml.gz,IGVFFI4695IKAL,IGVFFI8270UPKB,
IGVFFI2247CHTX,IGVFFI9175EKBJ,scRNA,IGVFDS0788TUIL,1,6,/carter/users/aklie/projects/tf_perturb_seq/datasets/Huangfu_HUES8-definitive-endoderm-differentiation_TF-Perturb-seq/tmp/michael-beer_TF-perturb-seq-DE-rep8.yaml.gz,IGVFFI4695IKAL,IGVFFI8270UPKB,
IGVFFI1179OIQH,IGVFFI1524CQKX,scRNA,IGVFDS0788TUIL,1,6,/carter/users/aklie/projects/tf_perturb_seq/datasets/Huangfu_HUES8-definitive-endoderm-differentiation_TF-Perturb-seq/tmp/michael-beer_TF-perturb-seq-DE-rep8.yaml.gz,IGVFFI4695IKAL,IGVFFI8270UPKB,
IGVFFI5153ELIN,IGVFFI2464WVKS,scRNA,IGVFDS0788TUIL,1,1,/carter/users/aklie/projects/tf_perturb_seq/datasets/Huangfu_HUES8-definitive-endoderm-differentiation_TF-Perturb-seq/tmp/michael-beer_TF-perturb-seq-DE-rep8.yaml.gz,IGVFFI4695IKAL,IGVFFI8270UPKB,
IGVFFI1712WKCW,IGVFFI6212TRRU,scRNA,IGVFDS0788TUIL,1,5,/carter/users/aklie/projects/tf_perturb_seq/datasets/Huangfu_HUES8-definitive-endoderm-differentiation_TF-Perturb-seq/tmp/michael-beer_TF-perturb-seq-DE-rep8.yaml.gz,IGVFFI4695IKAL,IGVFFI8270UPKB,
IGVFFI7416OKOA,IGVFFI1796MLHL,scRNA,IGVFDS0788TUIL,1,2,/carter/users/aklie/projects/tf_perturb_seq/datasets/Huangfu_HUES8-definitive-endoderm-differentiation_TF-Perturb-seq/tmp/michael-beer_TF-perturb-seq-DE-rep8.yaml.gz,IGVFFI4695IKAL,IGVFFI8270UPKB,
IGVFFI2644AVBZ,IGVFFI4342TAUD,scRNA,IGVFDS0788TUIL,1,4,/carter/users/aklie/projects/tf_perturb_seq/datasets/Huangfu_HUES8-definitive-endoderm-differentiation_TF-Perturb-seq/tmp/michael-beer_TF-perturb-seq-DE-rep8.yaml.gz,IGVFFI4695IKAL,IGVFFI8270UPKB,
IGVFFI8375DPUF,IGVFFI1923YQOT,scRNA,IGVFDS0788TUIL,1,1,/carter/users/aklie/projects/tf_perturb_seq/datasets/Huangfu_HUES8-definitive-endoderm-differentiation_TF-Perturb-seq/tmp/michael-beer_TF-perturb-seq-DE-rep8.yaml.gz,IGVFFI4695IKAL,IGVFFI8270UPKB,
IGVFFI9245BTIK,IGVFFI2152CRTT,scRNA,IGVFDS0788TUIL,1,3,/carter/users/aklie/projects/tf_perturb_seq/datasets/Huangfu_HUES8-definitive-endoderm-differentiation_TF-Perturb-seq/tmp/michael-beer_TF-perturb-seq-DE-rep8.yaml.gz,IGVFFI4695IKAL,IGVFFI8270UPKB,
IGVFFI2550NJDM,IGVFFI6471LCSP,scRNA,IGVFDS0788TUIL,1,8,/carter/users/aklie/projects/tf_perturb_seq/datasets/Huangfu_HUES8-definitive-endoderm-differentiation_TF-Perturb-seq/tmp/michael-beer_TF-perturb-seq-DE-rep8.yaml.gz,IGVFFI4695IKAL,IGVFFI8270UPKB,
IGVFFI2715VESW,IGVFFI4960GZRN,scRNA,IGVFDS0788TUIL,1,3,/carter/users/aklie/projects/tf_perturb_seq/datasets/Huangfu_HUES8-definitive-endoderm-differentiation_TF-Perturb-seq/tmp/michael-beer_TF-perturb-seq-DE-rep8.yaml.gz,IGVFFI4695IKAL,IGVFFI8270UPKB,
IGVFFI2709KJSG,IGVFFI3582NSII,scRNA,IGVFDS0788TUIL,1,2,/carter/users/aklie/projects/tf_perturb_seq/datasets/Huangfu_HUES8-definitive-endoderm-differentiation_TF-Perturb-seq/tmp/michael-beer_TF-perturb-seq-DE-rep8.yaml.gz,IGVFFI4695IKAL,IGVFFI8270UPKB,
IGVFFI7801WIZR,IGVFFI6984IKQI,scRNA,IGVFDS0788TUIL,1,2,/carter/users/aklie/projects/tf_perturb_seq/datasets/Huangfu_HUES8-definitive-endoderm-differentiation_TF-Perturb-seq/tmp/michael-beer_TF-perturb-seq-DE-rep8.yaml.gz,IGVFFI4695IKAL,IGVFFI8270UPKB,
IGVFFI3967FDZY,IGVFFI7127RITT,scRNA,IGVFDS0788TUIL,1,4,/carter/users/aklie/projects/tf_perturb_seq/datasets/Huangfu_HUES8-definitive-endoderm-differentiation_TF-Perturb-seq/tmp/michael-beer_TF-perturb-seq-DE-rep8.yaml.gz,IGVFFI4695IKAL,IGVFFI8270UPKB,
IGVFFI9454YIZR,IGVFFI8649CDBX,scRNA,IGVFDS0788TUIL,1,7,/carter/users/aklie/projects/tf_perturb_seq/datasets/Huangfu_HUES8-definitive-endoderm-differentiation_TF-Perturb-seq/tmp/michael-beer_TF-perturb-seq-DE-rep8.yaml.gz,IGVFFI4695IKAL,IGVFFI8270UPKB,
IGVFFI5600YJRR,IGVFFI8342MKNH,scRNA,IGVFDS3434HGEI,1,1,/carter/users/aklie/projects/tf_perturb_seq/datasets/Huangfu_HUES8-definitive-endoderm-differentiation_TF-Perturb-seq/tmp/michael-beer_TF-perturb-seq-DE-rep6.yaml.gz,IGVFFI4695IKAL,IGVFFI8270UPKB,
IGVFFI7825LRHV,IGVFFI0404FDQJ,scRNA,IGVFDS3434HGEI,1,4,/carter/users/aklie/projects/tf_perturb_seq/datasets/Huangfu_HUES8-definitive-endoderm-differentiation_TF-Perturb-seq/tmp/michael-beer_TF-perturb-seq-DE-rep6.yaml.gz,IGVFFI4695IKAL,IGVFFI8270UPKB,
IGVFFI4997ZFQG,IGVFFI0522EDTS,scRNA,IGVFDS3434HGEI,1,1,/carter/users/aklie/projects/tf_perturb_seq/datasets/Huangfu_HUES8-definitive-endoderm-differentiation_TF-Perturb-seq/tmp/michael-beer_TF-perturb-seq-DE-rep6.yaml.gz,IGVFFI4695IKAL,IGVFFI8270UPKB,
IGVFFI4855QZVD,IGVFFI7941TMMK,scRNA,IGVFDS3434HGEI,1,3,/carter/users/aklie/projects/tf_perturb_seq/datasets/Huangfu_HUES8-definitive-endoderm-differentiation_TF-Perturb-seq/tmp/michael-beer_TF-perturb-seq-DE-rep6.yaml.gz,IGVFFI4695IKAL,IGVFFI8270UPKB,
IGVFFI2249AKJZ,IGVFFI8716ZYEE,scRNA,IGVFDS3434HGEI,1,5,/carter/users/aklie/projects/tf_perturb_seq/datasets/Huangfu_HUES8-definitive-endoderm-differentiation_TF-Perturb-seq/tmp/michael-beer_TF-perturb-seq-DE-rep6.yaml.gz,IGVFFI4695IKAL,IGVFFI8270UPKB,
IGVFFI6404PARG,IGVFFI3725WAGB,scRNA,IGVFDS3434HGEI,1,1,/carter/users/aklie/projects/tf_perturb_seq/datasets/Huangfu_HUES8-definitive-endoderm-differentiation_TF-Perturb-seq/tmp/michael-beer_TF-perturb-seq-DE-rep6.yaml.gz,IGVFFI4695IKAL,IGVFFI8270UPKB,
IGVFFI2055QCTV,IGVFFI5827UBVO,scRNA,IGVFDS3434HGEI,1,4,/carter/users/aklie/projects/tf_perturb_seq/datasets/Huangfu_HUES8-definitive-endoderm-differentiation_TF-Perturb-seq/tmp/michael-beer_TF-perturb-seq-DE-rep6.yaml.gz,IGVFFI4695IKAL,IGVFFI8270UPKB,
IGVFFI8995PSRB,IGVFFI5126HNKH,scRNA,IGVFDS3434HGEI,1,5,/carter/users/aklie/projects/tf_perturb_seq/datasets/Huangfu_HUES8-definitive-endoderm-differentiation_TF-Perturb-seq/tmp/michael-beer_TF-perturb-seq-DE-rep6.yaml.gz,IGVFFI4695IKAL,IGVFFI8270UPKB,
IGVFFI2372KBAM,IGVFFI4276FUES,scRNA,IGVFDS3434HGEI,1,8,/carter/users/aklie/projects/tf_perturb_seq/datasets/Huangfu_HUES8-definitive-endoderm-differentiation_TF-Perturb-seq/tmp/michael-beer_TF-perturb-seq-DE-rep6.yaml.gz,IGVFFI4695IKAL,IGVFFI8270UPKB,
IGVFFI6332KRLV,IGVFFI5647OVPU,scRNA,IGVFDS3434HGEI,1,2,/carter/users/aklie/projects/tf_perturb_seq/datasets/Huangfu_HUES8-definitive-endoderm-differentiation_TF-Perturb-seq/tmp/michael-beer_TF-perturb-seq-DE-rep6.yaml.gz,IGVFFI4695IKAL,IGVFFI8270UPKB,
IGVFFI4991AAXS,IGVFFI7584TPNE,scRNA,IGVFDS3434HGEI,1,2,/carter/users/aklie/projects/tf_perturb_seq/datasets/Huangfu_HUES8-definitive-endoderm-differentiation_TF-Perturb-seq/tmp/michael-beer_TF-perturb-seq-DE-rep6.yaml.gz,IGVFFI4695IKAL,IGVFFI8270UPKB,
IGVFFI5516SGQD,IGVFFI4231MVFI,scRNA,IGVFDS3434HGEI,1,7,/carter/users/aklie/projects/tf_perturb_seq/datasets/Huangfu_HUES8-definitive-endoderm-differentiation_TF-Perturb-seq/tmp/michael-beer_TF-perturb-seq-DE-rep6.yaml.gz,IGVFFI4695IKAL,IGVFFI8270UPKB,
IGVFFI4561QRRP,IGVFFI4866DHYG,scRNA,IGVFDS3434HGEI,1,3,/carter/users/aklie/projects/tf_perturb_seq/datasets/Huangfu_HUES8-definitive-endoderm-differentiation_TF-Perturb-seq/tmp/michael-beer_TF-perturb-seq-DE-rep6.yaml.gz,IGVFFI4695IKAL,IGVFFI8270UPKB,
IGVFFI5155SFCT,IGVFFI8059MKUL,scRNA,IGVFDS3434HGEI,1,6,/carter/users/aklie/projects/tf_perturb_seq/datasets/Huangfu_HUES8-definitive-endoderm-differentiation_TF-Perturb-seq/tmp/michael-beer_TF-perturb-seq-DE-rep6.yaml.gz,IGVFFI4695IKAL,IGVFFI8270UPKB,
IGVFFI6359MITM,IGVFFI9792CKII,scRNA,IGVFDS3434HGEI,1,6,/carter/users/aklie/projects/tf_perturb_seq/datasets/Huangfu_HUES8-definitive-endoderm-differentiation_TF-Perturb-seq/tmp/michael-beer_TF-perturb-seq-DE-rep6.yaml.gz,IGVFFI4695IKAL,IGVFFI8270UPKB,
IGVFFI7475XXPK,IGVFFI7998HZMD,scRNA,IGVFDS3434HGEI,1,2,/carter/users/aklie/projects/tf_perturb_seq/datasets/Huangfu_HUES8-definitive-endoderm-differentiation_TF-Perturb-seq/tmp/michael-beer_TF-perturb-seq-DE-rep6.yaml.gz,IGVFFI4695IKAL,IGVFFI8270UPKB,
IGVFFI8212FBBL,IGVFFI7628OFDY,scRNA,IGVFDS3434HGEI,1,4,/carter/users/aklie/projects/tf_perturb_seq/datasets/Huangfu_HUES8-definitive-endoderm-differentiation_TF-Perturb-seq/tmp/michael-beer_TF-perturb-seq-DE-rep6.yaml.gz,IGVFFI4695IKAL,IGVFFI8270UPKB,
IGVFFI7126DOSH,IGVFFI0168QKFJ,scRNA,IGVFDS1403KZYV,1,7,/carter/users/aklie/projects/tf_perturb_seq/datasets/Huangfu_HUES8-definitive-endoderm-differentiation_TF-Perturb-seq/tmp/michael-beer_TF-perturb-seq-DE-rep2.yaml.gz,IGVFFI4695IKAL,IGVFFI8270UPKB,
IGVFFI1193HRFY,IGVFFI5043HDUI,scRNA,IGVFDS1403KZYV,1,2,/carter/users/aklie/projects/tf_perturb_seq/datasets/Huangfu_HUES8-definitive-endoderm-differentiation_TF-Perturb-seq/tmp/michael-beer_TF-perturb-seq-DE-rep2.yaml.gz,IGVFFI4695IKAL,IGVFFI8270UPKB,
IGVFFI2145FWVU,IGVFFI2404HQUS,scRNA,IGVFDS1403KZYV,1,3,/carter/users/aklie/projects/tf_perturb_seq/datasets/Huangfu_HUES8-definitive-endoderm-differentiation_TF-Perturb-seq/tmp/michael-beer_TF-perturb-seq-DE-rep2.yaml.gz,IGVFFI4695IKAL,IGVFFI8270UPKB,
IGVFFI1163AFTH,IGVFFI9603JTYM,scRNA,IGVFDS1403KZYV,1,5,/carter/users/aklie/projects/tf_perturb_seq/datasets/Huangfu_HUES8-definitive-endoderm-differentiation_TF-Perturb-seq/tmp/michael-beer_TF-perturb-seq-DE-rep2.yaml.gz,IGVFFI4695IKAL,IGVFFI8270UPKB,
IGVFFI1341SMXW,IGVFFI2169SWWN,scRNA,IGVFDS1403KZYV,1,1,/carter/users/aklie/projects/tf_perturb_seq/datasets/Huangfu_HUES8-definitive-endoderm-differentiation_TF-Perturb-seq/tmp/michael-beer_TF-perturb-seq-DE-rep2.yaml.gz,IGVFFI4695IKAL,IGVFFI8270UPKB,
IGVFFI2405KMAL,IGVFFI3383MNCI,scRNA,IGVFDS1403KZYV,1,3,/carter/users/aklie/projects/tf_perturb_seq/datasets/Huangfu_HUES8-definitive-endoderm-differentiation_TF-Perturb-seq/tmp/michael-beer_TF-perturb-seq-DE-rep2.yaml.gz,IGVFFI4695IKAL,IGVFFI8270UPKB,
IGVFFI2406XMPK,IGVFFI4754XYFP,scRNA,IGVFDS1403KZYV,1,8,/carter/users/aklie/projects/tf_perturb_seq/datasets/Huangfu_HUES8-definitive-endoderm-differentiation_TF-Perturb-seq/tmp/michael-beer_TF-perturb-seq-DE-rep2.yaml.gz,IGVFFI4695IKAL,IGVFFI8270UPKB,
IGVFFI3881XJRH,IGVFFI6925XUOI,scRNA,IGVFDS1403KZYV,1,4,/carter/users/aklie/projects/tf_perturb_seq/datasets/Huangfu_HUES8-definitive-endoderm-differentiation_TF-Perturb-seq/tmp/michael-beer_TF-perturb-seq-DE-rep2.yaml.gz,IGVFFI4695IKAL,IGVFFI8270UPKB,
IGVFFI5879YPBA,IGVFFI3827JMHF,scRNA,IGVFDS1403KZYV,1,1,/carter/users/aklie/projects/tf_perturb_seq/datasets/Huangfu_HUES8-definitive-endoderm-differentiation_TF-Perturb-seq/tmp/michael-beer_TF-perturb-seq-DE-rep2.yaml.gz,IGVFFI4695IKAL,IGVFFI8270UPKB,
IGVFFI4094XXWY,IGVFFI5725DAAY,scRNA,IGVFDS1403KZYV,1,1,/carter/users/aklie/projects/tf_perturb_seq/datasets/Huangfu_HUES8-definitive-endoderm-differentiation_TF-Perturb-seq/tmp/michael-beer_TF-perturb-seq-DE-rep2.yaml.gz,IGVFFI4695IKAL,IGVFFI8270UPKB,
IGVFFI6206TFUN,IGVFFI4960GIGP,scRNA,IGVFDS1403KZYV,1,2,/carter/users/aklie/projects/tf_perturb_seq/datasets/Huangfu_HUES8-definitive-endoderm-differentiation_TF-Perturb-seq/tmp/michael-beer_TF-perturb-seq-DE-rep2.yaml.gz,IGVFFI4695IKAL,IGVFFI8270UPKB,
IGVFFI8130JKGR,IGVFFI8323KHDU,scRNA,IGVFDS1403KZYV,1,3,/carter/users/aklie/projects/tf_perturb_seq/datasets/Huangfu_HUES8-definitive-endoderm-differentiation_TF-Perturb-seq/tmp/michael-beer_TF-perturb-seq-DE-rep2.yaml.gz,IGVFFI4695IKAL,IGVFFI8270UPKB,
IGVFFI6949KBPU,IGVFFI6271ARHL,scRNA,IGVFDS1403KZYV,1,4,/carter/users/aklie/projects/tf_perturb_seq/datasets/Huangfu_HUES8-definitive-endoderm-differentiation_TF-Perturb-seq/tmp/michael-beer_TF-perturb-seq-DE-rep2.yaml.gz,IGVFFI4695IKAL,IGVFFI8270UPKB,
IGVFFI7602SNYA,IGVFFI6374YDCD,scRNA,IGVFDS1403KZYV,1,6,/carter/users/aklie/projects/tf_perturb_seq/datasets/Huangfu_HUES8-definitive-endoderm-differentiation_TF-Perturb-seq/tmp/michael-beer_TF-perturb-seq-DE-rep2.yaml.gz,IGVFFI4695IKAL,IGVFFI8270UPKB,
IGVFFI6770XLYS,IGVFFI9331JAZO,scRNA,IGVFDS1403KZYV,1,2,/carter/users/aklie/projects/tf_perturb_seq/datasets/Huangfu_HUES8-definitive-endoderm-differentiation_TF-Perturb-seq/tmp/michael-beer_TF-perturb-seq-DE-rep2.yaml.gz,IGVFFI4695IKAL,IGVFFI8270UPKB,
IGVFFI5986UVZT,IGVFFI7754QJZA,scRNA,IGVFDS1437XFJK,1,4,/carter/users/aklie/projects/tf_perturb_seq/datasets/Huangfu_HUES8-definitive-endoderm-differentiation_TF-Perturb-seq/tmp/michael-beer_TF-perturb-seq-DE-rep5.yaml.gz,IGVFFI4695IKAL,IGVFFI8270UPKB,
IGVFFI4794ZCRC,IGVFFI4896ONGZ,scRNA,IGVFDS1437XFJK,1,1,/carter/users/aklie/projects/tf_perturb_seq/datasets/Huangfu_HUES8-definitive-endoderm-differentiation_TF-Perturb-seq/tmp/michael-beer_TF-perturb-seq-DE-rep5.yaml.gz,IGVFFI4695IKAL,IGVFFI8270UPKB,
IGVFFI8590TKAY,IGVFFI0913RQBU,scRNA,IGVFDS1437XFJK,1,1,/carter/users/aklie/projects/tf_perturb_seq/datasets/Huangfu_HUES8-definitive-endoderm-differentiation_TF-Perturb-seq/tmp/michael-beer_TF-perturb-seq-DE-rep5.yaml.gz,IGVFFI4695IKAL,IGVFFI8270UPKB,
IGVFFI0461EBUF,IGVFFI2264VUVK,scRNA,IGVFDS1437XFJK,1,6,/carter/users/aklie/projects/tf_perturb_seq/datasets/Huangfu_HUES8-definitive-endoderm-differentiation_TF-Perturb-seq/tmp/michael-beer_TF-perturb-seq-DE-rep5.yaml.gz,IGVFFI4695IKAL,IGVFFI8270UPKB,
IGVFFI7765LIXS,IGVFFI5998QJFC,scRNA,IGVFDS1437XFJK,1,4,/carter/users/aklie/projects/tf_perturb_seq/datasets/Huangfu_HUES8-definitive-endoderm-differentiation_TF-Perturb-seq/tmp/michael-beer_TF-perturb-seq-DE-rep5.yaml.gz,IGVFFI4695IKAL,IGVFFI8270UPKB,
IGVFFI8246VSOD,IGVFFI9038ZPPY,scRNA,IGVFDS1437XFJK,1,3,/carter/users/aklie/projects/tf_perturb_seq/datasets/Huangfu_HUES8-definitive-endoderm-differentiation_TF-Perturb-seq/tmp/michael-beer_TF-perturb-seq-DE-rep5.yaml.gz,IGVFFI4695IKAL,IGVFFI8270UPKB,
IGVFFI1334ERLJ,IGVFFI6148LOZG,scRNA,IGVFDS1437XFJK,1,5,/carter/users/aklie/projects/tf_perturb_seq/datasets/Huangfu_HUES8-definitive-endoderm-differentiation_TF-Perturb-seq/tmp/michael-beer_TF-perturb-seq-DE-rep5.yaml.gz,IGVFFI4695IKAL,IGVFFI8270UPKB,
IGVFFI7422JPAU,IGVFFI6182TOGH,scRNA,IGVFDS1437XFJK,1,8,/carter/users/aklie/projects/tf_perturb_seq/datasets/Huangfu_HUES8-definitive-endoderm-differentiation_TF-Perturb-seq/tmp/michael-beer_TF-perturb-seq-DE-rep5.yaml.gz,IGVFFI4695IKAL,IGVFFI8270UPKB,
IGVFFI1424PEYT,IGVFFI5524HQZH,scRNA,IGVFDS1437XFJK,1,2,/carter/users/aklie/projects/tf_perturb_seq/datasets/Huangfu_HUES8-definitive-endoderm-differentiation_TF-Perturb-seq/tmp/michael-beer_TF-perturb-seq-DE-rep5.yaml.gz,IGVFFI4695IKAL,IGVFFI8270UPKB,
IGVFFI1773IOGT,IGVFFI9577YZXE,scRNA,IGVFDS1437XFJK,1,7,/carter/users/aklie/projects/tf_perturb_seq/datasets/Huangfu_HUES8-definitive-endoderm-differentiation_TF-Perturb-seq/tmp/michael-beer_TF-perturb-seq-DE-rep5.yaml.gz,IGVFFI4695IKAL,IGVFFI8270UPKB,
IGVFFI2343XVLK,IGVFFI3676FFXC,scRNA,IGVFDS1437XFJK,1,3,/carter/users/aklie/projects/tf_perturb_seq/datasets/Huangfu_HUES8-definitive-endoderm-differentiation_TF-Perturb-seq/tmp/michael-beer_TF-perturb-seq-DE-rep5.yaml.gz,IGVFFI4695IKAL,IGVFFI8270UPKB,
IGVFFI3069EOWK,IGVFFI8104XNRN,scRNA,IGVFDS1437XFJK,1,1,/carter/users/aklie/projects/tf_perturb_seq/datasets/Huangfu_HUES8-definitive-endoderm-differentiation_TF-Perturb-seq/tmp/michael-beer_TF-perturb-seq-DE-rep5.yaml.gz,IGVFFI4695IKAL,IGVFFI8270UPKB,
IGVFFI8692BJGD,IGVFFI6514PFHI,scRNA,IGVFDS1437XFJK,1,5,/carter/users/aklie/projects/tf_perturb_seq/datasets/Huangfu_HUES8-definitive-endoderm-differentiation_TF-Perturb-seq/tmp/michael-beer_TF-perturb-seq-DE-rep5.yaml.gz,IGVFFI4695IKAL,IGVFFI8270UPKB,
IGVFFI2813OKPM,IGVFFI5916RYLM,scRNA,IGVFDS1437XFJK,1,4,/carter/users/aklie/projects/tf_perturb_seq/datasets/Huangfu_HUES8-definitive-endoderm-differentiation_TF-Perturb-seq/tmp/michael-beer_TF-perturb-seq-DE-rep5.yaml.gz,IGVFFI4695IKAL,IGVFFI8270UPKB,
IGVFFI6826HYWR,IGVFFI4360SGOE,scRNA,IGVFDS1437XFJK,1,2,/carter/users/aklie/projects/tf_perturb_seq/datasets/Huangfu_HUES8-definitive-endoderm-differentiation_TF-Perturb-seq/tmp/michael-beer_TF-perturb-seq-DE-rep5.yaml.gz,IGVFFI4695IKAL,IGVFFI8270UPKB,
IGVFFI7523NSJT,IGVFFI5116RQIE,scRNA,IGVFDS1437XFJK,1,2,/carter/users/aklie/projects/tf_perturb_seq/datasets/Huangfu_HUES8-definitive-endoderm-differentiation_TF-Perturb-seq/tmp/michael-beer_TF-perturb-seq-DE-rep5.yaml.gz,IGVFFI4695IKAL,IGVFFI8270UPKB,
IGVFFI5239KIRD,IGVFFI9232FVGJ,scRNA,IGVFDS1437XFJK,1,6,/carter/users/aklie/projects/tf_perturb_seq/datasets/Huangfu_HUES8-definitive-endoderm-differentiation_TF-Perturb-seq/tmp/michael-beer_TF-perturb-seq-DE-rep5.yaml.gz,IGVFFI4695IKAL,IGVFFI8270UPKB,
IGVFFI0324YAQC,IGVFFI5064SDCH,gRNA,IGVFDS2129VHBD,1,5,/carter/users/aklie/projects/tf_perturb_seq/datasets/Huangfu_HUES8-definitive-endoderm-differentiation_TF-Perturb-seq/tmp/michael-beer_TF-perturb-seq-DE-guide-sequencing-rep4.yaml.gz,IGVFFI4695IKAL,IGVFFI8270UPKB,
IGVFFI7672ZPMM,IGVFFI1830QFXA,gRNA,IGVFDS2129VHBD,1,1,/carter/users/aklie/projects/tf_perturb_seq/datasets/Huangfu_HUES8-definitive-endoderm-differentiation_TF-Perturb-seq/tmp/michael-beer_TF-perturb-seq-DE-guide-sequencing-rep4.yaml.gz,IGVFFI4695IKAL,IGVFFI8270UPKB,
IGVFFI9615VWHG,IGVFFI3585AJFK,gRNA,IGVFDS2129VHBD,1,4,/carter/users/aklie/projects/tf_perturb_seq/datasets/Huangfu_HUES8-definitive-endoderm-differentiation_TF-Perturb-seq/tmp/michael-beer_TF-perturb-seq-DE-guide-sequencing-rep4.yaml.gz,IGVFFI4695IKAL,IGVFFI8270UPKB,
IGVFFI4052PEUT,IGVFFI4659QABE,gRNA,IGVFDS2129VHBD,1,7,/carter/users/aklie/projects/tf_perturb_seq/datasets/Huangfu_HUES8-definitive-endoderm-differentiation_TF-Perturb-seq/tmp/michael-beer_TF-perturb-seq-DE-guide-sequencing-rep4.yaml.gz,IGVFFI4695IKAL,IGVFFI8270UPKB,
IGVFFI1997QVBJ,IGVFFI7732KMFD,gRNA,IGVFDS2129VHBD,1,6,/carter/users/aklie/projects/tf_perturb_seq/datasets/Huangfu_HUES8-definitive-endoderm-differentiation_TF-Perturb-seq/tmp/michael-beer_TF-perturb-seq-DE-guide-sequencing-rep4.yaml.gz,IGVFFI4695IKAL,IGVFFI8270UPKB,
IGVFFI7682KABZ,IGVFFI9541MFIF,gRNA,IGVFDS2129VHBD,1,2,/carter/users/aklie/projects/tf_perturb_seq/datasets/Huangfu_HUES8-definitive-endoderm-differentiation_TF-Perturb-seq/tmp/michael-beer_TF-perturb-seq-DE-guide-sequencing-rep4.yaml.gz,IGVFFI4695IKAL,IGVFFI8270UPKB,
IGVFFI5695ITVS,IGVFFI7264JVZY,gRNA,IGVFDS2129VHBD,1,8,/carter/users/aklie/projects/tf_perturb_seq/datasets/Huangfu_HUES8-definitive-endoderm-differentiation_TF-Perturb-seq/tmp/michael-beer_TF-perturb-seq-DE-guide-sequencing-rep4.yaml.gz,IGVFFI4695IKAL,IGVFFI8270UPKB,
IGVFFI3329WHJV,IGVFFI2233IBLV,gRNA,IGVFDS2129VHBD,1,3,/carter/users/aklie/projects/tf_perturb_seq/datasets/Huangfu_HUES8-definitive-endoderm-differentiation_TF-Perturb-seq/tmp/michael-beer_TF-perturb-seq-DE-guide-sequencing-rep4.yaml.gz,IGVFFI4695IKAL,IGVFFI8270UPKB,
IGVFFI2938FXYU,IGVFFI3154FSZC,gRNA,IGVFDS2520ZEYH,1,7,/carter/users/aklie/projects/tf_perturb_seq/datasets/Huangfu_HUES8-definitive-endoderm-differentiation_TF-Perturb-seq/tmp/michael-beer_TF-perturb-seq-DE-guide-sequencing-rep3.yaml.gz,IGVFFI4695IKAL,IGVFFI8270UPKB,
IGVFFI4685HGDA,IGVFFI0243RKGP,gRNA,IGVFDS2520ZEYH,1,1,/carter/users/aklie/projects/tf_perturb_seq/datasets/Huangfu_HUES8-definitive-endoderm-differentiation_TF-Perturb-seq/tmp/michael-beer_TF-perturb-seq-DE-guide-sequencing-rep3.yaml.gz,IGVFFI4695IKAL,IGVFFI8270UPKB,
IGVFFI3232APTI,IGVFFI5900URRE,gRNA,IGVFDS2520ZEYH,1,6,/carter/users/aklie/projects/tf_perturb_seq/datasets/Huangfu_HUES8-definitive-endoderm-differentiation_TF-Perturb-seq/tmp/michael-beer_TF-perturb-seq-DE-guide-sequencing-rep3.yaml.gz,IGVFFI4695IKAL,IGVFFI8270UPKB,
IGVFFI2848XFIM,IGVFFI4400FJQZ,gRNA,IGVFDS2520ZEYH,1,4,/carter/users/aklie/projects/tf_perturb_seq/datasets/Huangfu_HUES8-definitive-endoderm-differentiation_TF-Perturb-seq/tmp/michael-beer_TF-perturb-seq-DE-guide-sequencing-rep3.yaml.gz,IGVFFI4695IKAL,IGVFFI8270UPKB,
IGVFFI1887RJYG,IGVFFI3139HFWV,gRNA,IGVFDS2520ZEYH,1,2,/carter/users/aklie/projects/tf_perturb_seq/datasets/Huangfu_HUES8-definitive-endoderm-differentiation_TF-Perturb-seq/tmp/michael-beer_TF-perturb-seq-DE-guide-sequencing-rep3.yaml.gz,IGVFFI4695IKAL,IGVFFI8270UPKB,
IGVFFI4447MQFO,IGVFFI2409NWNK,gRNA,IGVFDS2520ZEYH,1,5,/carter/users/aklie/projects/tf_perturb_seq/datasets/Huangfu_HUES8-definitive-endoderm-differentiation_TF-Perturb-seq/tmp/michael-beer_TF-perturb-seq-DE-guide-sequencing-rep3.yaml.gz,IGVFFI4695IKAL,IGVFFI8270UPKB,
IGVFFI9346OHPL,IGVFFI3922UZPX,gRNA,IGVFDS2520ZEYH,1,3,/carter/users/aklie/projects/tf_perturb_seq/datasets/Huangfu_HUES8-definitive-endoderm-differentiation_TF-Perturb-seq/tmp/michael-beer_TF-perturb-seq-DE-guide-sequencing-rep3.yaml.gz,IGVFFI4695IKAL,IGVFFI8270UPKB,
IGVFFI7617URFG,IGVFFI5691JBTR,gRNA,IGVFDS2520ZEYH,1,8,/carter/users/aklie/projects/tf_perturb_seq/datasets/Huangfu_HUES8-definitive-endoderm-differentiation_TF-Perturb-seq/tmp/michael-beer_TF-perturb-seq-DE-guide-sequencing-rep3.yaml.gz,IGVFFI4695IKAL,IGVFFI8270UPKB,
IGVFFI0293HHYC,IGVFFI8332HABC,gRNA,IGVFDS4079VXPX,1,3,/carter/users/aklie/projects/tf_perturb_seq/datasets/Huangfu_HUES8-definitive-endoderm-differentiation_TF-Perturb-seq/tmp/michael-beer_TF-perturb-seq-DE-guide-sequencing-rep7.yaml.gz,IGVFFI4695IKAL,IGVFFI8270UPKB,
IGVFFI0522BCOZ,IGVFFI5876WXTV,gRNA,IGVFDS4079VXPX,1,8,/carter/users/aklie/projects/tf_perturb_seq/datasets/Huangfu_HUES8-definitive-endoderm-differentiation_TF-Perturb-seq/tmp/michael-beer_TF-perturb-seq-DE-guide-sequencing-rep7.yaml.gz,IGVFFI4695IKAL,IGVFFI8270UPKB,
IGVFFI1440SOYL,IGVFFI3059KDEA,gRNA,IGVFDS4079VXPX,1,1,/carter/users/aklie/projects/tf_perturb_seq/datasets/Huangfu_HUES8-definitive-endoderm-differentiation_TF-Perturb-seq/tmp/michael-beer_TF-perturb-seq-DE-guide-sequencing-rep7.yaml.gz,IGVFFI4695IKAL,IGVFFI8270UPKB,
IGVFFI5336UPYE,IGVFFI1502BRWU,gRNA,IGVFDS4079VXPX,1,6,/carter/users/aklie/projects/tf_perturb_seq/datasets/Huangfu_HUES8-definitive-endoderm-differentiation_TF-Perturb-seq/tmp/michael-beer_TF-perturb-seq-DE-guide-sequencing-rep7.yaml.gz,IGVFFI4695IKAL,IGVFFI8270UPKB,
IGVFFI2726QEIJ,IGVFFI3381KZJV,gRNA,IGVFDS4079VXPX,1,7,/carter/users/aklie/projects/tf_perturb_seq/datasets/Huangfu_HUES8-definitive-endoderm-differentiation_TF-Perturb-seq/tmp/michael-beer_TF-perturb-seq-DE-guide-sequencing-rep7.yaml.gz,IGVFFI4695IKAL,IGVFFI8270UPKB,
IGVFFI9220USJF,IGVFFI4234UCOG,gRNA,IGVFDS4079VXPX,1,4,/carter/users/aklie/projects/tf_perturb_seq/datasets/Huangfu_HUES8-definitive-endoderm-differentiation_TF-Perturb-seq/tmp/michael-beer_TF-perturb-seq-DE-guide-sequencing-rep7.yaml.gz,IGVFFI4695IKAL,IGVFFI8270UPKB,
IGVFFI4396BXRT,IGVFFI8625CGFS,gRNA,IGVFDS4079VXPX,1,2,/carter/users/aklie/projects/tf_perturb_seq/datasets/Huangfu_HUES8-definitive-endoderm-differentiation_TF-Perturb-seq/tmp/michael-beer_TF-perturb-seq-DE-guide-sequencing-rep7.yaml.gz,IGVFFI4695IKAL,IGVFFI8270UPKB,
IGVFFI8551ZGDP,IGVFFI6205UONR,gRNA,IGVFDS4079VXPX,1,5,/carter/users/aklie/projects/tf_perturb_seq/datasets/Huangfu_HUES8-definitive-endoderm-differentiation_TF-Perturb-seq/tmp/michael-beer_TF-perturb-seq-DE-guide-sequencing-rep7.yaml.gz,IGVFFI4695IKAL,IGVFFI8270UPKB,
IGVFFI5702LFDH,IGVFFI9574YIVC,gRNA,IGVFDS1313VGHL,1,7,/carter/users/aklie/projects/tf_perturb_seq/datasets/Huangfu_HUES8-definitive-endoderm-differentiation_TF-Perturb-seq/tmp/michael-beer_TF-perturb-seq-DE-guide-sequencing-rep1.yaml.gz,IGVFFI4695IKAL,IGVFFI8270UPKB,
IGVFFI8511QJRG,IGVFFI8967XAOQ,gRNA,IGVFDS1313VGHL,1,4,/carter/users/aklie/projects/tf_perturb_seq/datasets/Huangfu_HUES8-definitive-endoderm-differentiation_TF-Perturb-seq/tmp/michael-beer_TF-perturb-seq-DE-guide-sequencing-rep1.yaml.gz,IGVFFI4695IKAL,IGVFFI8270UPKB,
IGVFFI6289EZSR,IGVFFI1489BRCR,gRNA,IGVFDS1313VGHL,1,2,/carter/users/aklie/projects/tf_perturb_seq/datasets/Huangfu_HUES8-definitive-endoderm-differentiation_TF-Perturb-seq/tmp/michael-beer_TF-perturb-seq-DE-guide-sequencing-rep1.yaml.gz,IGVFFI4695IKAL,IGVFFI8270UPKB,
IGVFFI1538JSEC,IGVFFI3171ZNFS,gRNA,IGVFDS1313VGHL,1,5,/carter/users/aklie/projects/tf_perturb_seq/datasets/Huangfu_HUES8-definitive-endoderm-differentiation_TF-Perturb-seq/tmp/michael-beer_TF-perturb-seq-DE-guide-sequencing-rep1.yaml.gz,IGVFFI4695IKAL,IGVFFI8270UPKB,
IGVFFI2366SFVB,IGVFFI2460RTTX,gRNA,IGVFDS1313VGHL,1,3,/carter/users/aklie/projects/tf_perturb_seq/datasets/Huangfu_HUES8-definitive-endoderm-differentiation_TF-Perturb-seq/tmp/michael-beer_TF-perturb-seq-DE-guide-sequencing-rep1.yaml.gz,IGVFFI4695IKAL,IGVFFI8270UPKB,
IGVFFI5627ZWBL,IGVFFI3670FLRB,gRNA,IGVFDS1313VGHL,1,1,/carter/users/aklie/projects/tf_perturb_seq/datasets/Huangfu_HUES8-definitive-endoderm-differentiation_TF-Perturb-seq/tmp/michael-beer_TF-perturb-seq-DE-guide-sequencing-rep1.yaml.gz,IGVFFI4695IKAL,IGVFFI8270UPKB,
IGVFFI4303KJPM,IGVFFI7526WZFC,gRNA,IGVFDS1313VGHL,1,6,/carter/users/aklie/projects/tf_perturb_seq/datasets/Huangfu_HUES8-definitive-endoderm-differentiation_TF-Perturb-seq/tmp/michael-beer_TF-perturb-seq-DE-guide-sequencing-rep1.yaml.gz,IGVFFI4695IKAL,IGVFFI8270UPKB,
IGVFFI6005JGHN,IGVFFI8014TBIN,gRNA,IGVFDS1313VGHL,1,8,/carter/users/aklie/projects/tf_perturb_seq/datasets/Huangfu_HUES8-definitive-endoderm-differentiation_TF-Perturb-seq/tmp/michael-beer_TF-perturb-seq-DE-guide-sequencing-rep1.yaml.gz,IGVFFI4695IKAL,IGVFFI8270UPKB,
IGVFFI1614NEAR,IGVFFI3569QFBT,gRNA,IGVFDS0788TUIL,1,6,/carter/users/aklie/projects/tf_perturb_seq/datasets/Huangfu_HUES8-definitive-endoderm-differentiation_TF-Perturb-seq/tmp/michael-beer_TF-perturb-seq-DE-guide-sequencing-rep8.yaml.gz,IGVFFI4695IKAL,IGVFFI8270UPKB,
IGVFFI7170RAEB,IGVFFI0463VEOE,gRNA,IGVFDS0788TUIL,1,1,/carter/users/aklie/projects/tf_perturb_seq/datasets/Huangfu_HUES8-definitive-endoderm-differentiation_TF-Perturb-seq/tmp/michael-beer_TF-perturb-seq-DE-guide-sequencing-rep8.yaml.gz,IGVFFI4695IKAL,IGVFFI8270UPKB,
IGVFFI5446PRVG,IGVFFI2400PAEM,gRNA,IGVFDS0788TUIL,1,4,/carter/users/aklie/projects/tf_perturb_seq/datasets/Huangfu_HUES8-definitive-endoderm-differentiation_TF-Perturb-seq/tmp/michael-beer_TF-perturb-seq-DE-guide-sequencing-rep8.yaml.gz,IGVFFI4695IKAL,IGVFFI8270UPKB,
IGVFFI0575WTXH,IGVFFI1102QRIS,gRNA,IGVFDS0788TUIL,1,5,/carter/users/aklie/projects/tf_perturb_seq/datasets/Huangfu_HUES8-definitive-endoderm-differentiation_TF-Perturb-seq/tmp/michael-beer_TF-perturb-seq-DE-guide-sequencing-rep8.yaml.gz,IGVFFI4695IKAL,IGVFFI8270UPKB,
IGVFFI0800XKYZ,IGVFFI1955FULV,gRNA,IGVFDS0788TUIL,1,3,/carter/users/aklie/projects/tf_perturb_seq/datasets/Huangfu_HUES8-definitive-endoderm-differentiation_TF-Perturb-seq/tmp/michael-beer_TF-perturb-seq-DE-guide-sequencing-rep8.yaml.gz,IGVFFI4695IKAL,IGVFFI8270UPKB,
IGVFFI5695MKOB,IGVFFI2954GOAV,gRNA,IGVFDS0788TUIL,1,7,/carter/users/aklie/projects/tf_perturb_seq/datasets/Huangfu_HUES8-definitive-endoderm-differentiation_TF-Perturb-seq/tmp/michael-beer_TF-perturb-seq-DE-guide-sequencing-rep8.yaml.gz,IGVFFI4695IKAL,IGVFFI8270UPKB,
IGVFFI5917UYLH,IGVFFI4040FABF,gRNA,IGVFDS0788TUIL,1,2,/carter/users/aklie/projects/tf_perturb_seq/datasets/Huangfu_HUES8-definitive-endoderm-differentiation_TF-Perturb-seq/tmp/michael-beer_TF-perturb-seq-DE-guide-sequencing-rep8.yaml.gz,IGVFFI4695IKAL,IGVFFI8270UPKB,
IGVFFI7065IIAZ,IGVFFI4793RCGY,gRNA,IGVFDS0788TUIL,1,8,/carter/users/aklie/projects/tf_perturb_seq/datasets/Huangfu_HUES8-definitive-endoderm-differentiation_TF-Perturb-seq/tmp/michael-beer_TF-perturb-seq-DE-guide-sequencing-rep8.yaml.gz,IGVFFI4695IKAL,IGVFFI8270UPKB,
IGVFFI0981OFXO,IGVFFI6334UWKC,gRNA,IGVFDS3434HGEI,1,7,/carter/users/aklie/projects/tf_perturb_seq/datasets/Huangfu_HUES8-definitive-endoderm-differentiation_TF-Perturb-seq/tmp/michael-beer_TF-perturb-seq-DE-guide-sequencing-rep6.yaml.gz,IGVFFI4695IKAL,IGVFFI8270UPKB,
IGVFFI9419YLFK,IGVFFI5995UIDN,gRNA,IGVFDS3434HGEI,1,4,/carter/users/aklie/projects/tf_perturb_seq/datasets/Huangfu_HUES8-definitive-endoderm-differentiation_TF-Perturb-seq/tmp/michael-beer_TF-perturb-seq-DE-guide-sequencing-rep6.yaml.gz,IGVFFI4695IKAL,IGVFFI8270UPKB,
IGVFFI4838PVJQ,IGVFFI0353RXNE,gRNA,IGVFDS3434HGEI,1,2,/carter/users/aklie/projects/tf_perturb_seq/datasets/Huangfu_HUES8-definitive-endoderm-differentiation_TF-Perturb-seq/tmp/michael-beer_TF-perturb-seq-DE-guide-sequencing-rep6.yaml.gz,IGVFFI4695IKAL,IGVFFI8270UPKB,
IGVFFI6542NUTH,IGVFFI2286TLYT,gRNA,IGVFDS3434HGEI,1,5,/carter/users/aklie/projects/tf_perturb_seq/datasets/Huangfu_HUES8-definitive-endoderm-differentiation_TF-Perturb-seq/tmp/michael-beer_TF-perturb-seq-DE-guide-sequencing-rep6.yaml.gz,IGVFFI4695IKAL,IGVFFI8270UPKB,
IGVFFI2346RICI,IGVFFI6687MDOW,gRNA,IGVFDS3434HGEI,1,8,/carter/users/aklie/projects/tf_perturb_seq/datasets/Huangfu_HUES8-definitive-endoderm-differentiation_TF-Perturb-seq/tmp/michael-beer_TF-perturb-seq-DE-guide-sequencing-rep6.yaml.gz,IGVFFI4695IKAL,IGVFFI8270UPKB,
IGVFFI6517IHTI,IGVFFI8408EGWY,gRNA,IGVFDS3434HGEI,1,1,/carter/users/aklie/projects/tf_perturb_seq/datasets/Huangfu_HUES8-definitive-endoderm-differentiation_TF-Perturb-seq/tmp/michael-beer_TF-perturb-seq-DE-guide-sequencing-rep6.yaml.gz,IGVFFI4695IKAL,IGVFFI8270UPKB,
IGVFFI4648WQZA,IGVFFI9646XKYG,gRNA,IGVFDS3434HGEI,1,3,/carter/users/aklie/projects/tf_perturb_seq/datasets/Huangfu_HUES8-definitive-endoderm-differentiation_TF-Perturb-seq/tmp/michael-beer_TF-perturb-seq-DE-guide-sequencing-rep6.yaml.gz,IGVFFI4695IKAL,IGVFFI8270UPKB,
IGVFFI8053QZIT,IGVFFI6244PGMK,gRNA,IGVFDS3434HGEI,1,6,/carter/users/aklie/projects/tf_perturb_seq/datasets/Huangfu_HUES8-definitive-endoderm-differentiation_TF-Perturb-seq/tmp/michael-beer_TF-perturb-seq-DE-guide-sequencing-rep6.yaml.gz,IGVFFI4695IKAL,IGVFFI8270UPKB,
IGVFFI9982TSFN,IGVFFI2808RVVT,gRNA,IGVFDS1403KZYV,1,5,/carter/users/aklie/projects/tf_perturb_seq/datasets/Huangfu_HUES8-definitive-endoderm-differentiation_TF-Perturb-seq/tmp/michael-beer_TF-perturb-seq-DE-guide-sequencing-rep2.yaml.gz,IGVFFI4695IKAL,IGVFFI8270UPKB,
IGVFFI0401YINP,IGVFFI4043HRDG,gRNA,IGVFDS1403KZYV,1,2,/carter/users/aklie/projects/tf_perturb_seq/datasets/Huangfu_HUES8-definitive-endoderm-differentiation_TF-Perturb-seq/tmp/michael-beer_TF-perturb-seq-DE-guide-sequencing-rep2.yaml.gz,IGVFFI4695IKAL,IGVFFI8270UPKB,
IGVFFI1167QTMC,IGVFFI9299GHJR,gRNA,IGVFDS1403KZYV,1,6,/carter/users/aklie/projects/tf_perturb_seq/datasets/Huangfu_HUES8-definitive-endoderm-differentiation_TF-Perturb-seq/tmp/michael-beer_TF-perturb-seq-DE-guide-sequencing-rep2.yaml.gz,IGVFFI4695IKAL,IGVFFI8270UPKB,
IGVFFI1239YEHS,IGVFFI7030JZVA,gRNA,IGVFDS1403KZYV,1,3,/carter/users/aklie/projects/tf_perturb_seq/datasets/Huangfu_HUES8-definitive-endoderm-differentiation_TF-Perturb-seq/tmp/michael-beer_TF-perturb-seq-DE-guide-sequencing-rep2.yaml.gz,IGVFFI4695IKAL,IGVFFI8270UPKB,
IGVFFI9551BMOE,IGVFFI1383GJFZ,gRNA,IGVFDS1403KZYV,1,4,/carter/users/aklie/projects/tf_perturb_seq/datasets/Huangfu_HUES8-definitive-endoderm-differentiation_TF-Perturb-seq/tmp/michael-beer_TF-perturb-seq-DE-guide-sequencing-rep2.yaml.gz,IGVFFI4695IKAL,IGVFFI8270UPKB,
IGVFFI8824PJPM,IGVFFI8911BLHX,gRNA,IGVFDS1403KZYV,1,8,/carter/users/aklie/projects/tf_perturb_seq/datasets/Huangfu_HUES8-definitive-endoderm-differentiation_TF-Perturb-seq/tmp/michael-beer_TF-perturb-seq-DE-guide-sequencing-rep2.yaml.gz,IGVFFI4695IKAL,IGVFFI8270UPKB,
IGVFFI8260FOGH,IGVFFI1979OZGA,gRNA,IGVFDS1403KZYV,1,1,/carter/users/aklie/projects/tf_perturb_seq/datasets/Huangfu_HUES8-definitive-endoderm-differentiation_TF-Perturb-seq/tmp/michael-beer_TF-perturb-seq-DE-guide-sequencing-rep2.yaml.gz,IGVFFI4695IKAL,IGVFFI8270UPKB,
IGVFFI7847XJYZ,IGVFFI3533HHQP,gRNA,IGVFDS1403KZYV,1,7,/carter/users/aklie/projects/tf_perturb_seq/datasets/Huangfu_HUES8-definitive-endoderm-differentiation_TF-Perturb-seq/tmp/michael-beer_TF-perturb-seq-DE-guide-sequencing-rep2.yaml.gz,IGVFFI4695IKAL,IGVFFI8270UPKB,
IGVFFI8992LBDY,IGVFFI1579YBMP,gRNA,IGVFDS1437XFJK,1,2,/carter/users/aklie/projects/tf_perturb_seq/datasets/Huangfu_HUES8-definitive-endoderm-differentiation_TF-Perturb-seq/tmp/michael-beer_TF-perturb-seq-DE-guide-sequencing-rep5.yaml.gz,IGVFFI4695IKAL,IGVFFI8270UPKB,
IGVFFI6747DSUZ,IGVFFI1556CUUX,gRNA,IGVFDS1437XFJK,1,7,/carter/users/aklie/projects/tf_perturb_seq/datasets/Huangfu_HUES8-definitive-endoderm-differentiation_TF-Perturb-seq/tmp/michael-beer_TF-perturb-seq-DE-guide-sequencing-rep5.yaml.gz,IGVFFI4695IKAL,IGVFFI8270UPKB,
IGVFFI2733TUQG,IGVFFI1195SZTL,gRNA,IGVFDS1437XFJK,1,3,/carter/users/aklie/projects/tf_perturb_seq/datasets/Huangfu_HUES8-definitive-endoderm-differentiation_TF-Perturb-seq/tmp/michael-beer_TF-perturb-seq-DE-guide-sequencing-rep5.yaml.gz,IGVFFI4695IKAL,IGVFFI8270UPKB,
IGVFFI1264IOZT,IGVFFI3713ZHHO,gRNA,IGVFDS1437XFJK,1,1,/carter/users/aklie/projects/tf_perturb_seq/datasets/Huangfu_HUES8-definitive-endoderm-differentiation_TF-Perturb-seq/tmp/michael-beer_TF-perturb-seq-DE-guide-sequencing-rep5.yaml.gz,IGVFFI4695IKAL,IGVFFI8270UPKB,
IGVFFI5552TJVG,IGVFFI5180CTQO,gRNA,IGVFDS1437XFJK,1,5,/carter/users/aklie/projects/tf_perturb_seq/datasets/Huangfu_HUES8-definitive-endoderm-differentiation_TF-Perturb-seq/tmp/michael-beer_TF-perturb-seq-DE-guide-sequencing-rep5.yaml.gz,IGVFFI4695IKAL,IGVFFI8270UPKB,
IGVFFI2632LJOH,IGVFFI2698CGTE,gRNA,IGVFDS1437XFJK,1,6,/carter/users/aklie/projects/tf_perturb_seq/datasets/Huangfu_HUES8-definitive-endoderm-differentiation_TF-Perturb-seq/tmp/michael-beer_TF-perturb-seq-DE-guide-sequencing-rep5.yaml.gz,IGVFFI4695IKAL,IGVFFI8270UPKB,
IGVFFI3412VWGP,IGVFFI9639GZFC,gRNA,IGVFDS1437XFJK,1,4,/carter/users/aklie/projects/tf_perturb_seq/datasets/Huangfu_HUES8-definitive-endoderm-differentiation_TF-Perturb-seq/tmp/michael-beer_TF-perturb-seq-DE-guide-sequencing-rep5.yaml.gz,IGVFFI4695IKAL,IGVFFI8270UPKB,
IGVFFI4447ERJU,IGVFFI8006PIDS,gRNA,IGVFDS1437XFJK,1,8,/carter/users/aklie/projects/tf_perturb_seq/datasets/Huangfu_HUES8-definitive-endoderm-differentiation_TF-Perturb-seq/tmp/michael-beer_TF-perturb-seq-DE-guide-sequencing-rep5.yaml.gz,IGVFFI4695IKAL,IGVFFI8270UPKB,
