batch	n_cells	umi_median	umi_mean	umi_std	umi_min	umi_max	umi_q25	umi_q75	genes_median	genes_mean	genes_std	genes_min	genes_max	genes_q25	genes_q75	mito_median	mito_mean	mito_std	mito_min	mito_max	mito_q25	mito_q75
all	1004091	2398.0	2502.341	1638.8444	75.0	58346.0	1441.0	3383.0	1426.0	1386.3791379466602	741.513157106542	45	7041	939.0	1855.0	3.5928144	4.139559	2.869516	0.0	14.998764	2.0812010765075684	5.5651421546936035
IGVFDS0119GHBM	35038	2508.0	2544.3716	1762.4977	75.0	20965.0	1241.25	3534.0	1470.0	1382.2802671385352	796.1158873117045	58	6008	808.0	1902.0	4.269479	4.7308397	3.0922475	0.0	14.997956	2.4390242099761963	6.492918610572815
IGVFDS0814DYDR	38859	3031.0	2995.2854	1816.637	75.0	29433.0	1923.0	3997.0	1705.0	1597.0186057284027	803.5826216001147	56	6359	1187.0	2096.0	3.063291	3.535156	2.478698	0.0	14.98744	1.8901000618934631	4.594594478607178
IGVFDS0860HOHE	41117	2591.0	2660.0208	1631.38	75.0	20463.0	1678.0	3540.0	1543.0	1482.2472943064913	739.0169411397502	56	5583	1092.0	1941.0	3.1393569	3.5958595	2.4848793	0.0	14.9937	1.92887282371521	4.684684753417969
IGVFDS1042ITOF	39931	2349.0	2326.9805	1354.1162	75.0	17045.0	1531.0	3073.0	1396.0	1325.8878815957526	653.1353493719324	58	4941	990.0	1728.0	3.0314372	3.4908068	2.446731	0.0	14.982578	1.828467845916748	4.562183618545532
IGVFDS1584ZJUM	40020	2844.0	2853.3696	1725.5104	75.0	25577.0	1839.0	3782.0	1655.0	1568.8307346326837	780.2477565287612	58	5887	1173.0	2052.0	3.0314066	3.5030115	2.4575758	0.0	14.99006	1.8366501927375793	4.593209624290466
IGVFDS1867JBBD	39738	2552.0	2539.4392	1532.2571	75.0	25558.0	1640.0	3368.0	1492.0	1411.8704766218732	709.4882994723621	56	6354	1045.25	1849.0	3.0014641	3.4793193	2.4630494	0.0	14.99683	1.829268217086792	4.538115620613098
IGVFDS2653YSTF	38914	1810.0	2123.9192	1571.7292	75.0	17177.0	1125.0	2864.0	1185.0	1224.1019170478492	704.5675514301162	55	5383	790.25	1640.0	4.062893	4.4932556	2.939463	0.0	14.995641	2.378326416015625	6.087737083435059
IGVFDS2933CBPV	39043	2266.0	2399.7295	1600.4353	75.0	24994.0	1401.0	3232.0	1314.0	1295.5489588402531	708.5684312328609	46	5867	878.0	1728.0	4.9251246	5.2991934	3.2084808	0.0	14.991482	3.002590775489807	7.229898929595947
IGVFDS3275TXAD	36625	2027.0	2063.6843	1300.8362	75.0	17171.0	1250.0	2763.0	1206.0	1165.9415699658703	619.9036412951909	56	4914	808.0	1544.0	4.8739495	5.224992	3.186645	0.0	14.989817	2.958937168121338	7.127071857452393
IGVFDS3599AKSM	40301	2662.0	2789.6882	1784.9381	75.0	30413.0	1680.0	3727.0	1598.0	1544.0066251457781	786.8149149595199	58	6575	1110.0	2032.0	3.0277545	3.5042124	2.4614065	0.0	14.994165	1.8387552499771118	4.573358058929443
IGVFDS4080NNVH	33743	2282.0	2252.4785	1470.3953	75.0	20729.0	1200.0	3086.0	1332.0	1249.4266959072993	696.2662240023662	58	5304	776.0	1694.0	4.770559	5.1441245	3.2603755	0.0	14.992271	2.7618470191955566	7.132471323013306
IGVFDS5151YCLI	39927	2257.0	2514.792	1800.7599	75.0	18894.0	1353.0	3418.5	1365.0	1374.8010619380368	785.5119187024204	56	5820	891.0	1859.0	4.60199	4.990797	3.1082864	0.0	14.998764	2.7397260665893555	6.772498607635498
IGVFDS5304ZOXD	34722	2425.0	2607.4177	1858.4899	75.0	17889.0	1335.0	3599.0	1457.0	1420.0455330914117	818.5513563630083	60	5459	882.0	1949.0	4.076219	4.5478215	3.0826929	0.0	14.993954	2.3012096881866455	6.247929811477661
IGVFDS5398VEFY	41988	1580.0	1652.8286	985.309	75.0	12141.0	1060.0	2163.0	994.0	994.5478470039059	499.25345021039925	58	4405	715.0	1287.0	4.60951	4.987857	3.0025167	0.0	14.995715	2.884615421295166	6.728137850761414
IGVFDS6472JBHY	39492	2657.0	2626.2825	1613.3856	75.0	23469.0	1660.0	3526.0	1538.0	1444.5465410716095	742.8245052239486	58	5723	1054.0	1911.0	2.9848876	3.4682689	2.4384851	0.0	14.988211	1.8157880008220673	4.529194235801697
IGVFDS6688BORQ	36235	2187.0	2446.2012	1757.0294	75.0	24788.0	1299.0	3329.0	1349.0	1356.8107078791224	777.0111763193069	56	6179	865.0	1845.0	4.334171	4.7549105	3.0658514	0.0	14.998637	2.547667980194092	6.4770379066467285
IGVFDS6847GSEQ	38803	2657.0	2827.0388	1804.7678	75.0	26624.0	1702.0	3803.5	1610.0	1567.999510347138	790.4012179785384	58	6122	1132.0	2065.0	2.7598355	3.2406557	2.3691077	0.0	14.996054	1.6520221829414368	4.2388916015625
IGVFDS6980CXOR	36255	2304.0	2336.7612	1354.1512	75.0	25161.0	1559.0	3057.0	1373.0	1329.4262308647083	641.6065422023163	56	5789	998.0	1720.0	3.1939163	3.674781	2.5247867	0.0	14.995225	1.9667171239852905	4.816526651382446
IGVFDS6990PWDJ	38914	2388.0	2557.2363	1693.3064	75.0	58346.0	1511.0	3418.0	1499.0	1463.9195148275685	754.8371442436619	56	7041	1039.0	1928.0	2.7873218	3.29593	2.4239204	0.0	14.994934	1.6666667461395264	4.283924698829651
IGVFDS7181KBXZ	40718	2163.0	2272.9644	1465.3761	75.0	29443.0	1391.0	3024.0	1266.0	1251.1960803575814	662.0414833821595	50	6252	882.0	1650.0	5.0	5.3589044	3.188462	0.0	14.998613	3.118040084838867	7.281553745269775
IGVFDS7696ONVJ	37110	2900.5	2889.7698	1747.9202	75.0	22447.0	1849.25	3854.0	1641.0	1547.5056049582322	778.6341822366543	45	5699	1143.0	2032.0	2.9636025	3.438854	2.4618163	0.0	14.992389	1.772700935602188	4.501857161521912
IGVFDS8493OWMF	37509	2368.0	2373.351	1557.1216	75.0	24177.0	1335.0	3226.0	1354.0	1281.3354661547896	706.4991978838851	58	5534	840.0	1723.0	4.845115	5.192663	3.2303648	0.0	14.983888	2.857142925262451	7.136237621307373
IGVFDS8548HJBX	38802	2653.0	2697.0532	1599.6531	75.0	27213.0	1763.0	3569.0	1564.0	1502.4162414308541	725.8886830307921	58	6173	1132.0	1954.0	3.1653514	3.6356366	2.5028765	0.0	14.993307	1.9270071685314178	4.764681935310364
IGVFDS9367JFNB	42155	2006.0	2211.6387	1520.606	75.0	22696.0	1250.0	2976.0	1263.0	1267.1238761712727	695.0971939289433	58	5865	852.0	1692.0	3.9544237	4.3798633	2.850586	0.0	14.979757	2.392512798309326	5.885320425033569
IGVFDS9568EYXJ	39053	2783.0	2878.7207	1751.7957	75.0	22329.0	1805.0	3835.0	1610.0	1546.6155224950708	753.2026365250558	56	5381	1150.0	2020.0	2.9632556	3.4446979	2.438638	0.0	14.977039	1.7926912307739258	4.487550735473633
IGVFDS9699UXJW	39079	2674.0	2649.477	1567.3835	75.0	25965.0	1730.5	3511.0	1536.0	1452.2084239617186	718.3535592281534	53	5953	1088.0	1896.0	3.0054646	3.4757512	2.469984	0.0	14.995315	1.7995311617851257	4.55150294303894
