batch	n_cells	guide_umi_median	guide_umi_mean	guide_umi_std	guide_umi_min	guide_umi_max	guide_umi_q25	guide_umi_q75	guides_per_cell_mean	guides_per_cell_std	guides_per_cell_min	guides_per_cell_max	guides_per_cell_median	n_cells_with_guide	n_cells_exactly_1_guide	frac_cells_with_guide	n_guides_total	cells_per_guide_median	cells_per_guide_mean	cells_per_guide_std	cells_per_guide_min	cells_per_guide_max	dataset	short_name
all	1004091	303.0	528.3820988336714	646.4916785044965	1.0	12863.0	65.0	739.0	2.691406456187736	1.6984656798170945	0	75	2.0	975113	212264	0.9711400659900348	14151.0	147.0	190.97003745318352	228.6444919428892	0.0	9532.0	Hon_WTC11-cardiomyocyte-differentiation_TF-Perturb-seq	Hon CM
IGVFDS0119GHBM	35038	197.0	453.933044123523	690.2842633384688	1.0	12486.0	43.0	547.0	2.6389063302699927	1.6405213840670765	0	18	2.0	33498	7606	0.9560477196186996							Hon_WTC11-cardiomyocyte-differentiation_TF-Perturb-seq	Hon CM
IGVFDS0814DYDR	38859	341.0	544.4474124398466	626.5738049181494	1.0	6138.0	70.0	780.0	2.711135129571013	1.5916305030950784	0	27	2.0	37999	7903	0.9778687048045498							Hon_WTC11-cardiomyocyte-differentiation_TF-Perturb-seq	Hon CM
IGVFDS0860HOHE	41117	346.0	548.7430989615001	627.7548418274009	1.0	7851.0	83.0	780.0	2.693606051025124	1.641900533934185	0	32	2.0	40134	8634	0.9760926137607316							Hon_WTC11-cardiomyocyte-differentiation_TF-Perturb-seq	Hon CM
IGVFDS1042ITOF	39931	322.0	509.5883899727029	574.0894641228572	1.0	5852.0	73.0	729.0	2.615060980190829	1.5899454171179292	0	35	2.0	38817	8777	0.972101875735644							Hon_WTC11-cardiomyocyte-differentiation_TF-Perturb-seq	Hon CM
IGVFDS1584ZJUM	40020	377.0	593.7179660169915	670.3295625093177	1.0	9755.0	86.0	850.0	2.72976011994003	1.552534691896852	0	14	2.0	39251	8159	0.980784607696152							Hon_WTC11-cardiomyocyte-differentiation_TF-Perturb-seq	Hon CM
IGVFDS1867JBBD	39738	372.0	591.8071870753434	672.9884035513373	1.0	8228.0	82.0	850.0	2.711132920630128	1.5458620827483156	0	14	2.0	38918	8097	0.9793648397000352							Hon_WTC11-cardiomyocyte-differentiation_TF-Perturb-seq	Hon CM
IGVFDS2653YSTF	38914	130.0	319.3358431412859	521.8418037473696	1.0	5887.0	37.0	341.0	2.4358071645166266	1.789030687103409	0	75	2.0	36616	9743	0.940946702986072							Hon_WTC11-cardiomyocyte-differentiation_TF-Perturb-seq	Hon CM
IGVFDS2933CBPV	39043	362.0	549.8302896806085	604.8779827325984	1.0	5504.0	74.0	802.0	2.6895730348590017	1.6576490733409517	0	39	2.0	37887	8181	0.9703916194964526							Hon_WTC11-cardiomyocyte-differentiation_TF-Perturb-seq	Hon CM
IGVFDS3275TXAD	36625	413.0	627.6835494880546	684.639394451703	1.0	7235.0	87.0	920.0	2.880136518771331	2.286467249850445	0	49	3.0	35823	7160	0.9781023890784984							Hon_WTC11-cardiomyocyte-differentiation_TF-Perturb-seq	Hon CM
IGVFDS3599AKSM	40301	391.0	618.8114438847671	707.6592838288307	1.0	8351.0	91.0	881.0	2.825488201285328	1.6001369243492876	0	19	3.0	39654	7632	0.9839458077963326							Hon_WTC11-cardiomyocyte-differentiation_TF-Perturb-seq	Hon CM
IGVFDS4080NNVH	33743	329.0	554.5144178051744	681.9823414689756	1.0	9484.0	59.0	779.0	2.769996740064606	2.0084430339574104	0	55	2.0	32730	6992	0.9699789585988206							Hon_WTC11-cardiomyocyte-differentiation_TF-Perturb-seq	Hon CM
IGVFDS5151YCLI	39927	143.0	354.25328724922986	591.1365679394809	1.0	8590.0	40.0	379.0	2.5281638991158863	1.6441115328471851	0	51	2.0	37875	9385	0.948606206326546							Hon_WTC11-cardiomyocyte-differentiation_TF-Perturb-seq	Hon CM
IGVFDS5304ZOXD	34722	256.0	507.7865618339957	714.2936219343964	1.0	9740.0	52.0	653.0	2.7532400207361327	1.6331027467976678	0	17	2.0	33676	6974	0.969875007200046							Hon_WTC11-cardiomyocyte-differentiation_TF-Perturb-seq	Hon CM
IGVFDS5398VEFY	41988	272.0	401.6593550538249	432.0022918396368	1.0	5300.0	72.0	578.0	2.55361055539678	1.8349003593751785	0	42	2.0	40164	10050	0.9565590168619604							Hon_WTC11-cardiomyocyte-differentiation_TF-Perturb-seq	Hon CM
IGVFDS6472JBHY	39492	348.0	568.4699686012357	660.5059935122226	1.0	7101.0	70.0	814.0	2.681150612782336	1.5406920367136938	0	13	2.0	38550	8244	0.9761470677605592							Hon_WTC11-cardiomyocyte-differentiation_TF-Perturb-seq	Hon CM
IGVFDS6688BORQ	36235	202.0	433.7541051469574	655.1337070976805	1.0	9366.0	50.0	519.0	2.702469987581068	1.8451038618988969	0	48	2.0	34827	7702	0.9611425417414102							Hon_WTC11-cardiomyocyte-differentiation_TF-Perturb-seq	Hon CM
IGVFDS6847GSEQ	38803	405.0	636.2585882534855	726.766944219309	1.0	7393.0	95.0	903.0	2.842177151251192	1.5964715881380191	0	15	3.0	38209	7210	0.9846919052650568							Hon_WTC11-cardiomyocyte-differentiation_TF-Perturb-seq	Hon CM
IGVFDS6980CXOR	36255	353.0	555.8018204385602	627.1663614857772	1.0	7158.0	89.0	785.0	2.705392359674528	1.5940244634277632	0	32	2.0	35529	7563	0.9799751758378156							Hon_WTC11-cardiomyocyte-differentiation_TF-Perturb-seq	Hon CM
IGVFDS6990PWDJ	38914	389.0	614.892095389834	704.5065751301235	1.0	12863.0	94.0	869.0	2.8141799866372	1.6056921424337778	0	19	3.0	38299	7512	0.9841959192064552							Hon_WTC11-cardiomyocyte-differentiation_TF-Perturb-seq	Hon CM
IGVFDS7181KBXZ	40718	306.0	462.0292008448352	503.7028017790673	1.0	5899.0	69.0	674.0	2.6541333071368927	2.0628563601974106	0	45	2.0	39172	9293	0.9620315339653224							Hon_WTC11-cardiomyocyte-differentiation_TF-Perturb-seq	Hon CM
IGVFDS7696ONVJ	37110	346.0	555.955402856373	637.6390976757023	1.0	7950.0	73.0	798.0	2.718889787119375	1.544174322852773	0	25	2.0	36408	7484	0.9810832659660468							Hon_WTC11-cardiomyocyte-differentiation_TF-Perturb-seq	Hon CM
IGVFDS8493OWMF	37509	394.0	614.6465381641739	689.8260462852919	1.0	8335.0	68.0	898.0	2.700738489429204	1.7528887288714887	0	46	2.0	36370	7913	0.9696339545175824							Hon_WTC11-cardiomyocyte-differentiation_TF-Perturb-seq	Hon CM
IGVFDS8548HJBX	38802	416.0	654.6838565022422	742.4346669793974	1.0	9815.0	101.0	933.0	2.7831039637132107	1.568522046297618	0	16	3.0	38208	7711	0.9846915107468688							Hon_WTC11-cardiomyocyte-differentiation_TF-Perturb-seq	Hon CM
IGVFDS9367JFNB	42155	158.0	353.2823864310283	537.0098478670301	1.0	6740.0	42.0	414.0	2.4840232475388446	1.67671050195007	0	47	2.0	39986	10188	0.9485470288222038							Hon_WTC11-cardiomyocyte-differentiation_TF-Perturb-seq	Hon CM
IGVFDS9568EYXJ	39053	361.0	574.8986761580417	655.2612729364079	1.0	6548.0	87.0	815.0	2.7302383939774155	1.5422376321023237	0	13	2.0	38353	7950	0.9820756407958416							Hon_WTC11-cardiomyocyte-differentiation_TF-Perturb-seq	Hon CM
IGVFDS9699UXJW	39079	353.0	561.4207630696794	638.5435979759059	1.0	7700.0	77.0	810.0	2.681261035338673	1.541929683276697	0	20	2.0	38160	8201	0.9764835333555106							Hon_WTC11-cardiomyocyte-differentiation_TF-Perturb-seq	Hon CM
all	269491	372.0	634.784564234056	833.4880002423766	1.0	13635.0	11.0	906.0	6.972307052925701	6.32697046182588	0	146	6.0	243972	29153	0.9053066707236976	14151.0	94.0	132.78029821214048	166.3851634344403	0.0	6134.0	Huangfu_HUES8-definitive-endoderm-differentiation_TF-Perturb-seq	Huangfu DE
IGVFDS0788TUIL	30351	428.0	621.4823234819281	687.2452763943963	1.0	13635.0	143.0	858.0	7.815788606635696	5.766845745727454	0	46	7.0	28777	2271	0.9481400942308326							Huangfu_HUES8-definitive-endoderm-differentiation_TF-Perturb-seq	Huangfu DE
IGVFDS1313VGHL	27292	636.5	922.986772680639	1027.638514330033	1.0	11870.0	191.0	1301.0	8.030485123845816	5.920901543980378	0	71	7.0	26201	1863	0.9600249157262202							Huangfu_HUES8-definitive-endoderm-differentiation_TF-Perturb-seq	Huangfu DE
IGVFDS1403KZYV	31953	391.0	676.9048289675461	896.4990411152756	1.0	10706.0	11.0	945.0	7.121553531749758	6.391480499426224	0	116	6.0	28956	3536	0.9062059900478828							Huangfu_HUES8-definitive-endoderm-differentiation_TF-Perturb-seq	Huangfu DE
IGVFDS1437XFJK	33773	407.0	682.3509312172446	898.8466068099856	1.0	10108.0	15.0	947.0	7.88857963461937	8.450992492464712	0	146	6.0	31459	3365	0.9314837296064904							Huangfu_HUES8-definitive-endoderm-differentiation_TF-Perturb-seq	Huangfu DE
IGVFDS2129VHBD	43344	188.0	493.8081395348837	724.6864487086059	1.0	9119.0	7.0	737.0	5.911775562938353	5.754810343621832	0	55	4.0	36940	5543	0.8522517534145441							Huangfu_HUES8-definitive-endoderm-differentiation_TF-Perturb-seq	Huangfu DE
IGVFDS2520ZEYH	27054	515.0	767.6098913284542	892.9336466252474	1.0	13563.0	124.0	1078.0	7.612663561765358	5.857491753531687	0	54	7.0	25509	2312	0.9428919937901974							Huangfu_HUES8-definitive-endoderm-differentiation_TF-Perturb-seq	Huangfu DE
IGVFDS3434HGEI	44166	165.0	515.6961010732238	785.405791621858	1.0	12129.0	6.0	755.0	5.713920210116379	5.6610122308826245	0	73	4.0	38128	6444	0.8632885024679617							Huangfu_HUES8-definitive-endoderm-differentiation_TF-Perturb-seq	Huangfu DE
IGVFDS4079VXPX	31558	346.0	551.2076810951264	687.7792887235613	1.0	9172.0	8.0	795.0	6.783034412827176	5.939884957802774	0	60	6.0	28002	3819	0.8873185879967045							Huangfu_HUES8-definitive-endoderm-differentiation_TF-Perturb-seq	Huangfu DE
all	130789	2449.0	2981.012531634924	2279.238644992276	1.0	25745.0	1369.0	4002.0	10.89932639595073	6.970113361949816	0	265	10.0	130637	1326	0.998837822752678	14151.0	71.0	100.73577839021978	129.5839995454334	0.0	5289.0	Huangfu_HUES8-embryonic-stemcell-differentiation_TF-Perturb-seq	Huangfu ESC
IGVFDS0746MYRH	16783	2581.0	3071.5819579336235	2237.265285164922	1.0	24105.0	1474.5	4110.5	10.807185842817136	6.393243166080218	0	64	10.0	16772	172	0.9993445748674252							Huangfu_HUES8-embryonic-stemcell-differentiation_TF-Perturb-seq	Huangfu ESC
IGVFDS0956UUQN	16781	2535.0	2999.851677492402	2156.5707916434835	1.0	19154.0	1445.0	4048.0	11.252607115189798	9.362505415446956	0	265	10.0	16768	161	0.9992253143436028							Huangfu_HUES8-embryonic-stemcell-differentiation_TF-Perturb-seq	Huangfu ESC
IGVFDS2908DIHX	15984	2438.0	2916.6609734734734	2193.363003662048	1.0	20135.0	1377.0	3883.25	10.76714214214214	6.536673852383491	0	84	10.0	15963	187	0.9986861861861862							Huangfu_HUES8-embryonic-stemcell-differentiation_TF-Perturb-seq	Huangfu ESC
IGVFDS2940LYGK	15255	2876.0	3411.081415929204	2441.953023495281	1.0	21438.0	1659.5	4581.0	11.03716814159292	6.7937932288662	0	86	10.0	15239	128	0.9989511635529336							Huangfu_HUES8-embryonic-stemcell-differentiation_TF-Perturb-seq	Huangfu ESC
IGVFDS3348KRMQ	16596	2632.5	3126.4180525427814	2245.2858950343	1.0	23451.0	1515.0	4216.0	10.846167751265366	6.4560734023380855	0	66	10.0	16587	139	0.9994577006507592							Huangfu_HUES8-embryonic-stemcell-differentiation_TF-Perturb-seq	Huangfu ESC
IGVFDS5934EZKT	16685	2627.0	3159.5608630506445	2339.489788086136	1.0	22069.0	1480.0	4256.0	10.860173808810307	6.673539507264495	0	73	10.0	16656	156	0.9982619118969134							Huangfu_HUES8-embryonic-stemcell-differentiation_TF-Perturb-seq	Huangfu ESC
IGVFDS6247FKDR	14933	2857.0	3505.3125962633094	2735.6071640081805	1.0	25745.0	1600.0	4667.0	10.88227415790531	6.389549956386958	0	72	10.0	14920	137	0.9991294448536796							Huangfu_HUES8-embryonic-stemcell-differentiation_TF-Perturb-seq	Huangfu ESC
IGVFDS8623ONYE	17772	1546.0	1822.4556043214045	1319.637639219513	1.0	10859.0	876.0	2458.0	10.75405131667792	6.550754384090925	0	81	10.0	17732	246	0.9977492685122664							Huangfu_HUES8-embryonic-stemcell-differentiation_TF-Perturb-seq	Huangfu ESC
all	1053820	527.0	943.9088193429618	1150.448570090768	1.0	35082.0	149.0	1333.0	2.047701694786586	1.7867398238948786	0	23	2.0	840841	258968	0.7978981230191114	14151.0	103.0	152.49162603349586	258.4043664310824	0.0	14278.0	Gersbach_WTC11-hepatocyte-differentiation_TF-Perturb-seq	Gersbach Hep
A1_S1	22474	820.0	1241.2582984782416	1361.416755757921	13.0	17948.0	226.0	1796.0	2.250467206549791	1.8372716536190212	0	14	2.0	18812	5272	0.8370561537776987							Gersbach_WTC11-hepatocyte-differentiation_TF-Perturb-seq	Gersbach Hep
A2_S2	23641	750.0	1192.2294742185186	1368.7603052034997	11.0	33375.0	184.0	1725.0	2.1542235946025974	1.8480302402247275	0	16	2.0	19110	5466	0.8083414407173978							Gersbach_WTC11-hepatocyte-differentiation_TF-Perturb-seq	Gersbach Hep
A3_S3	23901	757.0	1151.692314129116	1254.7641870718496	9.0	18237.0	205.0	1658.0	2.2282749675745785	1.8533756579759957	0	15	2.0	19815	5650	0.8290448098405925							Gersbach_WTC11-hepatocyte-differentiation_TF-Perturb-seq	Gersbach Hep
A4_S4	23386	806.0	1271.6691610365176	1439.4198380103296	2.0	21223.0	196.0	1854.75	2.177713161720688	1.8593409517490125	0	15	2.0	18926	5286	0.8092876079705806							Gersbach_WTC11-hepatocyte-differentiation_TF-Perturb-seq	Gersbach Hep
A5_S5	20980	969.0	1517.708770257388	1691.1265672126217	17.0	24574.0	248.0	2189.0	2.307292659675882	1.941465318752969	0	17	2.0	17407	4748	0.8296949475691134							Gersbach_WTC11-hepatocyte-differentiation_TF-Perturb-seq	Gersbach Hep
A6_S6	25239	822.0	1355.3848409207972	1584.7728758012713	16.0	25567.0	204.0	1942.0	2.187883830579658	1.8696640519898025	0	16	2.0	20448	5794	0.8101747295851658							Gersbach_WTC11-hepatocyte-differentiation_TF-Perturb-seq	Gersbach Hep
A7_S7	24713	704.0	1113.891959697325	1240.3796935678436	6.0	14245.0	182.0	1611.0	2.1260470197871566	1.83592044986766	0	17	2.0	19913	5874	0.8057702423825517							Gersbach_WTC11-hepatocyte-differentiation_TF-Perturb-seq	Gersbach Hep
A8_S8	25292	826.0	1284.1957931361696	1426.6187437128085	1.0	21953.0	224.0	1839.0	2.2471927882334337	1.8970013597019864	0	16	2.0	20888	5859	0.8258737940850862							Gersbach_WTC11-hepatocyte-differentiation_TF-Perturb-seq	Gersbach Hep
B1_S9	20784	1036.0	1555.4307159353348	1679.881248054565	2.0	21870.0	289.0	2260.0	2.340309853733641	1.8876185797046827	0	18	2.0	17697	4868	0.851472286374134							Gersbach_WTC11-hepatocyte-differentiation_TF-Perturb-seq	Gersbach Hep
B2_S10	26315	580.0	940.3893596807904	1079.7831294740822	1.0	19465.0	150.0	1356.5	2.0589397681930457	1.799643420419779	0	16	2.0	20871	6291	0.7931217936538096							Gersbach_WTC11-hepatocyte-differentiation_TF-Perturb-seq	Gersbach Hep
B3_S11	23923	806.0	1236.7269573214062	1373.483383951071	13.0	18396.0	212.0	1787.0	2.221042511390712	1.8449551512339324	0	15	2.0	19743	5542	0.8252727500731514							Gersbach_WTC11-hepatocyte-differentiation_TF-Perturb-seq	Gersbach Hep
B4_S12	25131	628.0	993.7146154152242	1106.9526233201843	10.0	18469.0	174.0	1429.0	2.1462337352274083	1.794978970212006	0	14	2.0	20620	5990	0.8205005769766424							Gersbach_WTC11-hepatocyte-differentiation_TF-Perturb-seq	Gersbach Hep
B5_S13	24292	700.0	1146.7307343981558	1309.765703791374	1.0	24677.0	182.0	1654.0	2.133912399143751	1.830801275762286	0	15	2.0	19560	5693	0.805203359130578							Gersbach_WTC11-hepatocyte-differentiation_TF-Perturb-seq	Gersbach Hep
B6_S14	22810	692.5	1078.4407715914074	1201.403197721405	4.0	20183.0	188.0	1556.0	2.132924156071898	1.7866003010357194	0	14	2.0	18742	5586	0.8216571679088119							Gersbach_WTC11-hepatocyte-differentiation_TF-Perturb-seq	Gersbach Hep
B7_S15	22610	802.0	1224.627156125608	1347.7724633895637	16.0	26950.0	230.0	1760.0	2.226492702344096	1.8060832975943684	0	16	2.0	19003	5471	0.84046881910659							Gersbach_WTC11-hepatocyte-differentiation_TF-Perturb-seq	Gersbach Hep
B8_S16	28571	363.0	598.1271219068286	694.2403433991599	1.0	10944.0	98.0	857.0	1.8675580133702008	1.6705654500009528	0	14	2.0	21884	7082	0.7659514892723391							Gersbach_WTC11-hepatocyte-differentiation_TF-Perturb-seq	Gersbach Hep
C1_S17	3056	999.5	1376.0533376963351	1433.6170338597462	44.0	18561.0	333.0	1912.25	2.7159685863874348	2.1770609426355136	0	17	2.0	2662	603	0.8710732984293194							Gersbach_WTC11-hepatocyte-differentiation_TF-Perturb-seq	Gersbach Hep
C2_S18	26955	470.0	742.0427749953626	814.7950322839348	13.0	14276.0	134.0	1077.0	1.9989983305509185	1.7514235187482123	0	19	2.0	21212	6621	0.7869411982934521							Gersbach_WTC11-hepatocyte-differentiation_TF-Perturb-seq	Gersbach Hep
C3_S19	27906	419.0	639.2576148498531	696.688368535589	1.0	12354.0	118.0	920.0	1.975524976707518	1.7467535460144143	0	16	2.0	21854	6897	0.7831290761843331							Gersbach_WTC11-hepatocyte-differentiation_TF-Perturb-seq	Gersbach Hep
C4_S20	27199	536.0	868.1668811353359	974.146159710244	6.0	14446.0	156.0	1243.0	2.0598919077907274	1.8278293740624891	0	19	2.0	21365	6299	0.7855068201036803							Gersbach_WTC11-hepatocyte-differentiation_TF-Perturb-seq	Gersbach Hep
C5_S21	25654	596.0	913.0631870273642	1009.5729704985322	10.0	22079.0	168.0	1302.0	2.1182271770484133	1.8309059988633407	0	15	2.0	20563	5987	0.801551414984018							Gersbach_WTC11-hepatocyte-differentiation_TF-Perturb-seq	Gersbach Hep
C6_S22	24680	790.0	1279.3095623987033	1438.637853517843	6.0	18568.0	222.0	1827.0	2.186507293354943	1.89653466905015	0	23	2.0	19986	5738	0.8098055105348461							Gersbach_WTC11-hepatocyte-differentiation_TF-Perturb-seq	Gersbach Hep
C7_S23	25989	674.0	1037.8445496171455	1140.3582853007665	11.0	35082.0	196.0	1489.0	2.1749586363461466	1.8456428925025408	0	19	2.0	21283	6213	0.8189233906652814							Gersbach_WTC11-hepatocyte-differentiation_TF-Perturb-seq	Gersbach Hep
C8_S24	27301	604.0	935.8812863997656	1027.1767161672983	10.0	14656.0	176.0	1340.0	2.1344639390498514	1.8145058851700584	0	17	2.0	22085	6329	0.8089447272993663							Gersbach_WTC11-hepatocyte-differentiation_TF-Perturb-seq	Gersbach Hep
D1_S25	21851	633.0	923.5548029838452	978.3474583451934	11.0	18052.0	189.0	1331.0	2.145027687520022	1.7867732605420468	0	14	2.0	17910	5240	0.8196421216420301							Gersbach_WTC11-hepatocyte-differentiation_TF-Perturb-seq	Gersbach Hep
D2_S26	27544	525.0	799.6603979088005	867.6869520021194	13.0	16198.0	151.0	1146.0	2.0624455416787684	1.778973244203297	0	15	2.0	22034	6671	0.7999564333430148							Gersbach_WTC11-hepatocyte-differentiation_TF-Perturb-seq	Gersbach Hep
D3_S27	25171	608.0	916.4681180723848	975.120011830227	13.0	13127.0	172.0	1329.0	2.1170394501609	1.8113578206809808	0	15	2.0	20401	6162	0.8104962059512931							Gersbach_WTC11-hepatocyte-differentiation_TF-Perturb-seq	Gersbach Hep
D4_S28	26341	521.0	808.6172127102236	874.0063448213599	15.0	10849.0	152.0	1161.0	2.0243726510003417	1.7495671745696797	0	14	2.0	20927	6349	0.7944649026232868							Gersbach_WTC11-hepatocyte-differentiation_TF-Perturb-seq	Gersbach Hep
D5_S29	25511	594.0	933.4562345654816	1027.508123863497	15.0	14815.0	168.0	1347.0	2.0834541962290776	1.807811418620081	0	23	2.0	20416	6189	0.8002822311943867							Gersbach_WTC11-hepatocyte-differentiation_TF-Perturb-seq	Gersbach Hep
D6_S30	26106	544.0	834.4466789243852	905.9147666228068	1.0	13612.0	160.0	1209.0	2.0886003217651115	1.782053884951358	0	22	2.0	21213	6409	0.8125718225695242							Gersbach_WTC11-hepatocyte-differentiation_TF-Perturb-seq	Gersbach Hep
D7_S31	24604	579.0	876.7300845390994	943.227505298953	8.0	15018.0	175.75	1258.0	2.1225816940334905	1.7941485366887644	0	14	2.0	20003	5883	0.8129978865225167							Gersbach_WTC11-hepatocyte-differentiation_TF-Perturb-seq	Gersbach Hep
D8_S32	26036	483.0	736.0018820095253	786.451716018775	2.0	16736.0	146.0	1063.0	2.041865109847903	1.7522831223789994	0	18	2.0	20957	6591	0.8049239514518359							Gersbach_WTC11-hepatocyte-differentiation_TF-Perturb-seq	Gersbach Hep
E1_S33	22425	601.0	926.6155629877368	1021.4591748639232	12.0	18153.0	164.0	1338.0	2.103188405797101	1.7971915651388823	0	14	2.0	18055	5304	0.8051282051282052							Gersbach_WTC11-hepatocyte-differentiation_TF-Perturb-seq	Gersbach Hep
E2_S34	22304	659.0	1049.9557030129124	1193.8789942340727	7.0	18121.0	166.0	1528.0	2.088414634146341	1.8129057326596367	0	18	2.0	17758	5233	0.7961800573888091							Gersbach_WTC11-hepatocyte-differentiation_TF-Perturb-seq	Gersbach Hep
E3_S35	23934	620.0	1015.3561460683546	1147.3803484769062	13.0	16138.0	161.0	1469.0	2.0353472048132364	1.7933392114416138	0	15	2.0	18787	5606	0.784950279936492							Gersbach_WTC11-hepatocyte-differentiation_TF-Perturb-seq	Gersbach Hep
E4_S36	23534	714.0	1150.9524092801903	1283.6151566004771	16.0	20687.0	179.0	1674.75	2.087150505651398	1.8262412756331283	0	15	2.0	18654	5569	0.7926404351151526							Gersbach_WTC11-hepatocyte-differentiation_TF-Perturb-seq	Gersbach Hep
E5_S37	23332	425.0	688.5802331561804	780.0772767792654	10.0	10314.0	114.0	995.25	1.8928938796502657	1.680662275055018	0	14	2.0	17988	5775	0.7709583404765986							Gersbach_WTC11-hepatocyte-differentiation_TF-Perturb-seq	Gersbach Hep
E6_S38	24073	659.0	1068.968927844473	1209.7813627997357	1.0	23510.0	174.0	1541.0	2.1029784405765795	1.8639292249016457	0	18	2.0	19222	5710	0.7984879325385287							Gersbach_WTC11-hepatocyte-differentiation_TF-Perturb-seq	Gersbach Hep
E7_S39	21704	585.0	907.0586988573536	998.5191334211946	18.0	19506.0	160.0	1308.0	2.040591596019167	1.7477052154096002	0	12	2.0	17338	5307	0.7988389237007003							Gersbach_WTC11-hepatocyte-differentiation_TF-Perturb-seq	Gersbach Hep
E8_S40	22687	729.0	1121.0983382553886	1221.4208214031778	18.0	17627.0	207.0	1618.0	2.1783840966192094	1.824740583285106	0	15	2.0	18524	5267	0.8165028430378631							Gersbach_WTC11-hepatocyte-differentiation_TF-Perturb-seq	Gersbach Hep
F1_S41	11148	139.0	190.8804269824184	190.41722794162783	1.0	2409.0	43.0	276.0	1.352350197344815	1.2607470514469137	0	9	1.0	7858	3524	0.7048797990670972							Gersbach_WTC11-hepatocyte-differentiation_TF-Perturb-seq	Gersbach Hep
F2_S42	10678	121.0	175.73178497846038	187.2664598039834	1.0	2534.0	37.0	254.0	1.2854467128675782	1.222925709256516	0	10	1.0	7399	3481	0.6929200224761192							Gersbach_WTC11-hepatocyte-differentiation_TF-Perturb-seq	Gersbach Hep
F3_S43	11979	121.0	174.36171633692294	184.01320164766392	1.0	3533.0	39.0	247.0	1.2683028633441855	1.2105754637839643	0	10	1.0	8291	4027	0.6921278904749979							Gersbach_WTC11-hepatocyte-differentiation_TF-Perturb-seq	Gersbach Hep
F4_S44	15149	147.0	212.27467159548485	219.05211154890884	2.0	4592.0	46.0	311.0	1.4132285959469273	1.2994176395976214	0	9	1.0	10939	4856	0.7220938675820187							Gersbach_WTC11-hepatocyte-differentiation_TF-Perturb-seq	Gersbach Hep
F5_S45	14709	134.0	192.98993813311577	201.33269816790008	2.0	2684.0	42.0	277.0	1.3360527568155551	1.2448395306634128	0	10	1.0	10419	4790	0.7083418315317153							Gersbach_WTC11-hepatocyte-differentiation_TF-Perturb-seq	Gersbach Hep
F6_S46	15129	137.0	196.09815585960737	202.90770130394213	3.0	3296.0	44.0	281.0	1.355938925242911	1.265994155169466	0	9	1.0	10721	4878	0.7086390376098883							Gersbach_WTC11-hepatocyte-differentiation_TF-Perturb-seq	Gersbach Hep
F7_S47	15069	127.0	181.31880018581197	182.905953704206	3.0	2155.0	42.0	263.0	1.306788771650408	1.2301709828221896	0	9	1.0	10578	4988	0.7019709337049572							Gersbach_WTC11-hepatocyte-differentiation_TF-Perturb-seq	Gersbach Hep
