batch	dataset	short_name	n_cells	umi_median	genes_median	mito_median	guide_umi_median	guides_per_cell_mean
IGVFDS0119GHBM	Hon_WTC11-cardiomyocyte-differentiation_TF-Perturb-seq	Hon CM	35038	2508.0	1470.0	4.269479	197.0	2.6389063302699927
IGVFDS0814DYDR	Hon_WTC11-cardiomyocyte-differentiation_TF-Perturb-seq	Hon CM	38859	3031.0	1705.0	3.063291	341.0	2.711135129571013
IGVFDS0860HOHE	Hon_WTC11-cardiomyocyte-differentiation_TF-Perturb-seq	Hon CM	41117	2591.0	1543.0	3.1393569	346.0	2.693606051025124
IGVFDS1042ITOF	Hon_WTC11-cardiomyocyte-differentiation_TF-Perturb-seq	Hon CM	39931	2349.0	1396.0	3.0314372	322.0	2.615060980190829
IGVFDS1584ZJUM	Hon_WTC11-cardiomyocyte-differentiation_TF-Perturb-seq	Hon CM	40020	2844.0	1655.0	3.0314066	377.0	2.72976011994003
IGVFDS1867JBBD	Hon_WTC11-cardiomyocyte-differentiation_TF-Perturb-seq	Hon CM	39738	2552.0	1492.0	3.0014641	372.0	2.711132920630128
IGVFDS2653YSTF	Hon_WTC11-cardiomyocyte-differentiation_TF-Perturb-seq	Hon CM	38914	1810.0	1185.0	4.062893	130.0	2.4358071645166266
IGVFDS2933CBPV	Hon_WTC11-cardiomyocyte-differentiation_TF-Perturb-seq	Hon CM	39043	2266.0	1314.0	4.9251246	362.0	2.6895730348590017
IGVFDS3275TXAD	Hon_WTC11-cardiomyocyte-differentiation_TF-Perturb-seq	Hon CM	36625	2027.0	1206.0	4.8739495	413.0	2.880136518771331
IGVFDS3599AKSM	Hon_WTC11-cardiomyocyte-differentiation_TF-Perturb-seq	Hon CM	40301	2662.0	1598.0	3.0277545	391.0	2.825488201285328
IGVFDS4080NNVH	Hon_WTC11-cardiomyocyte-differentiation_TF-Perturb-seq	Hon CM	33743	2282.0	1332.0	4.770559	329.0	2.769996740064606
IGVFDS5151YCLI	Hon_WTC11-cardiomyocyte-differentiation_TF-Perturb-seq	Hon CM	39927	2257.0	1365.0	4.60199	143.0	2.5281638991158863
IGVFDS5304ZOXD	Hon_WTC11-cardiomyocyte-differentiation_TF-Perturb-seq	Hon CM	34722	2425.0	1457.0	4.076219	256.0	2.7532400207361327
IGVFDS5398VEFY	Hon_WTC11-cardiomyocyte-differentiation_TF-Perturb-seq	Hon CM	41988	1580.0	994.0	4.60951	272.0	2.55361055539678
IGVFDS6472JBHY	Hon_WTC11-cardiomyocyte-differentiation_TF-Perturb-seq	Hon CM	39492	2657.0	1538.0	2.9848876	348.0	2.681150612782336
IGVFDS6688BORQ	Hon_WTC11-cardiomyocyte-differentiation_TF-Perturb-seq	Hon CM	36235	2187.0	1349.0	4.334171	202.0	2.702469987581068
IGVFDS6847GSEQ	Hon_WTC11-cardiomyocyte-differentiation_TF-Perturb-seq	Hon CM	38803	2657.0	1610.0	2.7598355	405.0	2.842177151251192
IGVFDS6980CXOR	Hon_WTC11-cardiomyocyte-differentiation_TF-Perturb-seq	Hon CM	36255	2304.0	1373.0	3.1939163	353.0	2.705392359674528
IGVFDS6990PWDJ	Hon_WTC11-cardiomyocyte-differentiation_TF-Perturb-seq	Hon CM	38914	2388.0	1499.0	2.7873218	389.0	2.8141799866372
IGVFDS7181KBXZ	Hon_WTC11-cardiomyocyte-differentiation_TF-Perturb-seq	Hon CM	40718	2163.0	1266.0	5.0	306.0	2.6541333071368927
IGVFDS7696ONVJ	Hon_WTC11-cardiomyocyte-differentiation_TF-Perturb-seq	Hon CM	37110	2900.5	1641.0	2.9636025	346.0	2.718889787119375
IGVFDS8493OWMF	Hon_WTC11-cardiomyocyte-differentiation_TF-Perturb-seq	Hon CM	37509	2368.0	1354.0	4.845115	394.0	2.700738489429204
IGVFDS8548HJBX	Hon_WTC11-cardiomyocyte-differentiation_TF-Perturb-seq	Hon CM	38802	2653.0	1564.0	3.1653514	416.0	2.7831039637132107
IGVFDS9367JFNB	Hon_WTC11-cardiomyocyte-differentiation_TF-Perturb-seq	Hon CM	42155	2006.0	1263.0	3.9544237	158.0	2.4840232475388446
IGVFDS9568EYXJ	Hon_WTC11-cardiomyocyte-differentiation_TF-Perturb-seq	Hon CM	39053	2783.0	1610.0	2.9632556	361.0	2.7302383939774155
IGVFDS9699UXJW	Hon_WTC11-cardiomyocyte-differentiation_TF-Perturb-seq	Hon CM	39079	2674.0	1536.0	3.0054646	353.0	2.681261035338673
IGVFDS0788TUIL	Huangfu_HUES8-definitive-endoderm-differentiation_TF-Perturb-seq	Huangfu DE	30351	6241.0	3170.0	3.9581518	428.0	7.815788606635696
IGVFDS1313VGHL	Huangfu_HUES8-definitive-endoderm-differentiation_TF-Perturb-seq	Huangfu DE	27292	6519.0	3249.0	4.249593	636.5	8.030485123845816
IGVFDS1403KZYV	Huangfu_HUES8-definitive-endoderm-differentiation_TF-Perturb-seq	Huangfu DE	31953	6044.0	3092.0	3.8830898	391.0	7.121553531749758
IGVFDS1437XFJK	Huangfu_HUES8-definitive-endoderm-differentiation_TF-Perturb-seq	Huangfu DE	33773	5490.0	2903.0	4.248806	407.0	7.88857963461937
IGVFDS2129VHBD	Huangfu_HUES8-definitive-endoderm-differentiation_TF-Perturb-seq	Huangfu DE	43344	4535.0	2533.0	3.82023	188.0	5.911775562938353
IGVFDS2520ZEYH	Huangfu_HUES8-definitive-endoderm-differentiation_TF-Perturb-seq	Huangfu DE	27054	6918.0	3379.0	4.0816326	515.0	7.612663561765358
IGVFDS3434HGEI	Huangfu_HUES8-definitive-endoderm-differentiation_TF-Perturb-seq	Huangfu DE	44166	4592.0	2530.0	3.9215689	165.0	5.713920210116379
IGVFDS4079VXPX	Huangfu_HUES8-definitive-endoderm-differentiation_TF-Perturb-seq	Huangfu DE	31558	6164.0	3153.0	3.7684598	346.0	6.783034412827176
IGVFDS0746MYRH	Huangfu_HUES8-embryonic-stemcell-differentiation_TF-Perturb-seq	Huangfu ESC	16783	6303.0	3072.0	8.179272	2581.0	10.807185842817136
IGVFDS0956UUQN	Huangfu_HUES8-embryonic-stemcell-differentiation_TF-Perturb-seq	Huangfu ESC	16781	7088.0	3289.0	7.6305614	2535.0	11.252607115189798
IGVFDS2908DIHX	Huangfu_HUES8-embryonic-stemcell-differentiation_TF-Perturb-seq	Huangfu ESC	15984	7479.0	3449.0	7.5831165	2438.0	10.76714214214214
IGVFDS2940LYGK	Huangfu_HUES8-embryonic-stemcell-differentiation_TF-Perturb-seq	Huangfu ESC	15255	7551.0	3452.0	7.9130383	2876.0	11.03716814159292
IGVFDS3348KRMQ	Huangfu_HUES8-embryonic-stemcell-differentiation_TF-Perturb-seq	Huangfu ESC	16596	7357.5	3390.0	7.4862204	2632.5	10.846167751265366
IGVFDS5934EZKT	Huangfu_HUES8-embryonic-stemcell-differentiation_TF-Perturb-seq	Huangfu ESC	16685	7524.0	3409.0	7.2185335	2627.0	10.860173808810307
IGVFDS6247FKDR	Huangfu_HUES8-embryonic-stemcell-differentiation_TF-Perturb-seq	Huangfu ESC	14933	7918.0	3539.0	7.637922	2857.0	10.88227415790531
IGVFDS8623ONYE	Huangfu_HUES8-embryonic-stemcell-differentiation_TF-Perturb-seq	Huangfu ESC	17772	6987.0	3320.0	7.254403	1546.0	10.75405131667792
A1_S1	Gersbach_WTC11-hepatocyte-differentiation_TF-Perturb-seq	Gersbach Hep	22474	10334.0	3674.0	2.2118592	820.0	2.250467206549791
A2_S2	Gersbach_WTC11-hepatocyte-differentiation_TF-Perturb-seq	Gersbach Hep	23641	13083.0	4152.0	2.3677795	750.0	2.1542235946025974
A3_S3	Gersbach_WTC11-hepatocyte-differentiation_TF-Perturb-seq	Gersbach Hep	23901	11607.0	3873.0	2.3240843	757.0	2.2282749675745785
A4_S4	Gersbach_WTC11-hepatocyte-differentiation_TF-Perturb-seq	Gersbach Hep	23386	13432.0	4154.5	2.7376044	806.0	2.177713161720688
A5_S5	Gersbach_WTC11-hepatocyte-differentiation_TF-Perturb-seq	Gersbach Hep	20980	12108.5	3936.0	2.4747353	969.0	2.307292659675882
A6_S6	Gersbach_WTC11-hepatocyte-differentiation_TF-Perturb-seq	Gersbach Hep	25239	13873.0	4228.0	2.6488566	822.0	2.187883830579658
A7_S7	Gersbach_WTC11-hepatocyte-differentiation_TF-Perturb-seq	Gersbach Hep	24713	12165.0	3932.0	2.8143606	704.0	2.1260470197871566
A8_S8	Gersbach_WTC11-hepatocyte-differentiation_TF-Perturb-seq	Gersbach Hep	25292	12099.5	3925.5	2.6730723	826.0	2.2471927882334337
B1_S9	Gersbach_WTC11-hepatocyte-differentiation_TF-Perturb-seq	Gersbach Hep	20784	10542.0	3693.0	2.6583443	1036.0	2.340309853733641
B2_S10	Gersbach_WTC11-hepatocyte-differentiation_TF-Perturb-seq	Gersbach Hep	26315	13663.0	4299.0	2.6962209	580.0	2.0589397681930457
B3_S11	Gersbach_WTC11-hepatocyte-differentiation_TF-Perturb-seq	Gersbach Hep	23923	11580.0	3861.0	2.6758533	806.0	2.221042511390712
B4_S12	Gersbach_WTC11-hepatocyte-differentiation_TF-Perturb-seq	Gersbach Hep	25131	11380.0	3966.0	2.408493	628.0	2.1462337352274083
B5_S13	Gersbach_WTC11-hepatocyte-differentiation_TF-Perturb-seq	Gersbach Hep	24292	12969.0	4126.0	2.7847347	700.0	2.133912399143751
B6_S14	Gersbach_WTC11-hepatocyte-differentiation_TF-Perturb-seq	Gersbach Hep	22810	11560.5	3849.0	2.7550163	692.5	2.132924156071898
B7_S15	Gersbach_WTC11-hepatocyte-differentiation_TF-Perturb-seq	Gersbach Hep	22610	10291.0	3597.0	2.7649062	802.0	2.226492702344096
B8_S16	Gersbach_WTC11-hepatocyte-differentiation_TF-Perturb-seq	Gersbach Hep	28571	13677.0	4319.0	2.485224	363.0	1.8675580133702008
C1_S17	Gersbach_WTC11-hepatocyte-differentiation_TF-Perturb-seq	Gersbach Hep	3056	6024.5	2755.0	2.2196212	999.5	2.7159685863874348
C2_S18	Gersbach_WTC11-hepatocyte-differentiation_TF-Perturb-seq	Gersbach Hep	26955	10530.0	3629.0	2.6383169	470.0	1.9989983305509185
C3_S19	Gersbach_WTC11-hepatocyte-differentiation_TF-Perturb-seq	Gersbach Hep	27906	10907.5	3706.0	2.5313792	419.0	1.975524976707518
C4_S20	Gersbach_WTC11-hepatocyte-differentiation_TF-Perturb-seq	Gersbach Hep	27199	11178.0	3757.0	2.645614	536.0	2.0598919077907274
C5_S21	Gersbach_WTC11-hepatocyte-differentiation_TF-Perturb-seq	Gersbach Hep	25654	10465.5	3610.0	2.574411	596.0	2.1182271770484133
C6_S22	Gersbach_WTC11-hepatocyte-differentiation_TF-Perturb-seq	Gersbach Hep	24680	11291.0	3779.0	2.695311	790.0	2.186507293354943
C7_S23	Gersbach_WTC11-hepatocyte-differentiation_TF-Perturb-seq	Gersbach Hep	25989	9774.0	3459.0	2.5785656	674.0	2.1749586363461466
C8_S24	Gersbach_WTC11-hepatocyte-differentiation_TF-Perturb-seq	Gersbach Hep	27301	10040.0	3497.0	2.555697	604.0	2.1344639390498514
D1_S25	Gersbach_WTC11-hepatocyte-differentiation_TF-Perturb-seq	Gersbach Hep	21851	8385.0	3132.0	2.4872448	633.0	2.145027687520022
D2_S26	Gersbach_WTC11-hepatocyte-differentiation_TF-Perturb-seq	Gersbach Hep	27544	10745.0	3594.0	2.576785	525.0	2.0624455416787684
D3_S27	Gersbach_WTC11-hepatocyte-differentiation_TF-Perturb-seq	Gersbach Hep	25171	9595.0	3382.0	2.5632262	608.0	2.1170394501609
D4_S28	Gersbach_WTC11-hepatocyte-differentiation_TF-Perturb-seq	Gersbach Hep	26341	10239.0	3522.0	2.5888405	521.0	2.0243726510003417
D5_S29	Gersbach_WTC11-hepatocyte-differentiation_TF-Perturb-seq	Gersbach Hep	25511	10972.0	3666.0	2.5441794	594.0	2.0834541962290776
D6_S30	Gersbach_WTC11-hepatocyte-differentiation_TF-Perturb-seq	Gersbach Hep	26106	10191.0	3501.0	2.5518727	544.0	2.0886003217651115
D7_S31	Gersbach_WTC11-hepatocyte-differentiation_TF-Perturb-seq	Gersbach Hep	24604	9052.0	3278.0	2.579808	579.0	2.1225816940334905
D8_S32	Gersbach_WTC11-hepatocyte-differentiation_TF-Perturb-seq	Gersbach Hep	26036	9342.0	3314.0	2.2771168	483.0	2.041865109847903
E1_S33	Gersbach_WTC11-hepatocyte-differentiation_TF-Perturb-seq	Gersbach Hep	22425	9683.0	3403.0	2.5127108	601.0	2.103188405797101
E2_S34	Gersbach_WTC11-hepatocyte-differentiation_TF-Perturb-seq	Gersbach Hep	22304	11051.0	3648.0	2.4729054	659.0	2.088414634146341
E3_S35	Gersbach_WTC11-hepatocyte-differentiation_TF-Perturb-seq	Gersbach Hep	23934	11715.5	3817.0	2.344519	620.0	2.0353472048132364
E4_S36	Gersbach_WTC11-hepatocyte-differentiation_TF-Perturb-seq	Gersbach Hep	23534	11706.5	3788.0	2.5675826	714.0	2.087150505651398
E5_S37	Gersbach_WTC11-hepatocyte-differentiation_TF-Perturb-seq	Gersbach Hep	23332	10638.0	3610.0	2.428359	425.0	1.8928938796502657
E6_S38	Gersbach_WTC11-hepatocyte-differentiation_TF-Perturb-seq	Gersbach Hep	24073	11504.0	3771.0	2.5084505	659.0	2.1029784405765795
E7_S39	Gersbach_WTC11-hepatocyte-differentiation_TF-Perturb-seq	Gersbach Hep	21704	9695.0	3406.0	2.514596	585.0	2.040591596019167
E8_S40	Gersbach_WTC11-hepatocyte-differentiation_TF-Perturb-seq	Gersbach Hep	22687	10113.0	3459.0	2.612891	729.0	2.1783840966192094
F1_S41	Gersbach_WTC11-hepatocyte-differentiation_TF-Perturb-seq	Gersbach Hep	11148	7272.5	2840.0	3.437784	139.0	1.352350197344815
F2_S42	Gersbach_WTC11-hepatocyte-differentiation_TF-Perturb-seq	Gersbach Hep	10678	7313.0	2852.0	3.58325	121.0	1.2854467128675782
F3_S43	Gersbach_WTC11-hepatocyte-differentiation_TF-Perturb-seq	Gersbach Hep	11979	7381.0	2872.0	3.7158024	121.0	1.2683028633441855
F4_S44	Gersbach_WTC11-hepatocyte-differentiation_TF-Perturb-seq	Gersbach Hep	15149	8201.0	3030.0	3.6038246	147.0	1.4132285959469273
F5_S45	Gersbach_WTC11-hepatocyte-differentiation_TF-Perturb-seq	Gersbach Hep	14709	7962.0	2979.0	3.5177305	134.0	1.3360527568155551
F6_S46	Gersbach_WTC11-hepatocyte-differentiation_TF-Perturb-seq	Gersbach Hep	15129	7831.0	2976.0	3.7010677	137.0	1.355938925242911
F7_S47	Gersbach_WTC11-hepatocyte-differentiation_TF-Perturb-seq	Gersbach Hep	15069	7741.0	2939.0	3.716069	127.0	1.306788771650408
