accession	lab	samples_summaries	preferred_assay_titles	control_type	auxiliary_sets	construct_library_sets	files	status	creation_timestamp
IGVFDS1042ITOF	Gary Hon, UT	Homo sapiens (male, Japanese) GM25256 (WTC-11) differentiated cell specimen induced to cardiac muscle cell for 12 days, (cellular sub pool: subpool_LW323) modified with CRISPRi Sp-dCas9, 3 week(s) after transduction (lentivirus) with a guide (sgRNA) library targeting accessible genome regions, transcription start sites, TF genes in many genomic loci	Perturb-seq					released	
IGVFDS3495FUIW	Gary Hon, UT	Homo sapiens (male, Japanese) GM25256 (WTC-11) cell line (cellular sub pool: subpool_LW289) modified with CRISPRi Sp-dCas9, transduced (lentivirus) with a guide (sgRNA) library targeting accessible genome regions in many genomic loci	Perturb-seq					released	
IGVFDS7696ONVJ	Gary Hon, UT	Homo sapiens (male, Japanese) GM25256 (WTC-11) differentiated cell specimen induced to cardiac muscle cell for 12 days, (cellular sub pool: subpool_LW327) modified with CRISPRi Sp-dCas9, 3 week(s) after transduction (lentivirus) with a guide (sgRNA) library targeting accessible genome regions, transcription start sites, TF genes in many genomic loci	Perturb-seq					released	
IGVFDS5151YCLI	Gary Hon, UT	Homo sapiens (male, Japanese) GM25256 (WTC-11) differentiated cell specimen induced to cardiac muscle cell for 12 days, (cellular sub pool: subpool_LW319) modified with CRISPRi Sp-dCas9, 3 week(s) after transduction (lentivirus) with a guide (sgRNA) library targeting accessible genome regions, transcription start sites, TF genes in many genomic loci	Perturb-seq					released	
IGVFDS9699UXJW	Gary Hon, UT	Homo sapiens (male, Japanese) GM25256 (WTC-11) differentiated cell specimen induced to cardiac muscle cell for 12 days, (cellular sub pool: subpool_LW324) modified with CRISPRi Sp-dCas9, 3 week(s) after transduction (lentivirus) with a guide (sgRNA) library targeting accessible genome regions, transcription start sites, TF genes in many genomic loci	Perturb-seq					released	
IGVFDS6847GSEQ	Gary Hon, UT	Homo sapiens (male, Japanese) GM25256 (WTC-11) differentiated cell specimen induced to cardiac muscle cell for 12 days, (cellular sub pool: subpool_LW331) modified with CRISPRi Sp-dCas9, 3 week(s) after transduction (lentivirus) with a guide (sgRNA) library targeting accessible genome regions, transcription start sites, TF genes in many genomic loci	Perturb-seq					released	
IGVFDS2143BSOH	Gary Hon, UT	Homo sapiens (male, Japanese) GM25256 (WTC-11) differentiated cell specimen induced to neural stem cell for 20 days, (cellular sub pool: subpool_LW281) modified with CRISPRi Sp-dCas9, 3 week(s) after transduction (lentivirus) with a guide (sgRNA) library targeting accessible genome regions in many genomic loci	Perturb-seq					released	
IGVFDS7834BXBN	Gary Hon, UT	Homo sapiens (male, Japanese) GM25256 (WTC-11) differentiated cell specimen induced to cardiac muscle cell for 12 days, (cellular sub pool: subpool_LW277) modified with CRISPRi Sp-dCas9, 3 week(s) after transduction (lentivirus) with a guide (sgRNA) library targeting accessible genome regions in many genomic loci	Perturb-seq					released	
IGVFDS2692VBHQ	Gary Hon, UT	Homo sapiens (male, Japanese) GM25256 (WTC-11) cell line (cellular sub pool: subpool_LW287) modified with CRISPRi Sp-dCas9, transduced (lentivirus) with a guide (sgRNA) library targeting accessible genome regions in many genomic loci	Perturb-seq					released	
IGVFDS5429CXNB	Gary Hon, UT	Homo sapiens (male, Japanese) GM25256 (WTC-11) cell line (cellular sub pool: subpool_LW286) modified with CRISPRi Sp-dCas9, transduced (lentivirus) with a guide (sgRNA) library targeting accessible genome regions in many genomic loci	Perturb-seq					released	
IGVFDS4852MAUM	Gary Hon, UT	Homo sapiens (male, Japanese) GM25256 (WTC-11) differentiated cell specimen induced to cardiac muscle cell for 12 days, (cellular sub pool: subpool_LW280) modified with CRISPRi Sp-dCas9, 3 week(s) after transduction (lentivirus) with a guide (sgRNA) library targeting accessible genome regions in many genomic loci	Perturb-seq					released	
IGVFDS0657YBVN	Gary Hon, UT	Homo sapiens (male, Japanese) GM25256 (WTC-11) differentiated cell specimen induced to neural stem cell for 20 days, (cellular sub pool: subpool_LW284) modified with CRISPRi Sp-dCas9, 3 week(s) after transduction (lentivirus) with a guide (sgRNA) library targeting accessible genome regions in many genomic loci	Perturb-seq					released	
IGVFDS2628PYOH	Gary Hon, UT	Homo sapiens (male, Japanese) GM25256 (WTC-11) differentiated cell specimen induced to cardiac muscle cell for 12 days, (cellular sub pool: subpool_LW278) modified with CRISPRi Sp-dCas9, 3 week(s) after transduction (lentivirus) with a guide (sgRNA) library targeting accessible genome regions in many genomic loci	Perturb-seq					released	
IGVFDS4028IRAH	Gary Hon, UT	Homo sapiens (male, Japanese) GM25256 (WTC-11) differentiated cell specimen induced to neural stem cell for 20 days, (cellular sub pool: subpool_LW283) modified with CRISPRi Sp-dCas9, 3 week(s) after transduction (lentivirus) with a guide (sgRNA) library targeting accessible genome regions in many genomic loci	Perturb-seq					released	
IGVFDS7733OTCA	Gary Hon, UT	Homo sapiens (male, Japanese) GM25256 (WTC-11) differentiated cell specimen induced to cardiac muscle cell for 12 days, (cellular sub pool: subpool_LW279) modified with CRISPRi Sp-dCas9, 3 week(s) after transduction (lentivirus) with a guide (sgRNA) library targeting accessible genome regions in many genomic loci	Perturb-seq					released	
IGVFDS3975OFAO	Gary Hon, UT	Homo sapiens (male, Japanese) GM25256 (WTC-11) cell line (cellular sub pool: subpool_LW288) modified with CRISPRi Sp-dCas9, transduced (lentivirus) with a guide (sgRNA) library targeting accessible genome regions in many genomic loci	Perturb-seq					released	
IGVFDS8810ABUD	Gary Hon, UT	Homo sapiens (male, Japanese) GM25256 (WTC-11) differentiated cell specimen induced to neural stem cell for 20 days, (cellular sub pool: subpool_LW282) modified with CRISPRi Sp-dCas9, 3 week(s) after transduction (lentivirus) with a guide (sgRNA) library targeting accessible genome regions in many genomic loci	Perturb-seq					released	
IGVFDS8493OWMF	Gary Hon, UT	Homo sapiens (male, Japanese) GM25256 (WTC-11) differentiated cell specimen induced to cardiac muscle cell for 12 days, (cellular sub pool: subpool_LW310) modified with CRISPRi Sp-dCas9, 3 week(s) after transduction (lentivirus) with a guide (sgRNA) library targeting accessible genome regions, transcription start sites, TF genes in many genomic loci	Perturb-seq					released	
IGVFDS1584ZJUM	Gary Hon, UT	Homo sapiens (male, Japanese) GM25256 (WTC-11) differentiated cell specimen induced to cardiac muscle cell for 12 days, (cellular sub pool: subpool_LW330) modified with CRISPRi Sp-dCas9, 3 week(s) after transduction (lentivirus) with a guide (sgRNA) library targeting accessible genome regions, transcription start sites, TF genes in many genomic loci	Perturb-seq					released	
IGVFDS8548HJBX	Gary Hon, UT	Homo sapiens (male, Japanese) GM25256 (WTC-11) differentiated cell specimen induced to cardiac muscle cell for 12 days, (cellular sub pool: subpool_LW333) modified with CRISPRi Sp-dCas9, 3 week(s) after transduction (lentivirus) with a guide (sgRNA) library targeting accessible genome regions, transcription start sites, TF genes in many genomic loci	Perturb-seq					released	
IGVFDS5398VEFY	Gary Hon, UT	Homo sapiens (male, Japanese) GM25256 (WTC-11) differentiated cell specimen induced to cardiac muscle cell for 12 days, (cellular sub pool: subpool_LW314) modified with CRISPRi Sp-dCas9, 3 week(s) after transduction (lentivirus) with a guide (sgRNA) library targeting accessible genome regions, transcription start sites, TF genes in many genomic loci	Perturb-seq					released	
IGVFDS1867JBBD	Gary Hon, UT	Homo sapiens (male, Japanese) GM25256 (WTC-11) differentiated cell specimen induced to cardiac muscle cell for 12 days, (cellular sub pool: subpool_LW325) modified with CRISPRi Sp-dCas9, 3 week(s) after transduction (lentivirus) with a guide (sgRNA) library targeting accessible genome regions, transcription start sites, TF genes in many genomic loci	Perturb-seq					released	
IGVFDS3275TXAD	Gary Hon, UT	Homo sapiens (male, Japanese) GM25256 (WTC-11) differentiated cell specimen induced to cardiac muscle cell for 12 days, (cellular sub pool: subpool_LW311) modified with CRISPRi Sp-dCas9, 3 week(s) after transduction (lentivirus) with a guide (sgRNA) library targeting accessible genome regions, transcription start sites, TF genes in many genomic loci	Perturb-seq					released	
IGVFDS3599AKSM	Gary Hon, UT	Homo sapiens (male, Japanese) GM25256 (WTC-11) differentiated cell specimen induced to cardiac muscle cell for 12 days, (cellular sub pool: subpool_LW332) modified with CRISPRi Sp-dCas9, 3 week(s) after transduction (lentivirus) with a guide (sgRNA) library targeting accessible genome regions, transcription start sites, TF genes in many genomic loci	Perturb-seq					released	
IGVFDS5304ZOXD	Gary Hon, UT	Homo sapiens (male, Japanese) GM25256 (WTC-11) differentiated cell specimen induced to cardiac muscle cell for 12 days, (cellular sub pool: subpool_LW316) modified with CRISPRi Sp-dCas9, 3 week(s) after transduction (lentivirus) with a guide (sgRNA) library targeting accessible genome regions, transcription start sites, TF genes in many genomic loci	Perturb-seq					released	
IGVFDS0814DYDR	Gary Hon, UT	Homo sapiens (male, Japanese) GM25256 (WTC-11) differentiated cell specimen induced to cardiac muscle cell for 12 days, (cellular sub pool: subpool_LW328) modified with CRISPRi Sp-dCas9, 3 week(s) after transduction (lentivirus) with a guide (sgRNA) library targeting accessible genome regions, transcription start sites, TF genes in many genomic loci	Perturb-seq					released	
IGVFDS6980CXOR	Gary Hon, UT	Homo sapiens (male, Japanese) GM25256 (WTC-11) differentiated cell specimen induced to cardiac muscle cell for 12 days, (cellular sub pool: subpool_LW326) modified with CRISPRi Sp-dCas9, 3 week(s) after transduction (lentivirus) with a guide (sgRNA) library targeting accessible genome regions, transcription start sites, TF genes in many genomic loci	Perturb-seq					released	
IGVFDS0119GHBM	Gary Hon, UT	Homo sapiens (male, Japanese) GM25256 (WTC-11) differentiated cell specimen induced to cardiac muscle cell for 12 days, (cellular sub pool: subpool_LW315) modified with CRISPRi Sp-dCas9, 3 week(s) after transduction (lentivirus) with a guide (sgRNA) library targeting accessible genome regions, transcription start sites, TF genes in many genomic loci	Perturb-seq					released	
IGVFDS4080NNVH	Gary Hon, UT	Homo sapiens (male, Japanese) GM25256 (WTC-11) differentiated cell specimen induced to cardiac muscle cell for 12 days, (cellular sub pool: subpool_LW317) modified with CRISPRi Sp-dCas9, 3 week(s) after transduction (lentivirus) with a guide (sgRNA) library targeting accessible genome regions, transcription start sites, TF genes in many genomic loci	Perturb-seq					released	
IGVFDS6688BORQ	Gary Hon, UT	Homo sapiens (male, Japanese) GM25256 (WTC-11) differentiated cell specimen induced to cardiac muscle cell for 12 days, (cellular sub pool: subpool_LW318) modified with CRISPRi Sp-dCas9, 3 week(s) after transduction (lentivirus) with a guide (sgRNA) library targeting accessible genome regions, transcription start sites, TF genes in many genomic loci	Perturb-seq					released	
IGVFDS9568EYXJ	Gary Hon, UT	Homo sapiens (male, Japanese) GM25256 (WTC-11) differentiated cell specimen induced to cardiac muscle cell for 12 days, (cellular sub pool: subpool_LW334) modified with CRISPRi Sp-dCas9, 3 week(s) after transduction (lentivirus) with a guide (sgRNA) library targeting accessible genome regions, transcription start sites, TF genes in many genomic loci	Perturb-seq					released	
IGVFDS0860HOHE	Gary Hon, UT	Homo sapiens (male, Japanese) GM25256 (WTC-11) differentiated cell specimen induced to cardiac muscle cell for 12 days, (cellular sub pool: subpool_LW335) modified with CRISPRi Sp-dCas9, 3 week(s) after transduction (lentivirus) with a guide (sgRNA) library targeting accessible genome regions, transcription start sites, TF genes in many genomic loci	Perturb-seq					released	
IGVFDS2933CBPV	Gary Hon, UT	Homo sapiens (male, Japanese) GM25256 (WTC-11) differentiated cell specimen induced to cardiac muscle cell for 12 days, (cellular sub pool: subpool_LW312) modified with CRISPRi Sp-dCas9, 3 week(s) after transduction (lentivirus) with a guide (sgRNA) library targeting accessible genome regions, transcription start sites, TF genes in many genomic loci	Perturb-seq					released	
IGVFDS7181KBXZ	Gary Hon, UT	Homo sapiens (male, Japanese) GM25256 (WTC-11) differentiated cell specimen induced to cardiac muscle cell for 12 days, (cellular sub pool: subpool_LW313) modified with CRISPRi Sp-dCas9, 3 week(s) after transduction (lentivirus) with a guide (sgRNA) library targeting accessible genome regions, transcription start sites, TF genes in many genomic loci	Perturb-seq					released	
IGVFDS9367JFNB	Gary Hon, UT	Homo sapiens (male, Japanese) GM25256 (WTC-11) differentiated cell specimen induced to cardiac muscle cell for 12 days, (cellular sub pool: subpool_LW321) modified with CRISPRi Sp-dCas9, 3 week(s) after transduction (lentivirus) with a guide (sgRNA) library targeting accessible genome regions, transcription start sites, TF genes in many genomic loci	Perturb-seq					released	
IGVFDS6990PWDJ	Gary Hon, UT	Homo sapiens (male, Japanese) GM25256 (WTC-11) differentiated cell specimen induced to cardiac muscle cell for 12 days, (cellular sub pool: subpool_LW329) modified with CRISPRi Sp-dCas9, 3 week(s) after transduction (lentivirus) with a guide (sgRNA) library targeting accessible genome regions, transcription start sites, TF genes in many genomic loci	Perturb-seq					released	
IGVFDS6472JBHY	Gary Hon, UT	Homo sapiens (male, Japanese) GM25256 (WTC-11) differentiated cell specimen induced to cardiac muscle cell for 12 days, (cellular sub pool: subpool_LW322) modified with CRISPRi Sp-dCas9, 3 week(s) after transduction (lentivirus) with a guide (sgRNA) library targeting accessible genome regions, transcription start sites, TF genes in many genomic loci	Perturb-seq					released	
IGVFDS2653YSTF	Gary Hon, UT	Homo sapiens (male, Japanese) GM25256 (WTC-11) differentiated cell specimen induced to cardiac muscle cell for 12 days, (cellular sub pool: subpool_LW320) modified with CRISPRi Sp-dCas9, 3 week(s) after transduction (lentivirus) with a guide (sgRNA) library targeting accessible genome regions, transcription start sites, TF genes in many genomic loci	Perturb-seq					released	
