query	score	qStart	qEnd	qSize	identity	chrom	strand	tStart	tEnd	span
OR10G4-1	21	1	22	22	95.5%	chr11	-	124015578	124015600	22
OR10G4-2	21	1	22	22	95.5%	chr11	+	124015632	124015654	22
OR10G4-3	21	1	22	22	95.5%	chr11	-	124015588	124015610	22
OR10G4-4	21	1	22	22	95.5%	chr11	+	124023258	124023280	22
OR10G4-4	21	1	22	22	95.5%	chr11	+	124015820	124015842	22
OR10G4-4	20	1	21	22	90.9%	chr11	-	124038734	124038755	21
OR10G4-5	21	1	22	22	95.5%	chr11	-	124015584	124015606	22
OR10G4-5	20	1	22	22	90.9%	chr11	-	124023022	124023044	22
OR10G4-6	21	1	22	22	95.5%	chr11	-	124023406	124023428	22
OR10G4-6	21	1	22	22	95.5%	chr11	-	124015968	124015990	22
OR10H2#chr19:15728014-15728032(+)	21	1	22	22	95.5%	chr19	+	15728013	15728035	22
OR10H2#chr19:15728018-15728036(-)	21	1	22	22	95.5%	chr19	-	15728014	15728036	22
OR10H2#chr19:15728027-15728045(-)	21	1	22	22	95.5%	chr19	-	15728023	15728045	22
OR10H2#chr19:15728031-15728049(+)	21	1	22	22	95.5%	chr19	+	15728030	15728052	22
OR10H2#chr19:15728232-15728250(-)	21	1	22	22	95.5%	chr19	-	15728228	15728250	22
OR10H2#chr19:15728440-15728458(+)	21	1	22	22	95.5%	chr19	+	15728439	15728461	22
OR10H5#chr19:15793970-15793988(-)	21	1	22	22	95.5%	chr19	-	15793966	15793988	22
OR10H5#chr19:15794019-15794037(+)	21	1	22	22	95.5%	chr19	+	15794018	15794040	22
OR10H5#chr19:15794030-15794048(-)	21	1	22	22	95.5%	chr19	-	15794026	15794048	22
OR10H5#chr19:15794035-15794053(+)	21	1	22	22	95.5%	chr19	+	15794034	15794056	22
OR10H5#chr19:15794050-15794068(-)	21	1	22	22	95.5%	chr19	-	15794046	15794068	22
OR10H5#chr19:15794245-15794263(-)	21	1	22	22	95.5%	chr19	-	15794241	15794263	22
OR10K1#chr1:158465517-158465535(-)	21	1	22	22	95.5%	chr1	-	158465513	158465535	22
OR10K1#chr1:158465535-158465553(-)	21	1	22	22	95.5%	chr1	-	158465531	158465553	22
OR10K1#chr1:158465545-158465563(-)	21	1	22	22	95.5%	chr1	-	158465541	158465563	22
OR10K1#chr1:158465563-158465581(-)	21	1	22	22	95.5%	chr1	-	158465559	158465581	22
OR10K1#chr1:158465707-158465725(-)	21	1	22	22	95.5%	chr1	-	158465703	158465725	22
OR10K1#chr1:158465725-158465743(-)	21	1	22	22	95.5%	chr1	-	158465721	158465743	22
OR10P1#chr12:55636874-55636892(+)	21	1	22	22	95.5%	chr12	+	55636873	55636895	22
OR10P1#chr12:55636879-55636897(+)	21	1	22	22	95.5%	chr12	+	55636878	55636900	22
OR10P1#chr12:55636922-55636940(-)	21	1	22	22	95.5%	chr12	-	55636918	55636940	22
OR10P1#chr12:55637086-55637104(-)	19	1	19	22	86.4%	chr13	+	40015297	40015316	19
OR10P1#chr12:55637086-55637104(-)	21	1	22	22	95.5%	chr12	-	55637082	55637104	22
OR10P1#chr12:55637115-55637133(-)	21	1	22	22	95.5%	chr12	-	55637111	55637133	22
OR10P1#chr12:55637295-55637313(-)	21	1	22	22	95.5%	chr12	-	55637291	55637313	22
OR10V1#chr11:59713406-59713424(-)	20	1	21	22	90.9%	chr2	+	76015006	76015027	21
OR10V1#chr11:59713406-59713424(-)	19	1	19	22	86.4%	chr5	-	106933743	106933762	19
OR10V1#chr11:59713406-59713424(-)	21	1	22	22	95.5%	chr11	-	59713402	59713424	22
OR10V1#chr11:59713770-59713788(+)	21	1	22	22	95.5%	chr11	+	59713769	59713791	22
OR10V1#chr11:59713841-59713859(-)	21	1	22	22	95.5%	chr11	-	59713837	59713859	22
OR10V1#chr11:59713845-59713863(-)	21	1	22	22	95.5%	chr11	-	59713841	59713863	22
OR10V1#chr11:59713848-59713866(+)	21	1	22	22	95.5%	chr11	+	59713847	59713869	22
OR10V1#chr11:59713862-59713880(+)	21	1	22	22	95.5%	chr6	+	138642433	138642456	23
OR10V1#chr11:59713862-59713880(+)	21	1	22	22	95.5%	chr11	+	59713861	59713883	22
OR11H6#chr14:20223618-20223636(+)	21	1	22	22	95.5%	chr14	+	20223617	20223639	22
OR11H6#chr14:20223687-20223705(-)	21	1	22	22	95.5%	chr14	-	20223683	20223705	22
OR11H6#chr14:20223808-20223826(-)	21	1	22	22	95.5%	chr14	-	20223804	20223826	22
OR11H6#chr14:20223839-20223857(+)	21	1	22	22	95.5%	chr14	+	20223838	20223860	22
OR11H6#chr14:20223859-20223877(-)	21	1	22	22	95.5%	chr14	-	20223855	20223877	22
OR11H6#chr14:20223901-20223919(+)	21	1	22	22	95.5%	chr14	+	20223900	20223922	22
OR11L1#chr1:247841641-247841659(+)	20	1	22	22	90.9%	chr4	+	114705180	114705202	22
OR11L1#chr1:247841641-247841659(+)	21	1	22	22	95.5%	chr1	+	247841640	247841662	22
OR11L1#chr1:247841745-247841763(-)	21	1	22	22	95.5%	chr1	-	247841741	247841763	22
OR11L1#chr1:247841777-247841795(-)	21	1	22	22	95.5%	chr1	-	247841773	247841795	22
OR11L1#chr1:247841819-247841837(+)	21	1	22	22	95.5%	chr1	+	247841818	247841840	22
OR11L1#chr1:247841856-247841874(+)	21	1	22	22	95.5%	chr1	+	247841855	247841877	22
OR11L1#chr1:247841887-247841905(+)	21	1	22	22	95.5%	chr1	+	247841886	247841908	22
OR12D2#chr6:29396626-29396644(+)	21	1	22	22	95.5%	chr6	+	29396625	29396647	22
OR12D2#chr6:29396725-29396743(-)	21	1	22	22	95.5%	chr6	-	29396721	29396743	22
OR12D2#chr6:29396725-29396743(-)	19	1	19	22	86.4%	chr1	-	244853320	244853339	19
OR12D2#chr6:29396891-29396909(-)	21	1	22	22	95.5%	chr6	-	29396887	29396909	22
OR12D2#chr6:29396896-29396914(-)	21	1	22	22	95.5%	chr6	-	29396892	29396914	22
OR12D2#chr6:29396900-29396918(-)	21	1	22	22	95.5%	chr6	-	29396896	29396918	22
OR12D2#chr6:29397013-29397031(-)	21	1	22	22	95.5%	chr6	-	29397009	29397031	22
OR12D3#chr6:29374860-29374878(+)	21	1	22	22	95.5%	chr6	+	29374859	29374881	22
OR12D3#chr6:29375021-29375039(+)	21	1	22	22	95.5%	chr6	+	29375020	29375042	22
OR12D3#chr6:29375038-29375056(+)	21	1	22	22	95.5%	chr6	+	29375037	29375059	22
OR12D3#chr6:29375225-29375243(+)	21	1	22	22	95.5%	chr6	+	29375224	29375246	22
OR12D3#chr6:29375241-29375259(-)	21	1	22	22	95.5%	chr6	-	29375237	29375259	22
OR12D3#chr6:29375250-29375268(-)	21	1	22	22	95.5%	chr6	-	29375246	29375268	22
OR13C9#chr9:104617741-104617759(+)	21	1	22	22	95.5%	chr9	+	104617740	104617762	22
OR13C9#chr9:104617752-104617770(-)	21	1	22	22	95.5%	chr9	-	104617748	104617770	22
OR13C9#chr9:104617767-104617785(-)	21	1	22	22	95.5%	chr9	-	104617763	104617785	22
OR13C9#chr9:104618142-104618160(-)	21	1	22	22	95.5%	chr9	-	104618138	104618160	22
OR13C9#chr9:104618198-104618216(-)	21	1	22	22	95.5%	chr9	-	104618194	104618216	22
OR13C9#chr9:104618204-104618222(-)	21	1	22	22	95.5%	chr9	-	104618200	104618222	22
OR13G1#chr1:247672569-247672587(+)	21	1	22	22	95.5%	chr1	+	247672568	247672590	22
OR13G1#chr1:247672969-247672987(+)	21	1	22	22	95.5%	chr1	+	247672968	247672990	22
OR13G1#chr1:247672980-247672998(-)	21	1	22	22	95.5%	chr1	-	247672976	247672998	22
OR13G1#chr1:247673007-247673025(-)	21	1	22	22	95.5%	chr1	-	247673003	247673025	22
OR13G1#chr1:247673030-247673048(+)	21	1	22	22	95.5%	chr1	+	247673029	247673051	22
OR13G1#chr1:247673041-247673059(+)	21	1	22	22	95.5%	chr1	+	247673040	247673062	22
OR14J1#chr6:29306639-29306657(-)	21	1	22	22	95.5%	chr6	-	29306635	29306657	22
OR14J1#chr6:29306672-29306690(+)	21	1	22	22	95.5%	chr6	+	29306671	29306693	22
OR14J1#chr6:29306710-29306728(+)	21	1	22	22	95.5%	chr6	+	29306709	29306731	22
OR14J1#chr6:29306784-29306802(+)	21	1	22	22	95.5%	chr6	+	29306783	29306805	22
OR14J1#chr6:29306826-29306844(-)	21	1	22	22	95.5%	chr6	-	29306822	29306844	22
OR14J1#chr6:29307105-29307123(-)	21	1	22	22	95.5%	chr6	-	29307101	29307123	22
OR1J4#chr9:122519128-122519146(+)	21	1	22	22	95.5%	chr9	+	122519127	122519149	22
OR1J4#chr9:122519415-122519433(-)	21	1	22	22	95.5%	chr9	-	122519411	122519433	22
OR1J4#chr9:122519527-122519545(-)	21	1	22	22	95.5%	chr9	-	122519523	122519545	22
OR1J4#chr9:122519593-122519611(-)	21	1	22	22	95.5%	chr9	-	122519589	122519611	22
OR1J4#chr9:122519598-122519616(-)	21	1	22	22	95.5%	chr9	-	122519594	122519616	22
OR1J4#chr9:122519610-122519628(-)	21	1	22	22	95.5%	chr9	-	122519606	122519628	22
OR1L8#chr9:122568064-122568082(+)	21	1	22	22	95.5%	chr9	+	122568063	122568085	22
OR1L8#chr9:122568298-122568316(+)	21	1	22	22	95.5%	chr9	+	122568297	122568319	22
OR1L8#chr9:122568355-122568373(-)	21	1	22	22	95.5%	chr9	-	122568351	122568373	22
OR1L8#chr9:122568361-122568379(+)	21	1	22	22	95.5%	chr9	+	122568360	122568382	22
OR1L8#chr9:122568415-122568433(+)	21	1	22	22	95.5%	chr9	+	122568414	122568436	22
OR1L8#chr9:122568542-122568560(-)	21	1	22	22	95.5%	chr9	-	122568538	122568560	22
OR1M1-1	21	1	22	22	95.5%	chr19	-	9093624	9093646	22
OR1M1-2	21	1	22	22	95.5%	chr19	-	9093555	9093577	22
OR1M1-3	21	1	22	22	95.5%	chr19	+	9093486	9093508	22
OR1M1-3	20	1	21	22	90.9%	chr19	-	9083136	9083157	21
OR1M1-4	21	1	22	22	95.5%	chr19	-	9093348	9093370	22
OR1M1-5	21	1	22	22	95.5%	chr19	+	9093292	9093314	22
OR1M1-5	19	1	19	22	86.4%	chr19	+	15087113	15087132	19
OR1M1-6	21	1	22	22	95.5%	chr19	+	9093344	9093366	22
OR1N2#chr9:122553156-122553174(+)	21	1	22	22	95.5%	chr9	+	122553155	122553177	22
OR1N2#chr9:122553189-122553207(+)	21	1	22	22	95.5%	chr9	+	122553188	122553210	22
OR1N2#chr9:122553194-122553212(+)	21	1	22	22	95.5%	chr9	+	122553193	122553215	22
OR1N2#chr9:122553204-122553222(+)	21	1	22	22	95.5%	chr9	+	122553203	122553225	22
OR1N2#chr9:122553259-122553277(-)	21	1	22	22	95.5%	chr9	-	122553255	122553277	22
OR1N2#chr9:122553317-122553335(+)	21	1	22	22	95.5%	chr9	+	122553316	122553338	22
OR1N2-5	20	1	22	22	90.9%	chrY	-	3654535	3654557	22
OR1N2-5	20	1	22	22	90.9%	chrX	-	89996920	89996942	22
OR2A1-1	21	1	22	22	95.5%	chr7	+	144232441	144232463	22
OR2A1-1	21	1	22	22	95.5%	chr7	-	144318504	144318526	22
OR2A1-2	21	1	22	22	95.5%	chr7	+	144318532	144318554	22
OR2A1-2	21	1	22	22	95.5%	chr7	-	144232413	144232435	22
OR2A1-2	20	1	22	22	90.9%	chr7	-	144259198	144259220	22
OR2A1-2	20	1	22	22	90.9%	chr6	-	131700971	131700993	22
OR2A1-3	21	1	22	22	95.5%	chr7	+	144232352	144232374	22
OR2A1-3	21	1	22	22	95.5%	chr7	-	144318593	144318615	22
OR2A1-4	21	1	22	22	95.5%	chr7	+	144232427	144232449	22
OR2A1-4	21	1	22	22	95.5%	chr7	-	144318518	144318540	22
OR2A1-5	21	1	22	22	95.5%	chr7	+	144318109	144318131	22
OR2A1-5	21	1	22	22	95.5%	chr7	-	144232836	144232858	22
OR2A1-6	21	1	22	22	95.5%	chr7	+	144318331	144318353	22
OR2A1-6	21	1	22	22	95.5%	chr7	-	144232614	144232636	22
OR2A2#chr7:144109537-144109555(+)	21	1	22	22	95.5%	chr7	+	144109536	144109558	22
OR2A2#chr7:144109541-144109559(-)	21	1	22	22	95.5%	chr7	-	144109537	144109559	22
OR2A2#chr7:144109545-144109563(-)	21	1	22	22	95.5%	chr7	-	144109541	144109563	22
OR2A2#chr7:144109550-144109568(-)	21	1	22	22	95.5%	chr7	-	144109546	144109568	22
OR2A2#chr7:144109569-144109587(+)	21	1	22	22	95.5%	chr7	+	144109568	144109590	22
OR2A2#chr7:144109621-144109639(-)	21	1	22	22	95.5%	chr7	-	144109617	144109639	22
OR2AE1#chr7:99876774-99876792(-)	21	1	22	22	95.5%	chr7	-	99876770	99876792	22
OR2AE1#chr7:99876921-99876939(+)	21	1	22	22	95.5%	chr7	+	99876920	99876942	22
OR2AE1#chr7:99876989-99877007(-)	21	1	22	22	95.5%	chr7	-	99876985	99877007	22
OR2AE1#chr7:99876993-99877011(+)	21	1	22	22	95.5%	chr7	+	99876992	99877014	22
OR2AE1#chr7:99877042-99877060(-)	21	1	22	22	95.5%	chr7	-	99877038	99877060	22
OR2AE1#chr7:99877053-99877071(-)	21	1	22	22	95.5%	chr7	-	99877049	99877071	22
OR2B2#chr6:27912238-27912256(+)	21	1	22	22	95.5%	chr6	+	27912237	27912259	22
OR2B2#chr6:27912275-27912293(+)	21	1	22	22	95.5%	chr6	+	27912274	27912296	22
OR2B2#chr6:27912292-27912310(-)	21	1	22	22	95.5%	chr6	-	27912288	27912310	22
OR2B2#chr6:27912307-27912325(+)	21	1	22	22	95.5%	chr6	+	27912306	27912328	22
OR2B2#chr6:27912343-27912361(+)	21	1	22	22	95.5%	chr6	+	27912342	27912364	22
OR2B2#chr6:27912385-27912403(-)	21	1	22	22	95.5%	chr6	-	27912381	27912403	22
OR2B3#chr6:29086819-29086837(-)	21	1	22	22	95.5%	chr6	-	29086815	29086837	22
OR2B3#chr6:29086911-29086929(+)	21	1	22	22	95.5%	chr6	+	29086910	29086932	22
OR2B3#chr6:29086928-29086946(+)	21	1	22	22	95.5%	chr6	+	29086927	29086949	22
OR2B3#chr6:29087071-29087089(+)	21	1	22	22	95.5%	chr6	+	29087070	29087092	22
OR2B3#chr6:29087110-29087128(-)	21	1	22	22	95.5%	chr6	-	29087106	29087128	22
OR2B3#chr6:29087152-29087170(+)	21	1	22	22	95.5%	chr6	+	29087151	29087173	22
OR2C3#chr1:247533505-247533523(-)	21	1	22	22	95.5%	chr1	-	247533501	247533523	22
OR2C3#chr1:247533537-247533555(-)	21	1	22	22	95.5%	chr1	-	247533533	247533555	22
OR2C3#chr1:247533589-247533607(+)	21	1	22	22	95.5%	chr1	+	247533588	247533610	22
OR2C3#chr1:247533600-247533618(+)	21	1	22	22	95.5%	chr1	+	247533599	247533621	22
OR2C3#chr1:247533639-247533657(-)	21	1	22	22	95.5%	chr1	-	247533635	247533657	22
OR2C3#chr1:247533832-247533850(+)	21	1	22	22	95.5%	chr1	+	247533831	247533853	22
OR2F2#chr7:143935236-143935254(+)	21	1	22	22	95.5%	chr7	+	143935235	143935257	22
OR2F2#chr7:143935250-143935268(-)	21	1	22	22	95.5%	chr7	-	143935246	143935268	22
OR2F2#chr7:143935277-143935295(-)	21	1	22	22	95.5%	chr7	-	143935273	143935295	22
OR2F2#chr7:143935321-143935339(-)	21	1	22	22	95.5%	chr7	-	143935317	143935339	22
OR2F2#chr7:143935334-143935352(+)	21	1	22	22	95.5%	chr7	+	143935333	143935355	22
OR2F2#chr7:143935598-143935616(-)	21	1	22	22	95.5%	chr7	-	143935594	143935616	22
OR2H1#chr6:29458497-29458515(-)	21	1	22	22	95.5%	chr6	-	29458493	29458515	22
OR2H1#chr6:29458502-29458520(+)	21	1	22	22	95.5%	chr6	+	29458501	29458523	22
OR2H1#chr6:29458502-29458520(+)	19	1	19	22	86.4%	chr3	+	68204268	68204287	19
OR2H1#chr6:29458515-29458533(-)	21	1	22	22	95.5%	chr6	-	29458511	29458533	22
OR2H1#chr6:29458545-29458563(-)	21	1	22	22	95.5%	chr6	-	29458541	29458563	22
OR2H1#chr6:29458600-29458618(-)	21	1	22	22	95.5%	chr6	-	29458596	29458618	22
OR2H1#chr6:29458651-29458669(+)	21	1	22	22	95.5%	chr6	+	29458650	29458672	22
OR2H2-1	21	1	22	22	95.5%	chr6	-	29587960	29587982	22
OR2H2-2	21	1	22	22	95.5%	chr6	+	29587947	29587969	22
OR2H2-3	21	1	22	22	95.5%	chr6	+	29587982	29588004	22
OR2H2-3	19	1	19	22	86.4%	chr6	+	29573946	29573965	19
OR2H2-3	19	1	19	22	86.4%	chr6	+	29461807	29461826	19
OR2H2-4	21	1	22	22	95.5%	chr6	-	29587952	29587974	22
OR2H2-5	21	1	22	22	95.5%	chr6	-	29587997	29588019	22
OR2H2-6	21	1	22	22	95.5%	chr6	+	29588038	29588060	22
OR2J3#chr6:29111908-29111926(+)	21	1	22	22	95.5%	chr6	+	29181526	29181548	22
OR2J3#chr6:29111908-29111926(+)	21	1	22	22	95.5%	chr6	+	29111907	29111929	22
OR2J3#chr6:29111966-29111984(+)	21	1	22	22	95.5%	chr6	+	29111965	29111987	22
OR2J3#chr6:29111966-29111984(+)	20	1	22	22	90.9%	chr6	+	29181584	29181606	22
OR2J3#chr6:29111966-29111984(+)	20	1	22	22	90.9%	chr6	+	29173704	29173726	22
OR2J3#chr6:29111966-29111984(+)	20	1	22	22	90.9%	chr6	+	29101011	29101033	22
OR2J3#chr6:29111966-29111984(+)	19	1	19	22	86.4%	chrX	-	99642511	99642530	19
OR2J3#chr6:29112136-29112154(+)	21	1	22	22	95.5%	chr6	+	29112135	29112157	22
OR2J3#chr6:29112136-29112154(+)	20	1	22	22	90.9%	chr6	+	29181754	29181776	22
OR2J3#chr6:29112136-29112154(+)	20	1	22	22	90.9%	chr6	+	29173874	29173896	22
OR2J3#chr6:29112136-29112154(+)	20	1	22	22	90.9%	chr6	+	29101181	29101203	22
OR2J3#chr6:29112313-29112331(-)	21	1	22	22	95.5%	chr6	-	29112309	29112331	22
OR2J3#chr6:29112328-29112346(-)	19	1	19	22	86.4%	chr10	+	118954158	118954177	19
OR2J3#chr6:29112328-29112346(-)	21	1	22	22	95.5%	chr6	-	29112324	29112346	22
OR2J3#chr6:29112328-29112346(-)	19	3	22	22	86.4%	chr3	-	54358635	54358655	20
OR2J3#chr6:29112363-29112381(-)	21	1	22	22	95.5%	chr6	-	29112359	29112381	22
OR2M2#chr1:248179968-248179986(+)	21	1	22	22	95.5%	chr1	+	248179967	248179989	22
OR2M2#chr1:248180051-248180069(-)	21	1	22	22	95.5%	chr1	-	248180047	248180069	22
OR2M2#chr1:248180055-248180073(-)	20	1	22	22	90.9%	chr12	+	114188671	114188693	22
OR2M2#chr1:248180055-248180073(-)	21	1	22	22	95.5%	chr1	-	248180051	248180073	22
OR2M2#chr1:248180076-248180094(+)	21	1	22	22	95.5%	chr1	+	248180075	248180097	22
OR2M2#chr1:248180081-248180099(-)	21	1	22	22	95.5%	chr1	-	248180077	248180099	22
OR2M2#chr1:248180290-248180308(+)	21	1	22	22	95.5%	chr1	+	248180289	248180311	22
OR2M3#chr1:248202784-248202802(-)	21	1	22	22	95.5%	chr1	-	248202780	248202802	22
OR2M3#chr1:248202810-248202828(+)	21	1	22	22	95.5%	chr1	+	248202809	248202831	22
OR2M3#chr1:248202834-248202852(+)	21	1	22	22	95.5%	chr1	+	248202833	248202855	22
OR2M3#chr1:248202852-248202870(-)	21	1	22	22	95.5%	chr1	-	248202848	248202870	22
OR2M3#chr1:248203022-248203040(-)	21	1	22	22	95.5%	chr1	-	248203018	248203040	22
OR2M3#chr1:248203055-248203073(+)	21	1	22	22	95.5%	chr1	+	248203054	248203076	22
OR2T1#chr1:248405979-248405997(+)	21	1	22	22	95.5%	chr1	+	248405978	248406000	22
OR2T1#chr1:248406033-248406051(-)	19	2	21	22	86.4%	chr2	-	158583680	158583700	20
OR2T1#chr1:248406033-248406051(-)	21	1	22	22	95.5%	chr1	-	248406029	248406051	22
OR2T1#chr1:248406088-248406106(-)	21	1	22	22	95.5%	chr1	-	248406084	248406106	22
OR2T1#chr1:248406130-248406148(+)	21	1	22	22	95.5%	chr1	+	248406129	248406151	22
OR2T1#chr1:248406453-248406471(-)	21	1	22	22	95.5%	chr1	-	248406449	248406471	22
OR2T1#chr1:248406459-248406477(-)	21	1	22	22	95.5%	chr1	-	248406455	248406477	22
OR2T11#chr1:248627133-248627151(+)	21	1	22	22	95.5%	chr1	+	248627132	248627154	22
OR2T11#chr1:248627140-248627158(+)	21	1	22	22	95.5%	chr1	+	248627139	248627161	22
OR2T11#chr1:248627151-248627169(+)	21	1	22	22	95.5%	chr1	+	248627150	248627172	22
OR2T11#chr1:248627157-248627175(+)	21	1	22	22	95.5%	chr1	+	248627156	248627178	22
OR2T11#chr1:248627161-248627179(+)	21	1	22	22	95.5%	chr1	+	248627160	248627182	22
OR2T11#chr1:248627187-248627205(+)	21	1	22	22	95.5%	chr1	+	248627186	248627208	22
OR2T29-1	21	1	22	22	95.5%	chr1	-	248559432	248559454	22
OR2T29-2	21	1	22	22	95.5%	chr1	+	248559062	248559084	22
OR2T29-2	21	1	22	22	95.5%	chr1	-	248488995	248489017	22
OR2T29-2	21	1	22	22	95.5%	chr1	-	248362071	248362093	22
OR2T29-3	21	1	22	22	95.5%	chr1	+	248559068	248559090	22
OR2T29-3	21	1	22	22	95.5%	chr1	-	248488989	248489011	22
OR2T29-3	21	1	22	22	95.5%	chr1	-	248362065	248362087	22
OR2T29-4	21	1	22	22	95.5%	chr1	+	248559152	248559174	22
OR2T29-4	21	1	22	22	95.5%	chr1	-	248488905	248488927	22
OR2T29-5	19	1	19	22	86.4%	chr17	+	34128167	34128186	19
OR2T29-5	21	1	22	22	95.5%	chr1	+	248488852	248488874	22
OR2T29-5	20	1	21	22	90.9%	chr1	+	248361928	248361949	21
OR2T29-5	21	1	22	22	95.5%	chr1	-	248559205	248559227	22
OR2T29-6	21	1	22	22	95.5%	chr1	+	248559056	248559078	22
OR2T29-6	21	1	22	22	95.5%	chr1	-	248489001	248489023	22
OR2T29-6	20	1	22	22	90.9%	chr1	-	248362077	248362099	22
OR2T33-1	21	1	22	22	95.5%	chr1	+	248273365	248273387	22
OR2T33-1	20	1	21	22	90.9%	chr1	-	247921445	247921466	21
OR2T33-2	21	1	22	22	95.5%	chr1	-	248273373	248273395	22
OR2T33-3	19	1	19	22	86.4%	chr11	+	17147876	17147895	19
OR2T33-3	21	1	22	22	95.5%	chr1	+	248295537	248295559	22
OR2T33-3	21	1	22	22	95.5%	chr1	+	248273773	248273795	22
OR2T33-3	19	2	21	22	86.4%	chr11	-	71821913	71821933	20
OR2T33-4	21	1	22	22	95.5%	chr1	-	248273366	248273388	22
OR2T33-5	21	1	22	22	95.5%	chr1	+	248295371	248295393	22
OR2T33-5	21	1	22	22	95.5%	chr1	+	248273607	248273629	22
OR2T33-5	20	1	22	22	90.9%	chr1	-	247921202	247921224	22
OR2T33-6	21	1	22	22	95.5%	chr1	-	248295574	248295596	22
OR2T33-6	21	1	22	22	95.5%	chr1	-	248273810	248273832	22
OR2T33-6	21	1	22	22	95.5%	chr1	-	248084592	248084614	22
OR2T4#chr1:248361647-248361665(+)	21	1	22	22	95.5%	chr1	+	248361646	248361668	22
OR2T4#chr1:248361647-248361665(+)	20	1	21	22	90.9%	chr9	-	78402639	78402660	21
OR2T4#chr1:248361661-248361679(+)	21	1	22	22	95.5%	chr1	+	248361660	248361682	22
OR2T4#chr1:248361672-248361690(-)	21	1	22	22	95.5%	chr1	-	248361668	248361690	22
OR2T4#chr1:248361743-248361761(+)	21	1	22	22	95.5%	chr1	+	248361742	248361764	22
OR2T4#chr1:248361749-248361767(-)	21	1	22	22	95.5%	chr1	-	248361745	248361767	22
OR2T4#chr1:248361981-248361999(+)	21	1	22	22	95.5%	chr1	+	248361980	248362002	22
OR2T5-1	21	1	22	22	95.5%	chr1	+	248488609	248488631	22
OR2T5-2	21	1	22	22	95.5%	chr1	-	248488638	248488660	22
OR2T5-3	21	1	22	22	95.5%	chr1	+	248488625	248488647	22
OR2T5-3	20	2	22	22	90.9%	chr1	-	248559432	248559453	21
OR2T5-4	20	1	21	22	90.9%	chr7	+	30850375	30850396	21
OR2T5-4	21	1	22	22	95.5%	chr1	+	248559388	248559410	22
OR2T5-4	21	1	22	22	95.5%	chr1	-	248488669	248488691	22
OR2T5-6	21	1	22	22	95.5%	chr1	+	248488666	248488688	22
OR2T5-6	21	1	22	22	95.5%	chr1	-	248559391	248559413	22
OR2T6#chr1:248387619-248387637(+)	21	1	22	22	95.5%	chr1	+	248387618	248387640	22
OR2T6#chr1:248387631-248387649(-)	21	1	22	22	95.5%	chr1	-	248387627	248387649	22
OR2T6#chr1:248387637-248387655(-)	21	1	22	22	95.5%	chr1	-	248387633	248387655	22
OR2T6#chr1:248387650-248387668(-)	21	1	22	22	95.5%	chr1	-	248387646	248387668	22
OR2T6#chr1:248387850-248387868(+)	21	1	22	22	95.5%	chr1	+	248387849	248387871	22
OR2T6#chr1:248387883-248387901(-)	21	1	22	22	95.5%	chr1	-	248387879	248387901	22
OR2W1#chr6:29045005-29045023(+)	21	1	22	22	95.5%	chr6	+	29045004	29045026	22
OR2W1#chr6:29045057-29045075(-)	21	1	22	22	95.5%	chr6	-	29045053	29045075	22
OR2W1#chr6:29045149-29045167(+)	21	1	22	22	95.5%	chr6	+	29045148	29045170	22
OR2W1#chr6:29045198-29045216(-)	19	1	19	22	86.4%	chr14	+	73690299	73690318	19
OR2W1#chr6:29045198-29045216(-)	21	1	22	22	95.5%	chr6	-	29045194	29045216	22
OR2W1#chr6:29045219-29045237(+)	21	1	22	22	95.5%	chr6	+	29045218	29045240	22
OR2W1#chr6:29045225-29045243(+)	21	1	22	22	95.5%	chr6	+	29045224	29045246	22
OR2W1-5	20	1	22	22	90.9%	chr2	-	231842275	231842297	22
OR2W1-5	20	1	22	22	90.9%	chr2	-	231839170	231839192	22
OR2W1-5	20	1	22	22	90.9%	chr2	-	231836821	231836843	22
OR2W1-5	20	1	22	22	90.9%	chr2	-	231833984	231834006	22
OR2W1-5	20	1	22	22	90.9%	chr2	-	231826174	231826196	22
OR2Y1#chr5:180739882-180739900(+)	21	1	22	22	95.5%	chr5	+	180739881	180739903	22
OR2Y1#chr5:180740039-180740057(+)	21	1	22	22	95.5%	chr5	+	180740038	180740060	22
OR2Y1#chr5:180740057-180740075(-)	21	1	22	22	95.5%	chr5	-	180740053	180740075	22
OR2Y1#chr5:180740066-180740084(+)	21	1	22	22	95.5%	chr5	+	180740065	180740087	22
OR2Y1#chr5:180740101-180740119(-)	21	1	22	22	95.5%	chr5	-	180740097	180740119	22
OR2Y1#chr5:180740104-180740122(-)	21	1	22	22	95.5%	chr5	-	180740100	180740122	22
OR4A5-1	21	1	22	22	95.5%	chr11	+	54707107	54707129	22
OR4A5-1	20	1	21	22	90.9%	chr11	+	48610285	48610306	21
OR4A5-1	19	2	21	22	86.4%	chr14	-	28875370	28875390	20
OR4A5-2	21	1	22	22	95.5%	chr11	-	54706811	54706833	22
OR4A5-3	21	1	22	22	95.5%	chr11	-	54706842	54706864	22
OR4A5-3	20	1	21	22	90.9%	chr11	-	55466729	55466750	21
OR4A5-3	20	1	21	22	90.9%	chr11	-	55388487	55388508	21
OR4A5-3	20	1	21	22	90.9%	chr11	-	48610021	48610042	21
OR4A5-3	20	1	21	22	90.9%	chr11	-	48579394	48579415	21
OR4A5-3	20	1	21	22	90.9%	chr11	-	48512278	48512299	21
OR4A5-4	21	1	22	22	95.5%	chr11	-	54706834	54706856	22
OR4A5-5	21	1	22	22	95.5%	chr11	-	54707038	54707060	22
OR4A5-6	21	1	22	22	95.5%	chr11	-	54707155	54707177	22
OR4B1#chr11:48216783-48216801(+)	21	1	22	22	95.5%	chr11	+	48216782	48216804	22
OR4B1#chr11:48216903-48216921(-)	21	1	22	22	95.5%	chr11	-	48216899	48216921	22
OR4B1#chr11:48216916-48216934(-)	21	1	22	22	95.5%	chr11	-	48216912	48216934	22
OR4B1#chr11:48216992-48217010(-)	21	1	22	22	95.5%	chr11	-	48216988	48217010	22
OR4B1#chr11:48217001-48217019(-)	21	1	22	22	95.5%	chr11	-	48216997	48217019	22
OR4B1#chr11:48217006-48217024(-)	21	1	22	22	95.5%	chr11	-	48217002	48217024	22
OR4C12-1	20	1	21	22	90.9%	chr11	+	54591461	54591482	21
OR4C12-1	20	1	21	22	90.9%	chr11	+	48420225	48420246	21
OR4C12-1	21	1	22	22	95.5%	chr11	-	49982497	49982519	22
OR4C12-2	21	1	22	22	95.5%	chr11	-	49982437	49982459	22
OR4C12-3	21	1	22	22	95.5%	chr11	+	49982425	49982447	22
OR4C12-4	21	1	22	22	95.5%	chr11	-	49982065	49982087	22
OR4C12-5	21	1	22	22	95.5%	chr11	-	49982071	49982093	22
OR4C12-6	21	1	22	22	95.5%	chr11	+	49982101	49982123	22
OR4C15#chr11:55554359-55554377(-)	21	1	22	22	95.5%	chr11	-	55554355	55554377	22
OR4C15#chr11:55554408-55554426(-)	21	1	22	22	95.5%	chr11	-	55554404	55554426	22
OR4C15#chr11:55554415-55554433(-)	21	1	22	22	95.5%	chr11	-	55554411	55554433	22
OR4C15#chr11:55554422-55554440(+)	21	1	22	22	95.5%	chr11	+	55554421	55554443	22
OR4C15#chr11:55554563-55554581(+)	21	1	22	22	95.5%	chr11	+	55554562	55554584	22
OR4C15#chr11:55554663-55554681(-)	21	1	22	22	95.5%	chr11	-	55554659	55554681	22
OR4C3-1	21	1	22	22	95.5%	chr11	-	48324969	48324991	22
OR4C3-2	21	1	22	22	95.5%	chr11	+	48325060	48325082	22
OR4C3-2	20	1	22	22	90.9%	chr11	-	50054248	50054270	22
OR4C3-3	20	1	21	22	90.9%	chr11	+	50054373	50054394	21
OR4C3-3	21	1	22	22	95.5%	chr11	-	48324935	48324957	22
OR4C3-4	21	1	22	22	95.5%	chr11	-	48325010	48325032	22
OR4C3-5	21	1	22	22	95.5%	chr11	-	48325171	48325193	22
OR4C3-6	21	1	22	22	95.5%	chr11	+	48325003	48325025	22
OR4C3-6	21	1	22	22	95.5%	chr11	-	50054305	50054327	22
OR4C45-1	21	1	22	22	95.5%	chr11	+	48352340	48352362	22
OR4C45-1	20	1	22	22	90.9%	chr11	-	50032958	50032980	22
OR4C45-2	21	1	22	22	95.5%	chr11	+	48352169	48352191	22
OR4C45-2	21	1	22	22	95.5%	chr11	-	50033129	50033151	22
OR4C45-3	21	1	22	22	95.5%	chr11	+	48352393	48352415	22
OR4C45-3	21	1	22	22	95.5%	chr11	-	50032905	50032927	22
OR4C45-4	21	1	22	22	95.5%	chr11	+	48352271	48352293	22
OR4C45-5	21	1	22	22	95.5%	chr11	-	48352415	48352437	22
OR4C45-6	21	1	22	22	95.5%	chr11	-	48352344	48352366	22
OR4D10#chr11:59477375-59477393(+)	21	1	22	22	95.5%	chr11	+	59477374	59477396	22
OR4D10#chr11:59477375-59477393(+)	19	2	21	22	86.4%	chrX	-	63131411	63131431	20
OR4D10#chr11:59477418-59477436(+)	21	1	22	22	95.5%	chr11	+	59477417	59477439	22
OR4D10#chr11:59477433-59477451(+)	21	1	22	22	95.5%	chr11	+	59477432	59477454	22
OR4D10#chr11:59477472-59477490(+)	21	1	22	22	95.5%	chr11	+	59477471	59477493	22
OR4D10#chr11:59477485-59477503(-)	21	1	22	22	95.5%	chr11	-	59477481	59477503	22
OR4D10#chr11:59477710-59477728(-)	21	1	22	22	95.5%	chr11	-	59477706	59477728	22
OR4D11#chr11:59503558-59503576(+)	21	1	22	22	95.5%	chr11	+	59503557	59503579	22
OR4D11#chr11:59503638-59503656(-)	21	1	22	22	95.5%	chr11	-	59503634	59503656	22
OR4D11#chr11:59503799-59503817(-)	21	1	22	22	95.5%	chr11	-	59503795	59503817	22
OR4D11#chr11:59503850-59503868(-)	21	1	22	22	95.5%	chr11	-	59503846	59503868	22
OR4D11#chr11:59503890-59503908(-)	21	1	22	22	95.5%	chr11	-	59503886	59503908	22
OR4D11#chr11:59504009-59504027(+)	21	1	22	22	95.5%	chr11	+	59504008	59504030	22
OR4D5#chr11:123939612-123939630(-)	21	1	22	22	95.5%	chr11	-	123939608	123939630	22
OR4D5#chr11:123939653-123939671(+)	21	1	22	22	95.5%	chr11	+	123939652	123939674	22
OR4D5#chr11:123939745-123939763(-)	21	1	22	22	95.5%	chr11	-	123939741	123939763	22
OR4D5#chr11:123939823-123939841(-)	21	1	22	22	95.5%	chr11	-	123939819	123939841	22
OR4D5#chr11:123939843-123939861(-)	21	1	22	22	95.5%	chr11	-	123939839	123939861	22
OR4D5#chr11:123939886-123939904(-)	21	1	22	22	95.5%	chr11	-	123939882	123939904	22
OR4E2#chr14:21665065-21665083(+)	21	1	22	22	95.5%	chr14	+	21665064	21665086	22
OR4E2#chr14:21665100-21665118(-)	21	1	22	22	95.5%	chr14	-	21665096	21665118	22
OR4E2#chr14:21665124-21665142(+)	21	1	22	22	95.5%	chr14	+	21665123	21665145	22
OR4E2#chr14:21665271-21665289(-)	21	1	22	22	95.5%	chr14	-	21665267	21665289	22
OR4E2#chr14:21665312-21665330(+)	19	1	19	22	86.4%	chr9	+	37305622	37305641	19
OR4E2#chr14:21665312-21665330(+)	21	1	22	22	95.5%	chr14	+	21665311	21665333	22
OR4E2#chr14:21665312-21665330(+)	19	1	19	22	86.4%	chr14	+	57041726	57041745	19
OR4E2#chr14:21665408-21665426(-)	21	1	22	22	95.5%	chr14	-	21665404	21665426	22
OR4F5#chr1:69073-69091(+)	21	1	22	22	95.5%	chr19	+	110660	110682	22
OR4F5#chr1:69073-69091(+)	21	1	22	22	95.5%	chr1	+	69072	69094	22
OR4F5#chr1:69073-69091(+)	21	1	22	22	95.5%	chr15	-	101923055	101923077	22
OR4F5#chr1:69150-69168(-)	19	1	19	22	86.4%	chr5	+	60269313	60269332	19
OR4F5#chr1:69150-69168(-)	21	1	22	22	95.5%	chr15	+	101922981	101923003	22
OR4F5#chr1:69150-69168(-)	19	1	19	22	86.4%	chr3	-	151102637	151102656	19
OR4F5#chr1:69150-69168(-)	19	1	19	22	86.4%	chr2	-	41742760	41742779	19
OR4F5#chr1:69150-69168(-)	21	1	22	22	95.5%	chr19	-	110734	110756	22
OR4F5#chr1:69150-69168(-)	21	1	22	22	95.5%	chr1	-	69146	69168	22
OR4F5#chr1:69497-69515(+)	20	1	22	22	90.9%	chr19	+	111084	111106	22
OR4F5#chr1:69497-69515(+)	21	1	22	22	95.5%	chr1	+	69496	69518	22
OR4F5#chr1:69546-69564(-)	20	1	22	22	90.9%	chr15	+	101922585	101922607	22
OR4F5#chr1:69546-69564(-)	21	1	22	22	95.5%	chr1	-	69542	69564	22
OR4F5#chr1:69557-69575(+)	20	1	22	22	90.9%	chr19	+	111144	111166	22
OR4F5#chr1:69557-69575(+)	21	1	22	22	95.5%	chr1	+	69556	69578	22
OR4F5#chr1:69568-69586(+)	21	1	22	22	95.5%	chr1	+	69567	69589	22
OR4F5#chr1:69568-69586(+)	20	1	22	22	90.9%	chr15	-	101922560	101922582	22
OR4K13#chr14:20034327-20034345(+)	21	1	22	22	95.5%	chr14	+	20034326	20034348	22
OR4K13#chr14:20034476-20034494(-)	21	1	22	22	95.5%	chr14	-	20034472	20034494	22
OR4K13#chr14:20034589-20034607(+)	21	1	22	22	95.5%	chr14	+	20034588	20034610	22
OR4K13#chr14:20034652-20034670(-)	21	1	22	22	95.5%	chr14	-	20034648	20034670	22
OR4K13#chr14:20034723-20034741(+)	21	1	22	22	95.5%	chr14	+	20034722	20034744	22
OR4K13#chr14:20034731-20034749(-)	21	1	22	22	95.5%	chr14	-	20034727	20034749	22
OR4Q3#chr14:19747592-19747610(-)	20	1	21	22	90.9%	chr15_KI270727v1_random	-	336386	336407	21
OR4Q3#chr14:19747592-19747610(-)	20	1	21	22	90.9%	chr15	-	22044619	22044640	21
OR4Q3#chr14:19747592-19747610(-)	20	1	21	22	90.9%	chr15	-	21609262	21609283	21
OR4Q3#chr14:19747592-19747610(-)	21	1	22	22	95.5%	chr14	-	19747588	19747610	22
OR4Q3#chr14:19747643-19747661(-)	21	1	22	22	95.5%	chr14	-	19747639	19747661	22
OR4Q3#chr14:19747649-19747667(-)	21	1	22	22	95.5%	chr14	-	19747645	19747667	22
OR4Q3#chr14:19747764-19747782(+)	21	1	22	22	95.5%	chr14	+	19747763	19747785	22
OR4Q3#chr14:19747818-19747836(-)	21	1	22	22	95.5%	chr14	-	19747814	19747836	22
OR4Q3#chr14:19747829-19747847(-)	21	1	22	22	95.5%	chr14	-	19747825	19747847	22
OR51A2-1	21	1	22	22	95.5%	chr11	+	4955420	4955442	22
OR51A2-2	21	1	22	22	95.5%	chr11	+	4955214	4955236	22
OR51A2-2	21	1	22	22	95.5%	chr11	+	4946601	4946623	22
OR51A2-3	21	1	22	22	95.5%	chr11	-	4955537	4955559	22
OR51A2-3	20	1	21	22	90.9%	chr11	-	4946925	4946946	21
OR51A2-4	21	1	22	22	95.5%	chr11	+	4955431	4955453	22
OR51A2-5	21	1	22	22	95.5%	chr11	+	4955308	4955330	22
OR51A4-1	21	1	22	22	95.5%	chr11	+	4947126	4947148	22
OR51A4-2	21	1	22	22	95.5%	chr11	+	4946805	4946827	22
OR51A4-3	21	1	22	22	95.5%	chr11	+	4946792	4946814	22
OR51A4-4	21	1	22	22	95.5%	chr11	+	4946689	4946711	22
OR51A4-4	20	1	21	22	90.9%	chr11	+	4955302	4955323	21
OR51A4-5	21	1	22	22	95.5%	chr11	+	4955654	4955676	22
OR51A4-5	21	1	22	22	95.5%	chr11	+	4947041	4947063	22
OR51A4-6	21	1	22	22	95.5%	chr11	+	4955657	4955679	22
OR51A4-6	21	1	22	22	95.5%	chr11	+	4947044	4947066	22
OR51B4#chr11:5301689-5301707(+)	21	1	22	22	95.5%	chr11	+	5301688	5301710	22
OR51B4#chr11:5301722-5301740(+)	21	1	22	22	95.5%	chr11	+	5301721	5301743	22
OR51B4#chr11:5301900-5301918(-)	21	1	22	22	95.5%	chr11	-	5301896	5301918	22
OR51B4#chr11:5301902-5301920(+)	21	1	22	22	95.5%	chr11	+	5301901	5301923	22
OR51B4#chr11:5301927-5301945(+)	21	1	22	22	95.5%	chr11	+	5301926	5301948	22
OR51B4#chr11:5301931-5301949(+)	21	1	22	22	95.5%	chr11	+	5301930	5301952	22
OR51E2#chr11:4697729-4697747(+)	21	1	22	22	95.5%	chr11	+	4697728	4697750	22
OR51E2#chr11:4697784-4697802(+)	21	1	22	22	95.5%	chr11	+	4697783	4697805	22
OR51E2#chr11:4697787-4697805(+)	21	1	22	22	95.5%	chr11	+	4697786	4697808	22
OR51E2#chr11:4697798-4697816(-)	21	1	22	22	95.5%	chr11	-	4697794	4697816	22
OR51E2#chr11:4697819-4697837(+)	21	1	22	22	95.5%	chr11	+	4697818	4697840	22
OR51F1#chr11:4769700-4769718(-)	21	1	22	22	95.5%	chr11	-	4769696	4769718	22
OR51F1#chr11:4769834-4769852(+)	21	1	22	22	95.5%	chr11	+	4769833	4769855	22
OR51F1#chr11:4769839-4769857(+)	21	1	22	22	95.5%	chr11	+	4769838	4769860	22
OR51F1#chr11:4769859-4769877(+)	21	1	22	22	95.5%	chr11	+	4769858	4769880	22
OR51F1#chr11:4769863-4769881(+)	21	1	22	22	95.5%	chr11	+	4769862	4769884	22
OR51F1#chr11:4769917-4769935(-)	21	1	22	22	95.5%	chr11	-	4769913	4769935	22
OR51F2#chr11:4821341-4821359(-)	21	1	22	22	95.5%	chr11	-	4821337	4821359	22
OR51F2#chr11:4821421-4821439(-)	21	1	22	22	95.5%	chr11	-	4821417	4821439	22
OR51F2#chr11:4821495-4821513(-)	21	1	22	22	95.5%	chr11	-	4821491	4821513	22
OR51F2#chr11:4821498-4821516(-)	21	1	22	22	95.5%	chr11	-	4821494	4821516	22
OR51F2#chr11:4821577-4821595(-)	21	1	22	22	95.5%	chr11	-	4821573	4821595	22
OR51F2#chr11:4821672-4821690(-)	21	1	22	22	95.5%	chr11	-	4821668	4821690	22
OR51L1#chr11:4998966-4998984(+)	21	1	22	22	95.5%	chr11	+	4998965	4998987	22
OR51L1#chr11:4999019-4999037(-)	21	1	22	22	95.5%	chr11	-	4999015	4999037	22
OR51L1#chr11:4999030-4999048(-)	21	1	22	22	95.5%	chr11	-	4999026	4999048	22
OR51L1#chr11:4999043-4999061(-)	21	1	22	22	95.5%	chr11	-	4999039	4999061	22
OR51L1#chr11:4999212-4999230(-)	21	1	22	22	95.5%	chr11	-	4999208	4999230	22
OR51L1#chr11:4999463-4999481(-)	21	1	22	22	95.5%	chr11	-	4999459	4999481	22
OR51T1#chr11:4881897-4881915(-)	21	1	22	22	95.5%	chr11	-	4881893	4881915	22
OR51T1#chr11:4881940-4881958(+)	21	1	22	22	95.5%	chr11	+	4881939	4881961	22
OR51T1#chr11:4881944-4881962(-)	21	1	22	22	95.5%	chr11	-	4881940	4881962	22
OR51T1#chr11:4882129-4882147(-)	21	1	22	22	95.5%	chr11	-	4882125	4882147	22
OR51T1#chr11:4882174-4882192(-)	21	1	22	22	95.5%	chr11	-	4882170	4882192	22
OR51T1#chr11:4882293-4882311(-)	21	1	22	22	95.5%	chr11	-	4882289	4882311	22
OR52E6#chr11:5841399-5841417(+)	21	1	22	22	95.5%	chr11	+	5841398	5841420	22
OR52E6#chr11:5841429-5841447(-)	21	1	22	22	95.5%	chr11	-	5841425	5841447	22
OR52E6#chr11:5841549-5841567(-)	21	1	22	22	95.5%	chr11	-	5841545	5841567	22
OR52E6#chr11:5841661-5841679(+)	21	1	22	22	95.5%	chr11	+	5841660	5841682	22
OR52E6#chr11:5841669-5841687(-)	19	1	19	22	86.4%	chr3	-	88811668	88811687	19
OR52E6#chr11:5841669-5841687(-)	21	1	22	22	95.5%	chr11	-	5841665	5841687	22
OR52E6#chr11:5841873-5841891(+)	21	1	22	22	95.5%	chr11	+	5841872	5841894	22
OR52N2#chr11:5820323-5820341(-)	21	1	22	22	95.5%	chr11	-	5820319	5820341	22
OR52N2#chr11:5820326-5820344(-)	21	1	22	22	95.5%	chr11	-	5820322	5820344	22
OR52N2#chr11:5820334-5820352(-)	21	1	22	22	95.5%	chr11	-	5820330	5820352	22
OR52N2#chr11:5820362-5820380(-)	21	1	22	22	95.5%	chr11	-	5820358	5820380	22
OR52N2#chr11:5820377-5820395(+)	21	1	22	22	95.5%	chr11	+	5820376	5820398	22
OR52N2#chr11:5820452-5820470(+)	21	1	22	22	95.5%	chr11	+	5820451	5820473	22
OR52W1#chr11:6199166-6199184(-)	21	1	22	22	95.5%	chr11	-	6199162	6199184	22
OR52W1#chr11:6199193-6199211(-)	21	1	22	22	95.5%	chr11	-	6199189	6199211	22
OR52W1#chr11:6199203-6199221(-)	21	1	22	22	95.5%	chr11	-	6199199	6199221	22
OR52W1#chr11:6199206-6199224(+)	21	1	22	22	95.5%	chr11	+	6199205	6199227	22
OR52W1#chr11:6199295-6199313(+)	21	1	22	22	95.5%	chr11	+	6199294	6199316	22
OR52W1#chr11:6199309-6199327(-)	21	1	22	22	95.5%	chr11	-	6199305	6199327	22
OR56A4#chr11:6002699-6002717(+)	21	1	22	22	95.5%	chr11	+	6002698	6002720	22
OR56A4#chr11:6003071-6003089(+)	21	1	22	22	95.5%	chr11	+	6003070	6003092	22
OR56A4#chr11:6003099-6003117(-)	21	1	22	22	95.5%	chr11	-	6003095	6003117	22
OR56A4#chr11:6003152-6003170(-)	21	1	22	22	95.5%	chr11	-	6003148	6003170	22
OR56A4#chr11:6003156-6003174(-)	21	1	22	22	95.5%	chr11	-	6003152	6003174	22
OR56A4#chr11:6003168-6003186(-)	21	1	22	22	95.5%	chr11	-	6003164	6003186	22
OR5A2#chr11:59422637-59422655(+)	21	1	22	22	95.5%	chr11	+	59422636	59422658	22
OR5A2#chr11:59422652-59422670(+)	21	1	22	22	95.5%	chr11	+	59422651	59422673	22
OR5A2#chr11:59422700-59422718(+)	21	1	22	22	95.5%	chr11	+	59422699	59422721	22
OR5A2#chr11:59422706-59422724(+)	21	1	22	22	95.5%	chr11	+	59422705	59422727	22
OR5A2#chr11:59422935-59422953(+)	21	1	22	22	95.5%	chr11	+	59422934	59422956	22
OR5A2#chr11:59422953-59422971(-)	21	1	22	22	95.5%	chr11	-	59422949	59422971	22
OR5AC2#chr3:98087167-98087185(+)	21	1	22	22	95.5%	chr3	+	98087166	98087188	22
OR5AC2#chr3:98087223-98087241(+)	21	1	22	22	95.5%	chr3	+	98087222	98087244	22
OR5AC2#chr3:98087242-98087260(-)	21	1	22	22	95.5%	chr3	-	98087238	98087260	22
OR5AC2#chr3:98087405-98087423(-)	21	1	22	22	95.5%	chr3	-	98087401	98087423	22
OR5AC2#chr3:98087415-98087433(-)	20	1	22	22	90.9%	chr9	+	101408035	101408057	22
OR5AC2#chr3:98087415-98087433(-)	21	1	22	22	95.5%	chr3	-	98087411	98087433	22
OR5AC2#chr3:98087459-98087477(-)	21	1	22	22	95.5%	chr3	-	98087455	98087477	22
OR5AK2#chr11:56988903-56988921(+)	21	1	22	22	95.5%	chr11	+	56988902	56988924	22
OR5AK2#chr11:56988915-56988933(-)	21	1	22	22	95.5%	chr11	-	56988911	56988933	22
OR5AK2#chr11:56988938-56988956(+)	21	1	22	22	95.5%	chr11	+	56988937	56988959	22
OR5AK2#chr11:56988964-56988982(+)	21	1	22	22	95.5%	chr11	+	56988963	56988985	22
OR5AK2#chr11:56988973-56988991(-)	21	1	22	22	95.5%	chr11	-	56988969	56988991	22
OR5AK2#chr11:56989325-56989343(+)	21	1	22	22	95.5%	chr11	+	56989324	56989346	22
OR5AP2#chr11:56642005-56642023(+)	21	1	22	22	95.5%	chr11	+	56642004	56642026	22
OR5AP2#chr11:56642016-56642034(+)	21	1	22	22	95.5%	chr11	+	56642015	56642037	22
OR5AP2#chr11:56642206-56642224(+)	19	1	19	22	86.4%	chr20	+	1480057	1480076	19
OR5AP2#chr11:56642206-56642224(+)	21	1	22	22	95.5%	chr11	+	56642205	56642227	22
OR5AP2#chr11:56642303-56642321(-)	21	1	22	22	95.5%	chr11	-	56642299	56642321	22
OR5AP2#chr11:56642348-56642366(+)	21	1	22	22	95.5%	chr11	+	56642347	56642369	22
OR5AP2#chr11:56642417-56642435(-)	21	1	22	22	95.5%	chr11	-	56642413	56642435	22
OR5B3#chr11:58403140-58403158(+)	21	1	22	22	95.5%	chr11	+	58403139	58403161	22
OR5B3#chr11:58403160-58403178(+)	21	1	22	22	95.5%	chr11	+	58403159	58403181	22
OR5B3#chr11:58403172-58403190(-)	21	1	22	22	95.5%	chr11	-	58403168	58403190	22
OR5B3#chr11:58403318-58403336(+)	21	1	22	22	95.5%	chr11	+	58403317	58403339	22
OR5B3#chr11:58403342-58403360(+)	21	1	22	22	95.5%	chr11	+	58403341	58403363	22
OR5B3#chr11:58403411-58403429(+)	21	1	22	22	95.5%	chr11	+	58403410	58403432	22
OR5C1#chr9:122788936-122788954(+)	21	1	22	22	95.5%	chr9	+	122788935	122788957	22
OR5C1#chr9:122788961-122788979(-)	21	1	22	22	95.5%	chr9	-	122788957	122788979	22
OR5C1#chr9:122788970-122788988(-)	21	1	22	22	95.5%	chr9	-	122788966	122788988	22
OR5C1#chr9:122789013-122789031(-)	21	1	22	22	95.5%	chr9	-	122789009	122789031	22
OR5C1#chr9:122789044-122789062(-)	21	1	22	22	95.5%	chr9	-	122789040	122789062	22
OR5C1#chr9:122789219-122789237(-)	21	1	22	22	95.5%	chr9	-	122789215	122789237	22
OR5D13#chr11:55773469-55773487(+)	21	1	22	22	95.5%	chr11	+	55773468	55773490	22
OR5D13#chr11:55773474-55773492(-)	21	1	22	22	95.5%	chr11	-	55773470	55773492	22
OR5D13#chr11:55773667-55773685(-)	21	1	22	22	95.5%	chr11	-	55773663	55773685	22
OR5D13#chr11:55773831-55773849(-)	21	1	22	22	95.5%	chr11	-	55773827	55773849	22
OR5D13#chr11:55773844-55773862(-)	21	1	22	22	95.5%	chr11	-	55773840	55773862	22
OR5D13#chr11:55773878-55773896(+)	21	1	22	22	95.5%	chr11	+	55773877	55773899	22
OR5K2-1	19	2	21	22	86.4%	chr4	-	78153954	78153974	20
OR5K2-1	21	1	22	22	95.5%	chr3	-	98497650	98497672	22
OR5K2-2	19	1	19	22	86.4%	chr5	-	63827511	63827530	19
OR5K2-2	21	1	22	22	95.5%	chr3	-	98497643	98497665	22
OR5K2-2	19	2	21	22	86.4%	chr1	-	186266654	186266674	20
OR5K2-3	21	1	22	22	95.5%	chr3	-	98498075	98498097	22
OR5K2-3	21	1	22	22	95.5%	chr3	-	98469971	98469993	22
OR5K2-4	21	1	22	22	95.5%	chr3	+	98497924	98497946	22
OR5K2-4	20	1	21	22	90.9%	chr3	+	98390909	98390930	21
OR5K2-4	19	1	19	22	86.4%	chr3	+	98469820	98469839	19
OR5K2-4	21	1	22	22	95.5%	chr4	-	111128194	111128217	23
OR5K2-5	21	1	22	22	95.5%	chr3	+	98498013	98498035	22
OR5K2-5	21	1	22	22	95.5%	chr8	-	140849269	140849292	23
OR5K2-6	21	1	22	22	95.5%	chr3	+	98497662	98497684	22
OR5K3#chr3:98390654-98390672(+)	21	1	22	22	95.5%	chr3	+	98390653	98390675	22
OR5K3#chr3:98390688-98390706(-)	21	1	22	22	95.5%	chr3	-	98390684	98390706	22
OR5K3#chr3:98390691-98390709(+)	21	1	22	22	95.5%	chr3	+	98390690	98390712	22
OR5K3#chr3:98390780-98390798(+)	21	1	22	22	95.5%	chr3	+	98390779	98390801	22
OR5K3#chr3:98390863-98390881(-)	21	1	22	22	95.5%	chr3	-	98390859	98390881	22
OR5K3#chr3:98391111-98391129(-)	21	1	22	22	95.5%	chr3	-	98391107	98391129	22
OR5L1#chr11:55811444-55811462(-)	21	1	22	22	95.5%	chr11	-	55811440	55811462	22
OR5L1#chr11:55811447-55811465(-)	21	1	22	22	95.5%	chr11	-	55811443	55811465	22
OR5L1#chr11:55811449-55811467(+)	21	1	22	22	95.5%	chr11	+	55811448	55811470	22
OR5L1#chr11:55811591-55811609(-)	21	1	22	22	95.5%	chr11	-	55811587	55811609	22
OR5L1#chr11:55811595-55811613(-)	21	1	22	22	95.5%	chr11	-	55811591	55811613	22
OR5L1#chr11:55811779-55811797(+)	21	1	22	22	95.5%	chr11	+	55811778	55811800	22
OR5L2#chr11:55827202-55827220(+)	21	1	22	22	95.5%	chr11	+	55827201	55827223	22
OR5L2#chr11:55827343-55827361(-)	21	1	22	22	95.5%	chr11	-	55827339	55827361	22
OR5L2#chr11:55827531-55827549(+)	21	1	22	22	95.5%	chr11	+	55827530	55827552	22
OR5L2#chr11:55827606-55827624(-)	21	1	22	22	95.5%	chr11	-	55827602	55827624	22
OR5L2#chr11:55827624-55827642(+)	21	1	22	22	95.5%	chr11	+	55827623	55827645	22
OR5L2#chr11:55827653-55827671(+)	21	1	22	22	95.5%	chr11	+	55827652	55827674	22
OR5M1-1	21	1	22	22	95.5%	chr11	+	56613040	56613062	22
OR5M1-2	21	1	22	22	95.5%	chr11	-	56613046	56613068	22
OR5M1-3	19	1	19	22	86.4%	chr2	+	133009277	133009296	19
OR5M1-3	21	1	22	22	95.5%	chr11	-	56613034	56613056	22
OR5M1-4	21	1	22	22	95.5%	chr11	+	56613289	56613311	22
OR5M1-4	20	1	21	22	90.9%	chr11	+	56577508	56577529	21
OR5M1-5	21	1	22	22	95.5%	chr11	+	56613071	56613093	22
OR5M1-6	21	1	22	22	95.5%	chr11	+	56613319	56613341	22
OR5M1-6	20	1	21	22	90.9%	chr11	+	56577538	56577559	21
OR5M11#chr11:56542866-56542884(+)	21	1	22	22	95.5%	chr11	+	56542865	56542887	22
OR5M11#chr11:56542923-56542941(+)	21	1	22	22	95.5%	chr11	+	56542922	56542944	22
OR5M11#chr11:56542923-56542941(+)	19	1	19	22	86.4%	chr4	-	46884466	46884485	19
OR5M11#chr11:56543003-56543021(+)	21	1	22	22	95.5%	chr11	+	56543002	56543024	22
OR5M11#chr11:56543051-56543069(+)	21	1	22	22	95.5%	chr11	+	56543050	56543072	22
OR5M11#chr11:56543213-56543231(-)	21	1	22	22	95.5%	chr11	-	56543209	56543231	22
OR5M11#chr11:56543263-56543281(-)	21	1	22	22	95.5%	chr11	-	56543259	56543281	22
OR5M8#chr11:56491201-56491219(+)	21	1	22	22	95.5%	chr11	+	56491200	56491222	22
OR5M8#chr11:56491206-56491224(+)	21	1	22	22	95.5%	chr11	+	56491205	56491227	22
OR5M8#chr11:56491300-56491318(+)	21	1	22	22	95.5%	chr11	+	56491299	56491321	22
OR5M8#chr11:56491311-56491329(+)	21	1	22	22	95.5%	chr11	+	56491310	56491332	22
OR5M8#chr11:56491352-56491370(-)	21	1	22	22	95.5%	chr11	-	56491348	56491370	22
OR5M8#chr11:56491372-56491390(+)	21	1	22	22	95.5%	chr11	+	56491371	56491393	22
OR5P2#chr11:7796641-7796659(+)	21	1	22	22	95.5%	chr11	+	7796640	7796662	22
OR5P2#chr11:7796652-7796670(+)	21	1	22	22	95.5%	chr11	+	7796651	7796673	22
OR5P2#chr11:7796656-7796674(+)	21	1	22	22	95.5%	chr11	+	7796655	7796677	22
OR5P2#chr11:7796835-7796853(+)	21	1	22	22	95.5%	chr11	+	7796834	7796856	22
OR5P2#chr11:7796893-7796911(+)	21	1	22	22	95.5%	chr11	+	7796892	7796914	22
OR5P2#chr11:7796904-7796922(-)	21	1	22	22	95.5%	chr11	-	7796900	7796922	22
OR5T1#chr11:56275563-56275581(+)	21	1	22	22	95.5%	chr11	+	56275562	56275584	22
OR5T1#chr11:56275626-56275644(+)	21	1	22	22	95.5%	chr11	+	56275625	56275647	22
OR5T1#chr11:56275642-56275660(+)	21	1	22	22	95.5%	chr11	+	56275641	56275663	22
OR5T1#chr11:56275654-56275672(-)	21	1	22	22	95.5%	chr11	-	56275650	56275672	22
OR5T1#chr11:56275775-56275793(+)	21	1	22	22	95.5%	chr11	+	56275774	56275796	22
OR5T1#chr11:56275785-56275803(+)	21	1	22	22	95.5%	chr11	+	56275784	56275806	22
OR5T2#chr11:56232943-56232961(+)	21	1	22	22	95.5%	chr11	+	56232942	56232964	22
OR5T2#chr11:56232950-56232968(-)	21	1	22	22	95.5%	chr11	-	56232946	56232968	22
OR5T2#chr11:56232961-56232979(+)	21	1	22	22	95.5%	chr11	+	56232960	56232982	22
OR5T2#chr11:56233025-56233043(-)	21	1	22	22	95.5%	chr11	-	56233021	56233043	22
OR5T2#chr11:56233128-56233146(+)	21	1	22	22	95.5%	chr11	+	56233127	56233149	22
OR5T2#chr11:56233248-56233266(-)	19	1	19	22	86.4%	chr11	+	63729844	63729863	19
OR5T2#chr11:56233248-56233266(-)	21	1	22	22	95.5%	chr2	-	60793151	60793174	23
OR5T2#chr11:56233248-56233266(-)	21	1	22	22	95.5%	chr11	-	56233244	56233266	22
OR5T3#chr11:56252182-56252200(+)	21	1	22	22	95.5%	chr11	+	56252181	56252203	22
OR5T3#chr11:56252198-56252216(+)	21	1	22	22	95.5%	chr11	+	56252197	56252219	22
OR5T3#chr11:56252268-56252286(+)	21	1	22	22	95.5%	chr11	+	56252267	56252289	22
OR5T3#chr11:56252268-56252286(+)	19	2	21	22	86.4%	chr3	-	97043308	97043328	20
OR5T3#chr11:56252296-56252314(-)	21	1	22	22	95.5%	chr11	-	56252292	56252314	22
OR5T3#chr11:56252390-56252408(+)	21	1	22	22	95.5%	chr11	+	56252389	56252411	22
OR5T3#chr11:56252390-56252408(+)	20	1	21	22	90.9%	chr17	-	50494416	50494437	21
OR5T3#chr11:56252400-56252418(+)	21	1	22	22	95.5%	chr11	+	56252399	56252421	22
OR6C1#chr12:55320611-55320629(-)	21	1	22	22	95.5%	chr12	-	55320607	55320629	22
OR6C1#chr12:55320686-55320704(-)	21	1	22	22	95.5%	chr4	+	114940528	114940551	23
OR6C1#chr12:55320686-55320704(-)	21	1	22	22	95.5%	chr12	-	55320682	55320704	22
OR6C1#chr12:55320728-55320746(-)	21	1	22	22	95.5%	chr12	-	55320724	55320746	22
OR6C1#chr12:55320820-55320838(-)	21	1	22	22	95.5%	chr12	-	55320816	55320838	22
OR6C1#chr12:55320831-55320849(-)	21	1	22	22	95.5%	chr12	-	55320827	55320849	22
OR6C1#chr12:55320981-55320999(-)	21	1	22	22	95.5%	chr12	-	55320977	55320999	22
OR6F1#chr1:247712580-247712598(+)	21	1	22	22	95.5%	chr1	+	247712579	247712601	22
OR6F1#chr1:247712583-247712601(+)	21	1	22	22	95.5%	chr1	+	247712582	247712604	22
OR6F1#chr1:247712614-247712632(-)	21	1	22	22	95.5%	chr1	-	247712610	247712632	22
OR6F1#chr1:247712739-247712757(+)	21	1	22	22	95.5%	chr1	+	247712738	247712760	22
OR6F1#chr1:247712748-247712766(-)	21	1	22	22	95.5%	chr1	-	247712744	247712766	22
OR6F1#chr1:247712786-247712804(-)	21	1	22	22	95.5%	chr1	-	247712782	247712804	22
OR6M1#chr11:123806275-123806293(+)	21	1	22	22	95.5%	chr11	+	123806274	123806296	22
OR6M1#chr11:123806297-123806315(+)	21	1	22	22	95.5%	chr11	+	123806296	123806318	22
OR6M1#chr11:123806297-123806315(+)	20	1	21	22	90.9%	chr1	-	201500878	201500899	21
OR6M1#chr11:123806341-123806359(-)	21	1	22	22	95.5%	chr11	-	123806337	123806359	22
OR6M1#chr11:123806344-123806362(+)	21	1	22	22	95.5%	chr11	+	123806343	123806365	22
OR6M1#chr11:123806348-123806366(-)	21	1	22	22	95.5%	chr11	-	123806344	123806366	22
OR6M1#chr11:123806377-123806395(+)	20	1	21	22	90.9%	chr9	+	115702959	115702980	21
OR6M1#chr11:123806377-123806395(+)	21	1	22	22	95.5%	chr11	+	123806376	123806398	22
OR6P1#chr1:158563306-158563324(+)	21	1	22	22	95.5%	chr1	+	158563305	158563327	22
OR6P1#chr1:158563324-158563342(+)	21	1	22	22	95.5%	chr1	+	158563323	158563345	22
OR6P1#chr1:158563354-158563372(+)	21	1	22	22	95.5%	chr1	+	158563353	158563375	22
OR6P1#chr1:158563561-158563579(-)	21	1	22	22	95.5%	chr1	-	158563557	158563579	22
OR6P1#chr1:158563565-158563583(-)	21	1	22	22	95.5%	chr1	-	158563561	158563583	22
OR6P1#chr1:158563591-158563609(-)	21	1	22	22	95.5%	chr1	-	158563587	158563609	22
OR7A10-1	21	1	22	22	95.5%	chr19	-	14841804	14841826	22
OR7A10-1	20	1	21	22	90.9%	chr19	-	14904101	14904122	21
OR7A10-1	20	1	21	22	90.9%	chr19	-	14892732	14892753	21
OR7A10-2	21	1	22	22	95.5%	chr19	-	14841522	14841544	22
OR7A10-3	19	1	19	22	86.4%	chr2	+	220536303	220536322	19
OR7A10-3	21	1	22	22	95.5%	chr19	-	14841831	14841853	22
OR7A10-3	19	2	21	22	86.4%	chr12	-	71062265	71062285	20
OR7A10-4	21	1	22	22	95.5%	chr19	-	14841546	14841568	22
OR7A10-5	21	1	22	22	95.5%	chr19	-	14841551	14841573	22
OR7A10-6	21	1	22	22	95.5%	chr19	+	14841656	14841678	22
OR8A1#chr11:124570013-124570031(-)	21	1	22	22	95.5%	chr11	-	124570009	124570031	22
OR8A1#chr11:124570015-124570033(+)	21	1	22	22	95.5%	chr11	+	124570014	124570036	22
OR8A1#chr11:124570033-124570051(-)	21	1	22	22	95.5%	chr11	-	124570029	124570051	22
OR8A1#chr11:124570051-124570069(-)	21	1	22	22	95.5%	chr11	-	124570047	124570069	22
OR8A1#chr11:124570207-124570225(+)	21	1	22	22	95.5%	chr11	+	124570206	124570228	22
OR8A1#chr11:124570215-124570233(-)	21	1	22	22	95.5%	chr11	-	124570211	124570233	22
OR8B3-1	21	1	22	22	95.5%	chr11	-	124397251	124397273	22
OR8B3-1	20	1	21	22	90.9%	chr11	-	124383244	124383265	21
OR8B3-2	21	1	22	22	95.5%	chr11	-	124397063	124397085	22
OR8B3-3	21	1	22	22	95.5%	chr11	+	124397269	124397291	22
OR8B3-3	20	1	22	22	90.9%	chr11	+	124383261	124383283	22
OR8B3-4	21	1	22	22	95.5%	chr11	+	124397217	124397239	22
OR8B3-4	21	1	22	22	95.5%	chr11	+	124383209	124383231	22
OR8B3-5	21	1	22	22	95.5%	chr11	+	124397351	124397373	22
OR8B3-5	21	1	22	22	95.5%	chr11	+	124383343	124383365	22
OR8B3-6	21	1	22	22	95.5%	chr11	-	124397229	124397251	22
OR8B3-6	21	1	22	22	95.5%	chr11	-	124383221	124383243	22
OR8B4#chr11:124424460-124424478(-)	21	1	22	22	95.5%	chr11	-	124424456	124424478	22
OR8B4#chr11:124424470-124424488(+)	21	1	22	22	95.5%	chr11	+	124424469	124424491	22
OR8B4#chr11:124424618-124424636(+)	21	1	22	22	95.5%	chr11	+	124424617	124424639	22
OR8B4#chr11:124424757-124424775(-)	21	1	22	22	95.5%	chr11	-	124424753	124424775	22
OR8B4#chr11:124424812-124424830(+)	21	1	22	22	95.5%	chr11	+	124424811	124424833	22
OR8B4#chr11:124424874-124424892(+)	21	1	22	22	95.5%	chr11	+	124424873	124424895	22
OR8B8#chr11:124440925-124440943(+)	21	1	22	22	95.5%	chr11	+	124440924	124440946	22
OR8B8#chr11:124441045-124441063(+)	21	1	22	22	95.5%	chr11	+	124441044	124441066	22
OR8B8#chr11:124441048-124441066(+)	21	1	22	22	95.5%	chr11	+	124441047	124441069	22
OR8B8#chr11:124441085-124441103(-)	21	1	22	22	95.5%	chr11	-	124441081	124441103	22
OR8B8#chr11:124441088-124441106(+)	21	1	22	22	95.5%	chr11	+	124441087	124441109	22
OR8B8#chr11:124441095-124441113(+)	21	1	22	22	95.5%	chr11	+	124441094	124441116	22
OR8G5#chr11:124264825-124264843(+)	21	1	22	22	95.5%	chr11	+	124264824	124264846	22
OR8G5#chr11:124264859-124264877(-)	21	1	22	22	95.5%	chr11	-	124264855	124264877	22
OR8G5#chr11:124264914-124264932(-)	21	1	22	22	95.5%	chr11	-	124264910	124264932	22
OR8G5#chr11:124264949-124264967(-)	21	1	22	22	95.5%	chr11	-	124264945	124264967	22
OR8G5#chr11:124264953-124264971(+)	21	1	22	22	95.5%	chr11	+	124264952	124264974	22
OR8G5#chr11:124264958-124264976(+)	21	1	22	22	95.5%	chr11	+	124264957	124264979	22
OR8H1#chr11:56290602-56290620(+)	21	1	22	22	95.5%	chr11	+	56290601	56290623	22
OR8H1#chr11:56290648-56290666(+)	21	1	22	22	95.5%	chr11	+	56290647	56290669	22
OR8H1#chr11:56290648-56290666(+)	20	1	21	22	90.9%	chr11	-	56105439	56105460	21
OR8H1#chr11:56290660-56290678(+)	21	1	22	22	95.5%	chr11	+	56290659	56290681	22
OR8H1#chr11:56290964-56290982(+)	21	1	22	22	95.5%	chr11	+	56290963	56290985	22
OR8H1#chr11:56290973-56290991(+)	21	1	22	22	95.5%	chr11	+	56290972	56290994	22
OR8H1#chr11:56291061-56291079(-)	21	1	22	22	95.5%	chr11	-	56291057	56291079	22
OR8H3-1	21	1	22	22	95.5%	chr11	-	56122780	56122802	22
OR8H3-1	20	1	21	22	90.9%	chr11	-	56105451	56105472	21
OR8H3-2	21	1	22	22	95.5%	chr11	-	56122470	56122492	22
OR8H3-3	21	1	22	22	95.5%	chr11	+	56122637	56122659	22
OR8H3-4	21	1	22	22	95.5%	chr11	+	56122767	56122789	22
OR8H3-4	20	1	22	22	90.9%	chr11	+	56105437	56105459	22
OR8H3-5	21	1	22	22	95.5%	chr11	+	56122358	56122380	22
OR8H3-5	21	1	22	22	95.5%	chr11	+	56105028	56105050	22
OR8H3-6	21	1	22	22	95.5%	chr11	+	56122420	56122442	22
OR8H3-6	19	2	21	22	86.4%	chr4	-	152778164	152778184	20
OR8H3-6	20	1	21	22	90.9%	chr2	-	8501231	8501252	21
OR8K1#chr11:56345948-56345966(-)	21	1	22	22	95.5%	chr11	-	56345944	56345966	22
OR8K1#chr11:56346060-56346078(+)	21	1	22	22	95.5%	chr11	+	56346059	56346081	22
OR8K1#chr11:56346121-56346139(+)	21	1	22	22	95.5%	chr11	+	56346120	56346142	22
OR8K1#chr11:56346135-56346153(-)	21	1	22	22	95.5%	chr11	-	56346131	56346153	22
OR8K1#chr11:56346152-56346170(-)	21	1	22	22	95.5%	chr11	-	56346148	56346170	22
OR8K1#chr11:56346166-56346184(+)	21	1	22	22	95.5%	chr11	+	56346165	56346187	22
OR8U8#chr11:56375606-56375624(+)	21	1	22	22	95.5%	chr11	+	56375605	56375627	22
OR8U8#chr11:56375627-56375645(+)	21	1	22	22	95.5%	chr11	+	56375626	56375648	22
OR8U8#chr11:56375674-56375692(-)	21	1	22	22	95.5%	chr11	-	56375670	56375692	22
OR8U8#chr11:56375683-56375701(-)	21	1	22	22	95.5%	chr11	-	56375679	56375701	22
OR8U8#chr11:56375720-56375738(+)	21	1	22	22	95.5%	chr11	+	56375719	56375741	22
OR8U8#chr11:56375907-56375925(+)	21	1	22	22	95.5%	chr11	+	56375906	56375928	22
OR9A2#chr7:143027064-143027082(+)	21	1	22	22	95.5%	chr7	+	143027063	143027085	22
OR9A2#chr7:143027076-143027094(+)	21	1	22	22	95.5%	chr7	+	143027075	143027097	22
OR9A2#chr7:143027079-143027097(+)	21	1	22	22	95.5%	chr7	+	143027078	143027100	22
OR9A2#chr7:143027089-143027107(+)	21	1	22	22	95.5%	chr7	+	143027088	143027110	22
OR9A2#chr7:143027141-143027159(-)	21	1	22	22	95.5%	chr7	-	143027137	143027159	22
OR9A2#chr7:143027198-143027216(+)	21	1	22	22	95.5%	chr7	+	143027197	143027219	22
OR9I1#chr11:58118981-58118999(+)	21	1	22	22	95.5%	chr11	+	58118980	58119002	22
OR9I1#chr11:58119039-58119057(+)	21	1	22	22	95.5%	chr11	+	58119038	58119060	22
OR9I1#chr11:58119191-58119209(+)	21	1	22	22	95.5%	chr11	+	58119190	58119212	22
OR9I1#chr11:58119364-58119382(+)	21	1	22	22	95.5%	chr11	+	58119363	58119385	22
OR9I1#chr11:58119401-58119419(-)	21	1	22	22	95.5%	chr11	-	58119397	58119419	22
OR9I1#chr11:58119404-58119422(+)	21	1	22	22	95.5%	chr11	+	58119403	58119425	22
OR9K2#chr12:55129678-55129696(+)	21	1	22	22	95.5%	chr12	+	55129677	55129699	22
OR9K2#chr12:55129753-55129771(-)	21	1	22	22	95.5%	chr12	-	55129749	55129771	22
OR9K2#chr12:55129818-55129836(-)	21	1	22	22	95.5%	chr12	-	55129814	55129836	22
OR9K2#chr12:55129906-55129924(-)	21	1	22	22	95.5%	chr12	-	55129902	55129924	22
OR9K2#chr12:55129954-55129972(+)	21	1	22	22	95.5%	chr12	+	55129953	55129975	22
OR9K2#chr12:55130160-55130178(-)	21	1	22	22	95.5%	chr12	-	55130156	55130178	22
OR9Q1#chr11:58023897-58023915(+)	21	1	22	22	95.5%	chr11	+	58023896	58023918	22
OR9Q1#chr11:58023920-58023938(+)	19	1	19	22	86.4%	chr19	+	3829963	3829982	19
OR9Q1#chr11:58023920-58023938(+)	21	1	22	22	95.5%	chr11	+	58023919	58023941	22
OR9Q1#chr11:58023920-58023938(+)	20	1	22	22	90.9%	chr1	+	22314847	22314869	22
OR9Q1#chr11:58023930-58023948(+)	21	1	22	22	95.5%	chr11	+	58023929	58023951	22
OR9Q1#chr11:58024084-58024102(+)	21	1	22	22	95.5%	chr11	+	58024083	58024105	22
OR9Q1#chr11:58024089-58024107(+)	21	1	22	22	95.5%	chr11	+	58024088	58024110	22
OR9Q1#chr11:58024262-58024280(+)	21	1	22	22	95.5%	chr11	+	58024261	58024283	22
ORAI1#chr12:121626500-121626518(+)	21	1	22	22	95.5%	chr12	+	121626499	121626521	22
ORAI1#chr12:121626540-121626558(+)	21	1	22	22	95.5%	chr12	+	121626539	121626561	22
ORAI1#chr12:121626554-121626572(-)	21	1	22	22	95.5%	chr12	-	121626550	121626572	22
ORAI1#chr12:121626557-121626575(-)	21	1	22	22	95.5%	chr12	-	121626553	121626575	22
ORAI1#chr12:121626580-121626598(-)	21	1	22	22	95.5%	chr12	-	121626576	121626598	22
ORAI1#chr12:121626783-121626801(+)	21	1	22	22	95.5%	chr12	+	121626782	121626804	22
